:020000040800F2
:10000000905001209D01000891510008652C0008C6
:100010008D510008711000080962000800000000FE
:1000200000000000000000000000000099510008DE
:10003000FD10000800000000955100089D510008C7
:10004000B7010008B7010008B7010008B7010008B0
:10005000B7010008B7010008B7010008B7010008A0
:10006000B7010008B7010008B7010008B701000890
:10007000B7010008B7010008B7010008B701000880
:10008000B7010008B7010008B7010008B701000870
:10009000B7010008B7010008B7010008B701000860
:1000A000B7010008B70100086D520008615200084E
:1000B000B7010008B7010008B7010008B701000840
:1000C000B7010008B7010008B7010008B701000830
:1000D000B7010008B7010008B7010008B701000820
:1000E000B7010008B7010008B7010008B701000810
:1000F000B7010008B7010008B7010008B701000800
:10010000B7010008B7010008B7010008B7010008EF
:10011000B7010008B7010008B7010008B7010008DF
:10012000B7010008B7010008B7010008B7010008CF
:10013000B7010008B7010008B7010008B7010008BF
:10014000B7010008B7010008B7010008B7010008AF
:1001500075100008B7010008B7010008FD6100082C
:10016000B7010008B7010008B7010008B70100088F
:10017000B7010008B7010008B7010008000000003F
:10018000B7010008B7010008DFF80CD000F0D2FA80
:1001900000480047E97E000890500120064880474B
:1001A00006480047FEE7FEE7FEE7FEE7FEE7FEE75C
:1001B000FEE7FEE7FEE7FEE74D5200088901000872
:1001C0002DE9F05F0546002092469B46884606468C
:1001D000814640241BE0284641464746224600F01F
:1001E000F9F953465A46C01A914110D311461846A0
:1001F000224600F0E0F92D1A67EB01084F4622462F
:100200000120002100F0D7F917EB00094E41201E14
:10021000A4F10104DFDC484631462A464346BDE8E6
:10022000F09FD2B201E000F8012B491EFBD27047CB
:100230000022F6E710B513460A4604461946FFF7B2
:10024000F0FF204610BD421C10F8011B0029FBD115
:10025000801A70472DE9FE4F804681EA0300C00FE7
:100260000C46009021F0004123F00045B8EB02005D
:10027000A94105D24046214690461C460B460246FF
:1002800023F00040104347D0270DC7F30A00C3F303
:100290000A510290401A019040286BDAC3F3130010
:1002A00040F4801B0098924620B10023D2EB030A51
:1002B00063EB0B0B01985946C0F14002504600F029
:1002C0007AF906460D4650465946019A00F092F9D1
:1002D00010EB08006141002487EA115284EAE773B9
:1002E0001A4340D0009A62B3019A012A4FEA07529A
:1002F00015DC001B61EB02014FF0004202EA0752DD
:10030000CDE90042001C41F5801132462B4600F039
:1003100092F903B0BDE8F08F40462146F9E7001B93
:1003200061EB0201001C41F5801300185B412018AD
:10033000A2F5001747EB030140EAD570B6196D41ED
:1003400011E06D084FEA360645EAC0754FEA0752DC
:10035000001B61EB0201001C41F5801149084FEAC6
:1003600030000019514132462B4603B0BDE8F04F32
:1003700000F052B90098012240000023D0EB0202A5
:1003800063EBE073009821464FEAE074B8EB00009D
:1003900061EB0401E9E783F000435BE781F0004192
:1003A00058E72DE9FE4F81EA030404F0004421F0F0
:1003B000004100944FF0000B23F0004350EA010489
:1003C0005ED052EA03045BD0C3F30A54C1F30A556A
:1003D0002C44A4F2F3340194A0FB0254C1F31301A2
:1003E00041F48011C3F3130343F4801301FB02446F
:1003F00000FB034E840A970A44EA815447EA835774
:10040000A4FB076802958D0A05FB07854FEA932C2C
:1004100004FB0C542705029D4FEA065847EA16379D
:10042000B5EB08056EEB070C870E920E47EA8117B5
:1004300042EA8312A7FB0201B6EB0B0164EB000456
:100440002B0D43EA0C335E1844EB1C50DA46514640
:10045000E7FB0201C5F313044FEA0B3343EA1453DD
:100460004FEA0432019C43EA0603A4F10C0402940F
:10047000009CCDE900B400F0DEF803B0BDE8F08FD9
:1004800000200146F9E72DE9F04D81EA030404F06C
:10049000004B21F0004514464FF0000A23F00041C4
:1004A00050EA050220D054EA01021DD0C5F30A57D4
:1004B0000246C5F31303C1F31300C1F30A5640F417
:1004C000801543F48013A7EB0608101BD64608F2EC
:1004D000FD3873EB050002D308F1010801E0921822
:1004E0005B41B8F1000F03DA00200146BDE8F08D52
:1004F00000204FF48011064684460EE0171B73EB74
:10050000050705D3121B63EB050306434CEA010CF8
:1005100049084FEA300092185B4150EA0107EDD1DB
:1005200052EA030012D082EA040083EA050108437C
:1005300005D0101BAB4106D20122002306E00022A9
:100540004FF0004302E06FF0010253101AEB060077
:100550004CEB085110EB0A0041EB0B01BDE8F04DEC
:1005600000F05AB800F0004230F000400AD0C10D4F
:1005700001F56071C0F3160042EA0151C20840075C
:100580001143704700200146704730B50B460146C5
:1005900000202022012409E021FA02F59D4205D322
:1005A00003FA02F5491B04FA02F52844151EA2F1CC
:1005B0000102F1DC30BD202A04DB203A00FA02F10E
:1005C000002070479140C2F1200320FA03F3194341
:1005D00090407047202A04DB203A21FA02F00021E3
:1005E000704721FA02F3D040C2F120029140084343
:1005F00019467047202A06DBCB17203A41FA02F051
:1006000043EAE07306E041FA02F3D040C2F120026F
:10061000914008431946704710B5141E73F1000449
:1006200008DA401C41F1000192185B411A4301D1E4
:1006300020F0010010BD2DE9F04D92469B4611B10E
:10064000B1FA81F202E0B0FA80F220329046FFF770
:10065000B2FF04460F4640EA0A0041EA0B01534646
:100660005A46084313D0114653EA010019D0C8F185
:1006700040025046FFF7AEFF05460E46504659462B
:100680004246FFF798FF084305D0012004E02046CA
:100690003946BDE8F08D0020054346EAE0762C435C
:1006A00037430A986305E40AA0EB08000022FD0A1C
:1006B00044EA47540A3002D500200146E9E7010523
:1006C00010196941DDE9084500196941BDE8F04D9F
:1006D000A2E7C1F30A52C1F3130140F2FF3341F420
:1006E00080119A4202DA00200146704740F23343FB
:1006F0009A42A2F2334202DC5242FFF76BBFFFF78D
:100700005ABF000030B5041E71F1000404DB4FF045
:100710000044404264EB0101141E73F1000405DB48
:100720001C464FF00043524263EB0403994208BF5A
:10073000904230BD1CB5094800900948019005461B
:10074000009C06E0E06840F0010394E80700984749
:100750001034AC42F6D3FFF71BFD0000FCCB0108C0
:100760001CCC010840F22000C2F200000021017000
:100770007047000040F22000C2F20000007870478D
:10078000B0B582B046F20445C4F20205D5F8841033
:10079000D5F88820D5F88C300DA007F003FC002098
:1007A000C4F201000168C2680369446C13A000949C
:1007B00007F0F8FB40F22000C2F2000029684278FE
:1007C00003781CA002B0BDE8B04007F0EBBB00BF4F
:1007D000444D412020533543523D30782530386C0C
:1007E00058204E4454523D256C75205041523D30A6
:1007F000782530386C580D0A0000000054494D31FE
:10080000204352313D30782530386C5820444945DA
:10081000523D30782530386C582053523D30782581
:1008200030386C5820424454523D30782530386C72
:10083000580D0A00444D412020484953523D30781C
:100840002530386C58206572723D256420726561D0
:1008500064793D25640D0A0010B582B0002043F68E
:1008600030010190C4F202010A684EF64C1442F4C1
:1008700080020A600968C2F2000401F4800101915B
:10088000019946F28841C4F202014FF040624FF4F0
:100890008063C4E9001204F110014FF4006C4FF4BE
:1008A000005E81E808504FF440310122C4E90200A3
:1008B000E061C4E90810C4E90A202063204600F082
:1008C0007DFC4EF6AC10C2F200000462A06344202E
:1008D0000121002200F08AFE442002B0BDE8104051
:1008E00000F072BE28A151F820100020C4F20100CF
:1008F000026822F001020260426C22F4004242646B
:10090000C26822F48072C2600122C1624261002288
:1009100002618369013123F07803836183694908A7
:1009200043F0640383614163016A41F001010162A4
:1009300040F22001C2F200010A704A7046F288417A
:10094000C4F202014FF4746241F87C2C41F21002AF
:10095000C4F202028A6040F24C52C2F20002CA6043
:100960004FF480524A600A6842F015020A60C1687A
:1009700041F48071C160016841F001010160416C86
:1009800041F40041416470474703000053000000F8
:100990001000000040F27800C2F20000C0787047FA
:1009A00080B504F0F3FF4CF63A40C0F60000012198
:1009B00004F000FD4CF63340C0F60000002104F0C6
:1009C000F9FC4CF62540C0F60000012104F0F2FCD1
:1009D0004CF62C40C0F60000002104F0EBFC04F0C3
:1009E00023FD02A0BDE8804005F042B8E5B0B1E7C4
:1009F000BBAA207C20E8AFB7E68C895BE5BC80E52C
:100A0000A78BE6B58BE9878F5D000000704700007B
:100A100040F27801C2F20001087800284FF000008F
:100A20001CBF0870012070472DE9F04F81B02DEDFB
:100A3000028B86B0002800F0E082994690468346FB
:100A40008A4605F065F840F27804C2F20004A07806
:100A5000B8F1000F18BFBAF1000F15D1002800F04F
:100A6000CC829BF80C20002A00F0AF82042A02F00E
:100A7000030023D29FED010A002351E00000000093
:100A8000286B6ECE286B6E4E0028E7D14FEA4800E7
:100A900008F040F9002800F0B082B8F1040F08F027
:100AA000030C73D21FED0A0A1FED0A1A0021A64695
:100AB000BCF1000F40F0BF80F5E000BF1FED110A50
:100AC00002F0FC01ABF11007002300BF97ED0B1AF9
:100AD00097ED0C2A97ED0D3AB4EE401A97ED0E4AB9
:100AE000F1EE10FAC8BFB0EE410AB4EE402AF1EEC2
:100AF00010FAC8BFB0EE420AB4EE403AF1EE10FA76
:100B0000C8BFB0EE430AB4EE404AF1EE10FA03F16A
:100B10000403C8BFB0EE440A994207F11007D5D1CB
:100B20000BF11C0100B301EB830393ED001AB4EE4B
:100B3000401AF1EE10FAC8BFB0EE410A012813D0F6
:100B400093ED011AB4EE401AF1EE10FAC8BFB0EE00
:100B5000410A022808D093ED021AB4EE401AF1EED1
:100B600010FAC8BFB0EE410AB7EE001AB4EE410A5F
:100B7000F1EE10FAB8BFB0EE410A002A00F025826B
:100B8000042A80F09B810023E2E100BF28F00301EA
:100B90001FED450A1FED451AAAF110034942002234
:100BA00093ED042A93ED053AB4EE402AF1EE10FAE3
:100BB000B4EE412A93ED064A93ED075AC8BFB0EE52
:100BC000420AF1EE10FAB4EE403AB8BFB0EE421A63
:100BD000F1EE10FAB4EE413AC8BFB0EE430AF1EEBE
:100BE00010FAB4EE404AB8BFB0EE431AF1EE10FA74
:100BF000B4EE414AC8BFB0EE440AF1EE10FAB4EECA
:100C0000405AB8BFB0EE441AF1EE10FAB4EE415AB1
:100C1000C8BFB0EE450AF1EE10FAA2F1040203F1EA
:100C20001003B8BFB0EE451A9142B9D15142A64661
:100C3000BCF1000F37D00AEB810191ED002AB4EE30
:100C4000402AF1EE10FAB4EE412AC8BFB0EE420AD3
:100C5000F1EE10FAB8BFB0EE421ABCF1010F22D08B
:100C600091ED012AB4EE402AF1EE10FAB4EE412AD9
:100C7000C8BFB0EE420AF1EE10FAB8BFB0EE421AA9
:100C8000BCF1020F0FD091ED022AB4EE402AF1EE32
:100C900010FAB4EE412AC8BFB0EE420AF1EE10FAE3
:100CA000B8BFB0EE421A30EE410AB7EE002A9FED0F
:100CB000E33AB4EE420AF1EE10FAB8BFB0EE420ADF
:100CC00020EE032A32EE023A33EE000AB8F1040FA6
:100CD00032EE411A02D2002255E000BF9FEDCC2A2D
:100CE00028F00303AAF11007811E00224FF4E676D4
:100CF00097ED043A97ED054A31EE033A83EE003A58
:100D000031EE044A97ED065A84EE004A97ED076AE1
:100D100031EE055A85EE005A00EB420504321037D9
:100D200023EE023ABDEEC33A13EE104A31EE063A14
:100D300083EE003A24EE024AB4F5E67F28BF34463B
:100D4000BDEEC44A4C8014EE104A25EE024AB4F5BA
:100D5000E67F28BF3446BDEEC44A6C8014EE104ACC
:100D6000B4F5E67F23EE023ABDEEC33A28BF34461F
:100D7000AC8013EE105AB5F5E67F28BF354621F852
:100D8000085F9342B4D1BCF1000F48D00AEB820156
:100D900091ED002A4FF4E67131EE022A82EE003A1C
:100DA0009FED9B2A23EE023ABDEEC33A13EE103AB2
:100DB000B3F5E67F28BF0B46BCF1010F20F81230D7
:100DC0002DD0531C0AEB830797ED003A31EE033A1E
:100DD00083EE003A23EE023ABDEEC33A13EE107AE8
:100DE000B7F5E67F38BF3946BCF1020F20F8131083
:100DF00015D0911C0AEB810292ED003A31EE031AF4
:100E000081EE000A20EE020ABDEEC00A10EE102AA2
:100E1000B2F5E67F28BF4FF4E67220F811209BED73
:100E2000020A01EE109AB8EE411A81EE001AB5EEF0
:100E3000400A4FEA5801F1EE10FA0646BDEEC11A1B
:100E400011EE102AD8BF0A46B9F1000F08BF0A46B2
:100E5000511E89B241459EF8031028BF4246002921
:100E600018BF02EB420291B2414538BF8846414665
:100E700004F028FC304607F025FFDBF80800DBE92A
:100E80000054FFF76FFB9FED600B53EC102BFFF747
:100E9000FAFA064628460F46FFF764FB41EC180BAA
:100EA0002046FFF75FFB41EC100B8DED008B64A03B
:100EB00032463B468DED020B9DE000BF0DF1120363
:100EC000A3F108076FF00C039FED511A9FED512A13
:100ED00003EA8206002500230BEB050494ED073A94
:100EE00094ED084A83EE003A84EE004A94ED095AE4
:100EF00094ED0A6A85EE005A86EE006A1035AE421D
:100F000003F1040323EE013A23EE023ABDEEC33AA5
:100F100013EE104A24EE013A23EE023ABDEEC33A34
:100F200027F8084F13EE104A25EE013A23EE023A55
:100F3000BDEEC33A7C8013EE104A26EE013A23EE52
:100F4000023ABDEEC33ABC8013EE104AFC80C3D116
:100F5000D8B301EB830797ED001A9FED2E2A81EE9F
:100F6000003A9FED2B1A0DF11207012823EE013AEA
:100F700023EE023ABDEEC33A13EE106A27F813606F
:100F800023D05E1C01EB860595ED003A022883EE26
:100F9000003A23EE013A23EE023ABDEEC33A13EED5
:100FA000105A27F8165010D0981C01EB800191EDD3
:100FB000003A83EE000A20EE010A20EE020ABDEE9E
:100FC000C00A10EE101A27F810100BF110000DF1E6
:100FD000120104F05DFADBF80800FFF7C3FA9FED99
:100FE0000A0B53EC102BFFF74EFA9BF80C700246DD
:100FF00009A00B46009704F03BFD06B0BDEC028B48
:1010000001B0BDE8F08F00BF0000000000408F403D
:101010000000E643CDCC4C3FE9A291E8B0B1207C82
:1010200020663D252E31666B487A207C20E8B09002
:10103000E6B3A2E695B03D2564000000CDCCCC3DE2
:10104000E6B3A2E5BDA2207C20663D252E31666B6D
:10105000487A207C205670703D252E31666D5620D2
:101060007C2056726D733D252E31666D5600000052
:10107000FEE7000046F28842C4F2020252F8843CC5
:10108000002040F2200CC4F201001905C2F2000C4D
:1010900018D54FF4006142F87C1C116821F0110151
:1010A000116000215160C16821F48071C160016844
:1010B00021F001010160416C21F4004141640121F2
:1010C0008CF80010990558BF70474FF4007142F832
:1010D0007C1C116821F005011160C16821F4807148
:1010E000C160016821F001010160416C21F40041FF
:1010F000416401208CF80100704700007047000037
:1011000072B600BFFEE7000070B5866D044600F0C1
:10111000EBF994F83510022928D105462068216C96
:10112000026822F016020260426922F080024261E7
:1011300009B9A16C19B1016821F0080101600168C9
:1011400021F00101016000BF20680068C00715D0D0
:1011500000F0CAF9401B0628F6D320206065032062
:1011600084F83500002184F8341070BD802060655B
:101170000120002184F8341070BD00BFE06D3F21D4
:1011800001FA00F0B060012084F835000020002151
:1011900084F8341070BD000090F83510022909D190
:1011A000052180F835100068016821F00101016017
:1011B0000020704780214165012070472DE9F041F2
:1011C000044600F091F9ECB10546022084F83500A0
:1011D0000020216884F83400086820F001000860CD
:1011E00021680868C00711D000F07EF9401B05286F
:1011F000F6D9032520230320636584F83550BDE824
:10120000F08100BF0120BDE8F08100BF086848F20E
:101210003F02CFF21002D4E9013500EA020C04F1DA
:101220000C0898E8C10143EA0C032B431843D4E9A6
:10123000072E304338431043626A40EA0E00042A06
:1012400040EA08031CD1206BD4E90A2E40EA0E00C4
:10125000184308604869BEF1000F20F0030040EA1F
:10126000020040F0040C11D0B8F5005F36D0B8F1A0
:10127000000F45D1022A46D0012A3BD032B942E0C4
:101280000B60486920F0070040EA020C01F0F8000A
:101290004AF6AB221038CAF6AA22A0FB02231A098A
:1012A0004CF2C033C1F814C0C0F600039A5C40F29F
:1012B000FF335F284FF03F0021EA030100FA02F0FC
:1012C00088BF0431C4E9161288600023012500207C
:1012D000636584F83550BDE8F08100BF032AD5D896
:1012E000012540230120DFE802F0030E030500BFC3
:1012F00082E700BFAEF1C070B0FA80F0400904E0B0
:10130000032A04D3C2D1CEF300600028BED0012549
:1013100040230120636584F83550BDE8F08100006A
:10132000B0B5044600F0E0F8054640F21000C2F205
:1013300000000078611C18BF044400BF00F0D4F81E
:10134000401BA042FAD3B0BD2DE9F04F83B000F1AD
:10135000200200F13E4741F60045009207F1FF7779
:10136000C4F2020508224FEAB726A84208BF0722A6
:1013700000254FF000084FF00009072E38BF4FEA54
:10138000B72201920AE000BF09F1010908F1020841
:10139000B9F1100F05F1040500F0A2800F680122D9
:1013A00002FA09FE17EA0E0AEED0D1F804C00322B1
:1013B0000CF003077E1E02FA08F4012E6FEA040BFC
:1013C00012D88468CE6804EA0B0406FA08F634439F
:1013D0008460446824EA0E06CCF3001404FA09F48D
:1013E0002643466004E000BF032F01D103271EE01F
:1013F000C6688C6806EA0B0604FA08F42643022F36
:10140000C66014D16FF00302009E02EA590756F835
:1014100007C005F01C040F220B69A2402CEA02024F
:10142000A3401A43F251D1F804C00CF0030702683C
:1014300007FA08F302EA0B021A431CF4403F026069
:10144000A2D0002243F644030292C4F202031A68B7
:1014500043F6004442F480421A601A68C4F2010460
:1014600002F480420292029A29F003024FF6084CDD
:101470002244CFF6FF7C52F80C3005F00C070F2603
:10148000BE40B343019E06FA07F73B4342F80C30D7
:10149000A2684B6842EA0A0743F60C4CDE0258BFCA
:1014A00022EA0A07A760C4F2010CDCF800209E02C1
:1014B00042EA0A0758BF22EA0A07CCF800706268BD
:1014C0009E0342EA0A0758BF22EA0A0767602268B9
:1014D000DB0342EA0A0758BF22EA0A07276053E7FC
:1014E00003B0BDE8F08F000044F68820C2F201008E
:1014F0000068704740F2100044F68821C2F20000F4
:10150000C2F2010100780A681044086070470000C8
:1015100080B543F60040C4F20200016841F4007156
:101520000160016841F480610160016841F48071EB
:101530000160032000F086F80F2000F005F800F0AD
:1015400027F8002080BD000070B540F21006C2F2FE
:10155000000640F218013278C2F200014FF47A73AB
:101560000968B3FBF2F20446B1FBF2F1084600F061
:101570005FFB0F2C4FF0010508D838B94FF0FF3052
:1015800021460022002500F031F87460284670BD25
:1015900082B0002043F640010190C4F202014A6883
:1015A00042F480424A604A6802F480420192019A01
:1015B0000090086840F080500860086800F0805093
:1015C0000090009802B07047002848BF704700F0B4
:1015D0001F01012202FA01F11C2202EAD0004EF2A0
:1015E0000012CEF2000281507047000010B54EF696
:1015F0000C5CCEF2000CDCF80030C3F3022E8EF04F
:101600000704042C28BF0424BEF103034FF0FF3E5F
:101610000EFA04F438BF0023A14399400EFA03F3F5
:101620009A43114300F00F0200F160430901043AAC
:1016300003F564436244002848BF02F10C031970AB
:1016400010BD00004EF60C51CEF200010A684FF6B4
:10165000FF031A4060F30A2242F0806040F0FD7000
:1016600008607047002804BF012070472DE9F04151
:1016700043F60808C4F202080446D8F8F8030D46F9
:1016800000F00700884207D288F8F853D8F8F8032A
:1016900000F00700A84277D12068810717D54107DD
:1016A00005D5D8F8001041F4E051C8F80010010742
:1016B00005D5D8F8001041F46041C8F80010D8F8FA
:1016C0000010A26821F0F0011143C8F80010C00713
:1016D00040D1D8F8F80300F00700A84207D988F8ED
:1016E000F853D8F8F80300F00700A8424CD120685E
:1016F000410707D5D8F80010E26821F4E051114302
:10170000C8F80010000708D5D8F80000216920F4B7
:10171000604040EAC100C8F8000000F07DF8D8F849
:10172000001048F6CA52C1F30311C0F60002515C22
:1017300040F2180220FA01F140F21400C2F2000057
:101740000068C2F200021160FFF7FEFE0020BDE853
:10175000F08100BF6068811E022907D258F8081C7A
:1017600089015CBF0120BDE8F08111E0012807D1AB
:1017700058F8081C89035CBF0120BDE8F08107E030
:1017800058F8081C890703D40120BDE8F08100BF88
:10179000D8F8001021F003010843C8F80000FFF753
:1017A000A3FE064641F28837D8F80000616800F0D1
:1017B0000C00B0EB810F8CD0FFF796FE801BB84277
:1017C000F2D90320BDE8F08140F2180043F6080189
:1017D000C2F20000C4F202010068096848F6DA5259
:1017E000C1F38221C0F60002515CC840704700007E
:1017F00040F2180043F60801C2F20000C4F20201F0
:101800000068096848F6DA52C1F34231C0F60002B6
:10181000515CC8407047000010B543F60404C4F2A0
:101820000204606800F00C0008280BD0042819BFDF
:1018300042F20040C0F2F40047F64000C0F27D10D2
:1018400010BD00BF206821682368490247F64001A7
:10185000C0F27D1100F03F02C3F388105CBF42F27A
:101860000041C0F2F401A1FB00010023FEF7A8FC37
:1018700021680222C1F3014102EB4101B0FBF1F00A
:1018800010BD0000002804BF012070472DE9F04181
:1018900082B00446007843F60006C007C4F2020690
:1018A0000CD0B06800F00C00042840F08180306853
:1018B000800303D56068002800F0688120788007E5
:1018C0001BD5B06810F00C0F09D0B06800F00C0008
:1018D000082840F087807068400200F183803068FB
:1018E000800703D5E068012840F050813068216905
:1018F00020F0F80040EAC10030602078000713D4DF
:10190000207840072AD4A569002D00F03A81B068FC
:1019100000F00C00082840F0A580012D40F00E8159
:10192000012002B0BDE8F0816069002800F08280EB
:101930000020C4F247200121C0F8801EFFF7D4FD2B
:10194000054600BF706F8007DAD4FFF7CDFD401B5E
:101950000228F7D9032002B0BDE8F081306C5FEABD
:10196000C0080AD400200190306C40F080503064F0
:10197000306C00F080500190019847F20007C4F2EB
:1019800000073868C00547D4386840F48070386074
:10199000FFF7AAFD054600BF3868C0053CD4FFF735
:1019A000A3FD401B0228F7D9032002B0BDE8F08157
:1019B000B06800F00C00082803D1706840023FF5C1
:1019C00076AF61683068B1F5803F07D0B1F5A02FE0
:1019D00040F09A8040F480203060306840F48030DD
:1019E00030609AE0E068002840F20000C4F247202E
:1019F0005CD001210160FFF777FD05463068800764
:101A00003FF574AFFFF770FD401B0228F6D90320A5
:101A100002B0BDE8F08100BFA168306F012905D098
:101A2000052955D140F004003067306F40F00100C7
:101A3000306756E00020C4F247200021C0F8801E25
:101A4000FFF752FD054600BF706F80077FF558AF66
:101A5000FFF74AFD401B0228F6D9032002B0BDE87B
:101A6000F08100BF0027C4F2472700203866FFF747
:101A70003BFD022D05460DD13068800140F18A8082
:101A8000FFF732FD401B02284FF00300F4D902B0EB
:101A9000BDE8F0813068800173D5FFF725FD401B5C
:101AA00002284FF00300F5D9F1E700BF00210160E3
:101AB000FFF71AFD054600BF306880077FF51DAFB0
:101AC000FFF712FD401B02284FF00300F4D9DEE7B8
:101AD00020F001003067306F002920F004003067EB
:101AE0007AD0FFF701FD054641F28837306F800755
:101AF00000F18480FFF7F8FC401BB842F6D90320C0
:101B000002B0BDE8F08100BF20F480303060306862
:101B1000002920F4802030607AD0FFF7E5FC0546EC
:101B2000306880033FF5CAAEFFF7DEFC401B642837
:101B3000F6D9032002B0BDE8F08100BF7068E1690A
:101B400000F480028A4221D1216A00F03F028A42D9
:101B50001CD147F6C071626A0140B1EB821F15D1FA
:101B6000A16A4FF6FF73C903994300F44032A1F50F
:101B700080318A420AD1E16A00F07060B0EB016FF7
:101B800004D1002002B0BDE8F08100BF012002B006
:101B9000BDE8F08104F11C052FCD084340EA821016
:101BA000D9034FF6FF729143A1F5803140EA0560F9
:101BB0000843706001203866FFF796FC044600BFBA
:101BC00030688001DDD4FFF78FFC001B02284FF046
:101BD0000300F5D95BE700BFFFF786FC054641F23D
:101BE000883700BF306F800708D5FFF77DFC401BAA
:101BF000B8424FF00300F5D949E700BFB8F1000F34
:101C00003FF581AE306C20F0805030647BE600BF41
:101C1000FFF76AFC054600BF306880037FF54EAED3
:101C2000FFF762FC401B64284FF00300F4D92EE755
:101C3000411E0020B0EB116F1CBF012070474EF217
:101C40001002CEF2000251604EF62351CEF2000196
:101C5000F0230B70072190601160704770470000FF
:101C60007047000090F83C20012A04BF0220704712
:101C7000B0B501F108053CCDD1E900CE23F47C5389
:101C800022F470521A432EF4F0431A432CF4E0432A
:101C90001A4324F4C0431A432A43C96922F48042F8
:101CA000036811435964002180F83C100020B0BD46
:101CB00090F83C20012A4FF0020254D010B580F871
:101CC0003D200268D2F804E0D2F808C00C682EF07B
:101CD0007003234341F2FF74C4F20004A242536034
:101CE0000EDC40F2FF73C4F200039A4216DCB2F13C
:101CF000804F2BD040F20043C4F2000324E000BF29
:101D000040F2FF33C4F201039A4213DC41F60003B0
:101D1000C4F200039A4219D0002313E040F60003F6
:101D2000C4F200039A4211D040F60043C4F200030B
:101D30000AE000BF44F20003C4F201039A4205D056
:101D400040F20043C4F201039A4204D149682CF0E6
:101D50008003194391600121002280F83D1080F832
:101D60003C20BDE81040104670470000002804BF2A
:101D70000120704710B5044690F83D0028B90020B6
:101D800084F83C00204600F01FF8022084F83D0053
:101D90002068211D03F070FA012084F8460084F8C1
:101DA0003E0084F83F0084F8400084F8410084F845
:101DB000420084F8430084F8440084F8450084F825
:101DC0003D00002010BD000000680021C4F20101A8
:101DD000884218BF704780B582B00020019043F65A
:101DE0004400C4F202000168002241F001010160D8
:101DF0000068002100F00100019001981A20FFF70F
:101E0000F5FB1A20FFF7E0FB1B2000210022FFF763
:101E1000EDFB1B2002B0BDE88040FFF7D5BB000002
:101E200090F83C20012A4FF002026CD080B580F877
:101E30003D20D0F800C04FF67772DCF8083023EA76
:101E40000202CCF808200B684F2B29DC1F2B45DD44
:101E5000202B46D0302B44D0402B40F0AF80D1F81F
:101E600004E0C968DCF82030DCF8202022F0010210
:101E7000CCF82020DCF8182022F0F00242EA011110
:101E800023F00A0242EA0E02CCF81810CCF8202007
:101E9000DCF8081041F0470121F0300128E000BFD4
:101EA0006F2B33DDB3F5005F74D0B3F5805F21D0C5
:101EB000702B40F08380D1E901E3C968DCF8082089
:101EC00043EA0E0322F47F4243EA01211143CCF896
:101ED0000810DCF8081041F0770109E00BB1102B75
:101EE0006CD1DCF8081021F07001194341F00701B2
:101EF000CCF808100022012180F83D10002180F864
:101F00003C10BDE880401046704700BF502B21D0E8
:101F1000602B53D1D1F804E0C968DCF82030DCF83C
:101F2000202022F01002CCF82020DCF8182022F427
:101F3000704242EA013123F0A00242EA0E12CCF8CC
:101F40001810CCF82020DCF8081041F0670121F0CF
:101F50001001CDE7D1F804E0C968DCF82030DCF8E6
:101F6000202022F00102CCF82020DCF8182022F0FA
:101F7000F00242EA011123F00A0242EA0E02CCF812
:101F80001810CCF82020DCF8081041F0570121F09F
:101F90002001ADE7D1E901E3C968DCF8082043EA94
:101FA0000E0322F47F4243EA01211143CCF80810CA
:101FB000DCF8081041F480419AE700BF01229AE75B
:101FC0007047000070B504460068C5680669B1072F
:101FD00016D515F0020113D06FF002010161012145
:101FE00021778069800703D02046FFF7E9FF05E0ED
:101FF000204600F069F9204600F098F9002020778B
:10200000700719D515F0040016D020686FF0040190
:10201000016102212177806910F4407F04D02046BD
:10202000FFF7CEFF06E000BF204600F04DF9204646
:1020300000F07CF900202077300717D515F0080054
:1020400014D020686FF00801016104212177C06974
:10205000800703D02046FFF7B3FF05E0204600F0DD
:1020600033F9204600F062F900202077F00619D5F8
:1020700015F0100016D020686FF0100101610821E2
:102080002177C06910F4407F04D02046FFF798FF05
:1020900006E000BF204600F017F9204600F046F9A0
:1020A00000202077F00718BF15F0010002D130069C
:1020B00009D412E020686FF001010161204600F0B0
:1020C00037F9300609D515F0800006D020686FF08A
:1020D000800101612046FFF7C1FD700609D515F0AA
:1020E000400006D020686FF040010161204600F0FA
:1020F00021F9B00658BF70BD15F0200008D0216846
:102100006FF0200220460A61BDE87040FFF7A8BDCD
:1021100070BD000090F83C30012B04BF02207047D6
:102120004FEAB202032A00F2C980F0B5DFE802F0FC
:10213000028A3264026840F20045136A166A23F08C
:10214000020326F001061662D2F804E0D2F818C0A5
:102150008E6842F48064C4F20105AC4243EA06038F
:1021600005D1CE6823F00C0326F0040633430E6835
:10217000AC4206D1D1E905472EF44075254345EA26
:10218000070E2CF073073743C2F804E097614968E3
:10219000516389E0026840F20045136A176A23F42C
:1021A000007327F480771762D2F804E0D2F81CC0DD
:1021B0008E6842F48064C4F20105AC4243EA06230F
:1021C00007D1CE6840F2FF47360223F44063BE4396
:1021D00033430E68AC4206D1D1E905452EF4405791
:1021E000254347EA051E2CF073073743C2F804E085
:1021F000D7614968D16357E0026840F20047D2F8DE
:1022000020E0136A42F4806623F48053136253681B
:10221000D4690D68D1F808C0C4F20107BE4204D1E8
:102220004E6923F4804343EA861324F4E64646EAE3
:1022300005265360D66149682EF4005747EA0C33EF
:10224000116431E0026840F20045136A176A23F016
:10225000200327F010071762D2F804E0D2F818C064
:102260008E6842F48064C4F20105AC4243EA06136E
:1022700007D1CE686FF0400723F0C00307EA0616C7
:1022800033430E68AC4206D1D1E905452EF44067D0
:10229000254347EA850E2CF4E64747EA0627C2F8AD
:1022A00004E097614968916300211362BDE8F04042
:1022B000002280F83C200846704700BF0121002220
:1022C00080F83C200846704770470000002804BF93
:1022D0000120704710B5044690F83D0028B9002051
:1022E00084F83C00204600F01FF8022084F83D00EE
:1022F0002068211D02F0C0FF012084F8460084F808
:102300003E0084F83F0084F8400084F8410084F8DF
:10231000420084F8430084F8440084F8450084F8BF
:102320003D00002010BD0000704700007047000015
:1023300070470000704700007047000070470000C1
:10234000B0B582B001680A68CC684B6902F02F050D
:10235000202D04F0200505D125B102B0BDE8B04024
:1023600003F058BE5FEA027C1EBF03F0010E04F4C6
:10237000907313EB0E0341D1036BD50618D5012BD7
:1023800016D114F0100313D0002201920A680192B2
:102390004A680192019A496949064BD4818DC28DE0
:1023A000C38D002B18BF914240F0068202B0B0BD31
:1023B00013062DD514F080032AD090F84120212A4D
:1023C000F4D18268B2F5805F03D10269002A00F07F
:1023D0007982026A531C036212784A60C28C013A05
:1023E0001304C284E2D1C86820F08000C860C868C5
:1023F00040F04000C86002B0B0BD00BFD30718BFB6
:1024000014F4807340F0E280530700F1E580EAE0C5
:102410005206CBD514F04002C8D0CA6822F0400260
:10242000CA60202180F8411002B0BDE8B04000F041
:1024300017BC00BFC26B11684B68858D99B200292B
:1024400000F0B480A94280F0B180C385D169B1F5B4
:10245000807F00F0A080016851E8031F026821F42A
:10246000807142E80313DBB1016851E8031F026881
:1024700021F4807142E8031393B1016851E8031F0E
:10248000026821F4807142E803134BB1016851E8FE
:10249000031F026821F4807142E80313002BDAD194
:1024A000016851E8051F026821F0010142E80513A7
:1024B000BBB3016851E8051F026821F0010142E841
:1024C000051373B3016851E8051F026821F001018B
:1024D00042E805132BB3016851E8051F026821F09B
:1024E000010142E80513002BDAD11AE0016851E836
:1024F000051F026821F0400142E80513DBB10168C5
:1025000051E8051F026821F0400142E8051393B12C
:10251000016851E8051F026821F0400142E80513F7
:102520004BB1016851E8051F026821F0400142E803
:102530000513002BDAD1202180F84210002101631D
:10254000016851E8031F026821F0100142E80313FB
:10255000DBB1016851E8031F026821F0100142E875
:10256000031393B1016851E8031F026821F01001C1
:1025700042E803134BB1016851E8031F026821F0E0
:10258000100142E80313002BDAD1C16B0446084660
:10259000FEF7BAFD204602214163818DC28D891A62
:1025A00089B202B0BDE8B040FFF7C6BE8D427FF4ED
:1025B000FDAED269B2F5807F7FF4F8AE02224263AD
:1025C00002B0BDE8B040FFF7B7BE00BF436C43F0B8
:1025D00001034364530706D5BEF1000F03D0436CDB
:1025E00043F002034364930706D5BEF1000F03D006
:1025F000436C43F004034364BCF1000F06D55EEA6C
:10260000050303D0436C43F008034364436C002B81
:102610003FF4CCAE920605D525B1044603F0FAFC92
:10262000216820464969426C01F0400102F008022D
:10263000891800F0B98000BF016851E8031F0268E3
:1026400021F4907142E80313BBB3016851E8031F02
:10265000026821F4907142E8031373B3016851E8F2
:10266000031F026821F4907142E803132BB3016841
:1026700051E8031F026821F4907142E80313002B14
:10268000DAD11AE0016851E8051F026821F0010162
:1026900042E80513DBB1016851E8051F026821F02B
:1026A000010142E8051393B1016851E8051F026872
:1026B00021F0010142E805134BB1016851E8051F03
:1026C000026821F0010142E80513002BDAD1016B09
:1026D000012924D1016851E8031F026821F010018B
:1026E00042E80313DBB1016851E8031F026821F0DF
:1026F000100142E8031393B1016851E8031F026817
:1027000021F0100142E803134BB1016851E8031FA7
:10271000026821F0100142E80313002BDAD12021D6
:1027200080F842100021016301684969490640F1BF
:10273000C380016851E8051F026821F0400142E8AA
:102740000513DBB1016851E8051F026821F0400163
:1027500042E8051393B1016851E8051F026821F0B2
:10276000400142E805134BB1016851E8051F0268BA
:1027700021F0400142E80513002BDAD1C16B00299A
:1027800000F09A8046F20902C0F6000204460846AC
:102790000A65FEF701FD00283FF408AEE06B016D0D
:1027A00002B0BDE8B04008470446FFF7C7FD00206F
:1027B000606402B0B0BD00BF891A00BF026852E871
:1027C000032F036822F4907243E80325BDB3026827
:1027D00052E8032F036822F4907243E8032575B38F
:1027E000026852E8032F036822F4907243E803253D
:1027F0002DB3026852E8032F036822F4907243E875
:102800000325002DDAD11AE0026852E8052F03688B
:1028100022F0010243E80525DDB1026852E8052FE8
:10282000036822F0010243E8052595B1026852E8E9
:10283000052F036822F0010243E805254DB1026827
:1028400052E8052F036822F0010243E80525002D18
:10285000DAD1202280F8422000220263026852E886
:10286000032F036822F0100243E80325DDB102685C
:1028700052E8032F036822F0100243E8032595B1C4
:10288000026852E8032F036822F0100243E8032590
:102890004DB1026852E8032F036822F0100243E8AA
:1028A0000325002DDAD1022289B2426302B0BDE8CD
:1028B000B040FFF741BD00BF02B0BDE8B040FFF738
:1028C0003DBD00BF026A32F8023B6FF35F234B60ED
:1028D000026283E5002804BF0120704710B504465A
:1028E00090F8410028B9002084F84000204600F00C
:1028F00021F8242084F841002068C16821F40051A7
:10290000C160204603F006FC2068016921F4904173
:102910000161416921F02A014161C16841F400511E
:10292000C16000202021606484F8411084F84210C6
:10293000606310BD80B586B0006841F20042C4F209
:10294000010200219042CDE90411CDE9021101916B
:1029500030D041F20001C4F2010188425BD1002075
:1029600043F630010090C4F202014A6942F01002BD
:102970004A614A6902F010020092009A00900A68C7
:1029800042F001020A60096801F00101009100991A
:102990004FF4C06101910221CDE90210032004909F
:1029A000072005900020C4F2020001A9FEF7CCFC2C
:1029B00006B080BD43F630000091C4F202004269C7
:1029C00042F020024261426902F020020092009A25
:1029D0000091026842F004020260006800F0040006
:1029E00000900098C02001900220CDE90201032050
:1029F0000490082005900020C4F2020000F5006059
:102A000001A9FEF7A1FC472000210022FEF7EEFD00
:102A10004720FEF7D9FD06B080BD000090F8423097
:102A2000202B07D100294FF0010318BF002A05D140
:102A30001846704702231846704700BF00230363FF
:102A4000816222218285C285436480F84210016937
:102A5000006819B1C16841F48071C160416941F0F9
:102A600001014161C16841F02001C1601846704711
:102A7000006841F20041C4F20101884218BF70476A
:102A800010B540F27404C2F200046088013081B2D3
:102A90000529608003D8217807A005F083FA207803
:102AA00002F0BCFF4EF63C20C2F20000214601229B
:102AB000BDE81040FFF7B2BF525820627974653A02
:102AC000203078253032580D0A0000002DE9F043FF
:102AD00081B0044690F84100202809D100294FF028
:102AE000010018BF002A07D101B0BDE8F08300BF84
:102AF000022001B0BDE8F0830020606421201D4663
:102B00000E4684F841001746FEF7EEFCA784E784E2
:102B1000A1688146B1F5805F02D1206900285DD0AF
:102B200037460020E28C2168002A5DD06A1C24D040
:102B3000002D4AD0804600BF0868000608D4FEF782
:102B4000D3FCA0EB0900A8427AD82168C868F3E753
:102B500017B117F8010B04E038F8020B00276FF3E8
:102B60005F204860E08C0138E084E08C0028E3D1ED
:102B70003AE000BF0A68120609D40A68120606D4B1
:102B80000A6812065CBF0A685FEA0262F2D51FB1EA
:102B900017F8012B05E000BF30F8022B00276FF378
:102BA0005F224A60E28C013AE284E28C002AE4D19E
:102BB0001AE000BF30F8022B00276FF35F224A6053
:102BC000E28C013AE284E28C72B10A68120635D5D1
:102BD000002FEFD017F8012BF1E700BF0027304698
:102BE000E28C2168002AA1D1086840061ED42DB3CA
:102BF000681C14D1086840062AD40868400627D407
:102C00000868400624D4086840064FF00000F1D55B
:102C10000DE000BF2068C1680068400618D4FEF7C8
:102C200063FCA0EB0900A842F4D909E000202021B0
:102C300084F8411001B0BDE8F08300BFFEF754FCFA
:102C40000320202184F8411001B0BDE8F08300BFCB
:102C50000020202184F8411001B0BDE8F08300007D
:102C600070470000FEE7000080B586B0002043F604
:102C700030010590CDE90300CDE901000090C4F2D8
:102C800002010A6842F010020A600A6802F01002AB
:102C90000092009A00900A6842F080020A600A6876
:102CA00002F080020092009A00900A6842F004024A
:102CB0000A600A6802F004020092009A00900A6812
:102CC00042F001020A60096801F0010100910099D7
:102CD00040F6FF71CDE90110039041F20000C4F20B
:102CE000020001A9FEF730FB06B080BD70B59CB0B4
:102CF00000254EF6AC10C4F201050021C2F200001E
:102D00000F2280231591CDE913111191CDE90F11F7
:102D1000CDE90D11CDE90B11CDE90911CDE907116F
:102D2000CDE90511CDE90311CDE90111C0E900514B
:102D3000C0E90212C0E904118361FFF717F8002807
:102D400018BFFEF7DDF94FF4805012904EF6AC102C
:102D5000C2F2000012A9FFF763F8002818BFFEF7BF
:102D6000CFF94EF6AC10C2F20000FFF7AFFA002820
:102D700018BFFEF7C5F94EF6AC100024C2F20000F1
:102D800010A9CDE91044FEF793FF002818BFFEF705
:102D9000B7F90820CDE90A044EF6AC10C2F20000E3
:102DA00009A900220994CDE90C44CDE90E44FFF7AE
:102DB000B1F9002818BFFEF7A3F94EF6AC144FF492
:102DC0000050C2F200040026069001A92046059694
:102DD000CDE90366CDE901660896FEF743FF0028BA
:102DE00018BFFEF78DF920681B96A842CDE9196639
:102DF0001896179602D01CB070BD00BF002043F695
:102E000030011690C4F202010A6842F001020A6021
:102E1000096801F00101169116994FF4807117911C
:102E20000221CDE918101A9001201B9005F5803081
:102E300017A9FEF789FA1CB070BD000080B54EF6E8
:102E4000F41041F20001C2F20000C4F201010023BB
:102E50004FF00C0C4FF4E13280E80E00C0E9033370
:102E6000C0E905C3C361FFF735FD002808BF80BD79
:102E7000BDE88040FEF744B980B54EF63C2041F2F3
:102E80000041C2F20000C4F2010100234FF00C0C1B
:102E90004FF4E13280E80E00C0E90333C0E905C316
:102EA000C361FFF717FD002808BF80BDBDE8804063
:102EB000FEF726B9B0B52DED088BFDF7CDFC4AF62F
:102EC0004C10C2F200009FED1D8A9FED1D9A051F58
:102ED0000024B7EE00AAB6EE00BA00BF00EE104A1A
:102EE000B8EE400A20EE080A80EE090A03F082FEDE
:102EF0003AEE400A20EE0B0A013485ED010A043552
:102F0000B4F5805FEAD140F22404C2F2000404F177
:102F10001C004FF4805104F0A1FC0021C4E904110D
:102F2000C4E90D11C4E90F11C4E9111105A0E16450
:102F3000BDEC088BBDE8B04005F022BFDB0FC940F7
:102F400000F07F454D65617375726520496E697447
:102F5000204F4B0D000000002DE9F04F81B02DED0A
:102F6000108B92B040F22408C2F2000898F80110C9
:102F700098F80200814207D0FEF7B6FA98F80110DF
:102F8000C8F8040088F80210DFE811F004001E02FF
:102F90001E00F20198F8000038B9FEF7A5FAD8F83B
:102FA0000810401AB0F57A7F08D3002088F8000096
:102FB00001200124FDF796FC88F8014012B0BDEC19
:102FC000108B01B0BDE8F08FFDF7D4FB002801F0B5
:102FD000D980FDF7C7FB4EF6842BC2F2000B9FEDA4
:102FE000E30A40F24C500BF13C010022C2F2000017
:102FF000875A83186FF31F3701EE107A5F88B8EE97
:10300000411A6FF31F3701ED0F1A30EE010A01EE7E
:10301000107A9F88B8EE411A6FF31F3701ED0E1A30
:1030200030EE010A01EE107ADF88B8EE411A6FF334
:103030001F3701ED0D1A30EE010A01EE107A1F89DB
:10304000B8EE411A6FF31F3701ED0C1A30EE010A8A
:1030500001EE107A5F89B8EE411A6FF31F3701ED68
:103060000B1A30EE010A01EE107A9F89B8EE411A70
:103070006FF31F3701ED0A1A30EE010A01EE107AE4
:10308000DF89B8EE411A6FF31F3701ED091A30EEF0
:10309000010A01EE107A1F8AB8EE411A6FF31F374A
:1030A00001ED081A30EE010A01EE107A5F8AB8EEDF
:1030B000411A6FF31F3701ED071A30EE010A01EED6
:1030C000107A9F8AB8EE411A6FF31F3701ED061A86
:1030D00030EE010A01EE107ADF8AB8EE411A6FF382
:1030E0001F3701ED051A30EE010A01EE107A1F8B31
:1030F000B8EE411A6FF31F3701ED041A30EE010AE2
:1031000001EE107A5F8BB8EE411A6FF31F3701EDB5
:10311000031A30EE010A01EE107A9F8BB8EE411AC5
:103120006FF31F37DB8B01ED021A30EE010A01EE5F
:10313000107AB8EE411A6FF31F3301ED011A30EE29
:10314000010A01EE103AB8EE411A203281ED001A60
:1031500030EE010AB2F5005F01F140017FF448AFA3
:103160009FEDAB9A002120EE090A00BF0BEB010294
:1031700092ED001A92ED012A92ED023A31EE401AD8
:1031800092ED034A82ED001A32EE401A82ED011AE6
:1031900033EE401A92ED042A82ED021A34EE401A00
:1031A00082ED031A32EE401A92ED052A82ED041ADE
:1031B00032EE401A92ED062A82ED051A32EE401ADE
:1031C00092ED072A82ED061A32EE401A92ED082A95
:1031D00082ED071A32EE401A92ED092A82ED081AA2
:1031E00032EE401A92ED0A2A82ED091A32EE401AA6
:1031F00092ED0B2A82ED0A1A32EE401A92ED0C2A59
:1032000082ED0B1A32EE401A92ED0D2A82ED0C1A65
:1032100032EE401A92ED0E2A82ED0D1A32EE401A6D
:1032200092ED0F2A403182ED0E1A32EE401AB1F5BE
:10323000804F82ED0F1A99D19FED4C0A42F64C1C3B
:1032400000220323C2F2000CB1EE001AB1EE042AF0
:1032500043F6F07EB0EE083A40F6FE76002514E024
:1032600094ED045A94ED056A34EE054A34EE064AAC
:10327000B0EE425A84EE054A1035B5F5804F03F1A1
:10328000040381ED034A00F0C980591FB2EB113FDE
:10329000B0EE404A4FF000010BEB050404BF14ED03
:1032A000024A01211F1FB2EB173F04D114ED015A4E
:1032B000013134EE054A94ED005A94ED016A94ED23
:1032C000027A34EE054A033134EE064A05EE101A4E
:1032D00034EE074AB8EE455A84EE054A0CEB050178
:1032E000B0EE405AB2EB173F81ED004AB0EE414AD2
:1032F00004BF14ED015AB0EE424A94ED006A94ED19
:10330000017AD4ED020A35EE065AD4ED031A35EEF1
:10331000075A35EE205A35EE215A85EE044A754596
:1033200081ED014A36EE074A34EE204A34EE214A56
:1033300002D1B0EE415A05E094ED045A34EE054A4C
:10334000B0EE425A84EE054A94ED025A94ED036AB7
:10335000B34281ED024A94ED014A34EE054A34EE5F
:10336000064A7FF67DAFB0EE435A83E700000000C7
:1033700098F803000130C1B2052988F803001DD375
:1033800008F1100531CDFDF7EDF8064620460F4651
:10339000FDF7E8F841EC180B2846FDF7E3F841EC9F
:1033A000100B0FF6306032463B468DED008B8DEDF5
:1033B000020B04F0F7FD002088F80300FEF794F8F4
:1033C000C8F8080000F0FDBEFDF7D4F9002800F0B1
:1033D000E986FDF7C7F948F28040C0F21E0004F00C
:1033E00003FB9FED0C1A0120B4EE410A9FED0A1A6F
:1033F000F1EE10FAC8BF0220B4EE410AF1EE10FA65
:10340000B8BF0020FDF76EFA022000F0DBBE00BF5F
:103410000000803900004843000048429CED000A4B
:10342000002243F6FC73B0EE401A00BF0CEB02071B
:1034300097ED012A97ED023AB4EE412AF1EE10FA27
:10344000B4EE402A97ED034A97ED045AC8BFB0EE98
:10345000421AF1EE10FAB4EE413AB8BFB0EE420AA9
:10346000F1EE10FAB4EE403AC8BFB0EE431AF1EEF6
:1034700010FAB4EE414AB8BFB0EE430AF1EE10FACA
:10348000B4EE404AC8BFB0EE441AF1EE10FAB4EE02
:10349000415AB8BFB0EE440AF1EE10FAC8BFB0EE20
:1034A000451A97ED052AB4EE405AF1EE10FAB4EE43
:1034B000412AB8BFB0EE450AF1EE10FAC8BFB0EE2F
:1034C000421A97ED063AB4EE402AF1EE10FAB4EE45
:1034D000413AB8BFB0EE420AF1EE10FAC8BFB0EE02
:1034E000431A97ED072AB4EE403AF1EE10FAB4EE23
:1034F000412AB8BFB0EE430AF1EE10FAC8BFB0EEF1
:10350000421A97ED083AB4EE402AF1EE10FAB4EE02
:10351000413AB8BFB0EE420AF1EE10FAC8BFB0EEC1
:10352000431A97ED092AB4EE403AF1EE10FAB4EEE0
:10353000412AB8BFB0EE430AF1EE10FAC8BFB0EEB0
:10354000421A97ED0A3AB4EE402AF1EE10FAB4EEC0
:10355000413AB8BFB0EE420AF1EE10FAC8BFB0EE81
:10356000431A97ED0B2AB4EE403AF1EE10FAB4EE9E
:10357000412AB8BFB0EE430AF1EE10FAC8BFB0EE70
:10358000421A97ED0C3AB4EE402AF1EE10FAB4EE7E
:10359000413AB8BFB0EE420AF1EE10FAC8BFB0EE41
:1035A000431A97ED0D2AB4EE403AF1EE10FAB4EE5C
:1035B000412AB8BFB0EE430AF1EE10FAC8BFB0EE30
:1035C000421A97ED0E3AB4EE402AF1EE10FAB4EE3C
:1035D000413AB8BFB0EE420AF1EE10FAC8BFB0EE01
:1035E000431A97ED0F2AB4EE403AF1EE10FAB4EE1A
:1035F000412AB8BFB0EE430AF1EE10FAB4EE402A09
:10360000C8BFB0EE421AF1EE10FA02F13C02B8BFA8
:10361000B0EE420A9A427FF409AF31EE400A30EE32
:10362000000A88ED050A1FEDAF0A0021435A42182F
:103630006FF31F3301EE103A5388B8EE411A6FF35F
:103640001F3330EE010A01EE103A9388B8EE411AAA
:103650006FF31F3330EE010A01EE103AD388B8EE53
:10366000411A6FF31F3330EE010A01EE103A13894D
:10367000B8EE411A6FF31F3330EE010A01EE103A33
:103680005389B8EE411A6FF31F3330EE010A01EE91
:10369000103A9389B8EE411A6FF31F3330EE010AE6
:1036A00001EE103AD389B8EE411A6FF31F3330EEB2
:1036B000010A01EE103A138AB8EE411A6FF31F3374
:1036C00030EE010A01EE103A538AB8EE411A6FF358
:1036D0001F3330EE010A01EE103A938AB8EE411A18
:1036E0006FF31F3330EE010A01EE103AD38AB8EEC1
:1036F000411A6FF31F3330EE010A01EE103A138BBB
:10370000B8EE411A6FF31F3330EE010A01EE103AA2
:10371000538BB8EE411A6FF31F3330EE010A01EEFE
:10372000103A938BB8EE411A6FF31F33D28B30EE01
:10373000010A01EE103AB8EE411A6FF31F3230EE73
:10374000010A01EE102AB8EE411A2031B1F5005FEE
:1037500030EE010A7FF46AAF1FEDFC1A20EE090A71
:10376000002100BF435A42186FF31F3302EE103A94
:10377000B8EE422A538832EE402A22EE022A6FF334
:103780001F3332EE011A02EE103AB8EE422A938845
:1037900032EE402A22EE022A6FF31F3332EE011A74
:1037A00002EE103AB8EE422AD38832EE402A22EED8
:1037B000022A6FF31F3332EE011A02EE103AB8EE0E
:1037C000422A138932EE402A22EE022A6FF31F3377
:1037D00032EE011A02EE103AB8EE422A538932EE66
:1037E000402A22EE022A6FF31F3332EE011A02EE54
:1037F000103AB8EE422A938932EE402A22EE022A8B
:103800006FF31F3332EE011A02EE103AB8EE422A7D
:10381000D38932EE402A22EE022A6FF31F3332EEB2
:10382000011A02EE103AB8EE422A138A32EE402A0A
:1038300022EE022A6FF31F3332EE011A02EE103A23
:10384000B8EE422A538A32EE402A22EE022A6FF361
:103850001F3332EE011A02EE103AB8EE422A938A72
:1038600032EE402A22EE022A6FF31F3332EE011AA3
:1038700002EE103AB8EE422AD38A32EE402A22EE05
:10388000022A6FF31F3332EE011A02EE103AB8EE3D
:10389000422A138B32EE402A22EE022A6FF31F33A4
:1038A00032EE011A02EE103AB8EE422A538B32EE93
:1038B000402A22EE022A6FF31F3332EE011A02EE83
:1038C000103AB8EE422A938B32EE402A22EE022AB8
:1038D0006FF31F3332EE011A02EE103AB8EE422AAD
:1038E000D28B32EE402A22EE022A6FF31F3232EEE2
:1038F000011A02EE102AB8EE422A32EE402A22EED7
:10390000022A2031B1F5005F32EE011A7FF42AAFAE
:1039100021EE090AB1EEC00A2C20C4F2010030EEFB
:10392000000A88ED060A01684CF69010C0F2960075
:103930004F2984BF48F28040C0F21E00490918296F
:1039400084BF40F64050C0F20300069004F04CF8EB
:1039500088ED040AD8F80C009FEDC40A42F68427CB
:103960000021C2F2010741F6FC7200BF7B1893ED03
:10397000011A93ED022A93ED033A30EE010A93ED1A
:10398000044A30EE020A93ED055A30EE030A93ED35
:10399000066A30EE040A93ED077A30EE050AD3ED9D
:1039A000080A30EE060A30EE070A93ED091A30EEE7
:1039B000200A93ED0A2A93ED0B3A30EE010A93EDBB
:1039C0000C4A30EE020A93ED0D5A30EE030A93EDE5
:1039D0000E6A30EE040A93ED0F7A30EE050AD3ED4D
:1039E000100A30EE060A30EE070A93ED111A30EE97
:1039F000200A93ED122A93ED133A30EE010A93ED6B
:103A0000144A30EE020A93ED155A30EE030A93ED94
:103A1000166A30EE040A93ED177A30EE050A30EE9E
:103A2000060A5C31914230EE070A9FD19FEDD11A10
:103A3000083780EE010A9FED8D2A9FEDCF8A002185
:103A400040F2FC733A4630EE001A00BF12ED013A24
:103A500092ED004A92ED015AB4EE413AB0EE486A56
:103A6000F1EE10FAD8BF0131D8BFB0EE436AB4EE20
:103A7000414AB0EE483A32EE062AF1EE10FAD8BFCB
:103A80000131D8BFB0EE443AB4EE415A32EE032AC7
:103A9000F1EE10FAB0EE483AD8BF0131D8BFB0EE1F
:103AA000453A32EE032A8BB192ED023AB0EE484A23
:103AB000B4EE413AF1EE10FAD8BF0131D8BFB0EE02
:103AC000434A32EE042A1032043BBFE701EE101ADB
:103AD000B8EE411A82EE011A02EE100A9FED63AAB7
:103AE000B8EE422A0120002517ED013A97ED004A71
:103AF00097ED015AB4EE4A3AF1EE10FAC4BF05460A
:103B0000B0EE43AAB4EE4A4AF1EE10FAC4BF451C27
:103B1000B0EE44AAB4EE4A5AF1EE10FAC4BF851CC6
:103B2000B0EE45AA0330B0F5006F0DD097ED023A24
:103B30001037B4EE4A3AF1EE10FAC4BF0546B0EEC3
:103B400043AA0130D0E700BFF1EE04CA1AEE100A12
:103B5000642988BFB0EE410A22EE09EA20EE2CCAA1
:103B6000FCF700FDB2EE00DA2AEE0D0A20EE090A9B
:103B700030EE000A064610EE100A0F46FCF7F2FC83
:103B800041EC100B0FF63C70294632463B468DED5A
:103B9000000B04F007FA42F6842042F24C57C2F2BE
:103BA00001004FF000090521B6EE00AAC2F200079D
:103BB00040F2FD72002600BF00EB810313ED011AF5
:103BC00093ED000AB4EE410AF1EE10FA3ADD93EDFE
:103BD000013AB4EE430AF1EE10FA33DDB4EE4C0ACA
:103BE000F1EE10FA2EDD30EE004A31EE444A34EEAA
:103BF000034A02EE101AB5EE404AF1EE10FAB8EEA2
:103C0000422A12D031EE431A21EE0A1A81EE041A2A
:103C1000B0EEC13AB4EE4A3AB0EE483AF1EE10FADC
:103C2000B8BFB0EE413A33EE022A09EB490307EB85
:103C300083032EEE021A99600136043183ED000AE7
:103C400083ED011A91425FFA86F904D8B9F1400F69
:103C500001F10101B0D3B9F1020F0596C0F0EE8079
:103C6000A9F102004FF0000E079005E000000000EF
:103C70000798604500F0E280F4466FEA0E0142F2D8
:103C80004C5301EB09020EF1010E0CEB4C06C2F293
:103C9000000303EB860612F0030572465AD00EEBC2
:103CA0004E0203EB820292ED000A96ED001AB4EE8A
:103CB000410AF1EE10FA11DDD2F808B0D6E9004061
:103CC000B168D2E900A8C6F808B04EF6842BC2F25B
:103CD000000BC6E900A8C2E900409160012D0CF17B
:103CE000020237D002EB420003EB800292ED000AA1
:103CF00096ED001AB4EE410AF1EE10FA0BDD96E8EB
:103D0000000D92E8130082E8000D4EF6842BC2F2FB
:103D1000000B86E81300022D0CF103021AD002EB0F
:103D2000420003EB800292ED000A96ED001AB4EE19
:103D3000410AF1EE10FA0BDDD6E9008AB468D2E947
:103D400000509168C6E90050B160C2E9008A9460F1
:103D50000CF104020798A0EB0C00032888D342F270
:103D60004C5102EB4200C2F20001A9EB020401EB4C
:103D7000800508E000E0FF4400000080043C05F1FD
:103D800030053FF475AF95ED000A96ED001AB4EEDC
:103D9000410AF1EE10FA0BDDD6E90081B268D5E9EF
:103DA0000073A868C6E90073B060C5E90081AA6025
:103DB00095ED030A96ED001AB4EE410AF1EE10FA01
:103DC0000DDD05F10C00D6E9008AB368D0E9007179
:103DD0008268C6E90071B260C0E9008A836095ED2F
:103DE000060A96ED001AB4EE410AF1EE10FA0DDD66
:103DF00005F11800D6E9008AB368D0E9007182683D
:103E0000C6E90071B260C0E9008A836095ED090AD5
:103E100096ED001AB4EE410AF1EE10FAAEDD05F1AE
:103E20002400D6E9008AB368D0E900718268C6E947
:103E30000071B260C0E9008A83609FE740F2240706
:103E40000025C2F200074C46C7E90D55C7E90F55DA
:103E5000C7E91155B9F1030F28BF0324059842F2B1
:103E60004C580006C2F20008FD6400F0538198ED42
:103E7000010AD8F8086080EE0E1A02EE106AB8EE59
:103E8000C22AFFEE008AFEEE009ADFEDDEAA31EED6
:103E9000422A32EE281AB4EE4A2AF1EE10FAC8BFCE
:103EA000B0EE412AB7EE001AB4EE692A32EE013ABA
:103EB000F1EE10FAB8BFB0EE432AB0EEC2FAB4EE9B
:103EC0006AFAF1EE10FA13DB9FEDCF0A2FEE008AAB
:103ED000B0EE480A04F0F6F880EE080A2FEE0F1A4A
:103EE000B7EE002A32EE411A80EE011A98ED010A6F
:103EF0009FEDC6FA98ED002AB4EE4F1AF1EE10FAD3
:103F0000B8BFB0EE4F1A82EE011A40F22407C2F297
:103F1000000710EE100A87ED0E0A21EE0D1A21EEB1
:103F2000091A31EE018A87ED118AFCF71BFB41EC7F
:103F30001B0B18EE100AFCF715FB41EC100B4CF6AE
:103F4000CC30C0F60000002132468DED00BB8DED77
:103F5000020B04F027F8B9F1010F00F0DB8098EDB7
:103F6000040AD8F8146080EE0E1A02EE106AB8EE59
:103F7000C22A31EE422AB4EE4A2A32EE281AF1EE73
:103F800010FAC8BFB0EE412AB4EE692AB7EE001AA3
:103F9000F1EE10FA32EE013AB8BFB0EE432AF0EE7D
:103FA000C2BAF4EE6ABAF1EE10FA13DB9FED960A8C
:103FB0002BEE808AB0EE480A04F084F880EE080AFE
:103FC0002BEEAB1AB7EE002A32EE411A80EE011A40
:103FD00098ED040AB4EE4F1A98ED032AF1EE10FAA8
:103FE000B8BFB0EE4F1A82EE011A40F22407C2F2B7
:103FF000000710EE100A87ED0F0A21EE0D1A21EED0
:10400000091A31EE018A87ED128AFCF7ABFA41EC0E
:104010001B0B18EE100AFCF7A5FA41EC100B4CF63E
:10402000CC30C0F60000012132468DED00BB8DED95
:10403000020B03F0B7FFB9F1020F6BD098ED070A3E
:10404000D8F8206080EE0E1A02EE106AB8EEC22A8E
:1040500031EE422A32EE281AB4EE4A2AF1EE10FA74
:10406000C8BFB0EE412AB7EE001AB4EE692A32EEAC
:10407000013AF1EE10FAB8BFB0EE432AB0EEC2EA50
:10408000B4EE6AEAF1EE10FA13DB9FED5F0A2EEE52
:10409000008AB0EE480A04F015F880EE080A2EEE09
:1040A0000E1AB7EE002A32EE411A80EE011A98ED90
:1040B000070AB4EE4F1A98ED062AF1EE10FAB8BFCF
:1040C000B0EE4F1A82EE011A40F22407C2F2000746
:1040D00010EE100A87ED100A21EE0D1A21EE091AD2
:1040E00031EE018A87ED138AFCF73CFA41EC190B9B
:1040F00018EE100AFCF736FA41EC100B4CF6CC30F7
:10410000C0F60000022132468DED009B8DED020BC2
:1041100003F048FF1CEE100A87F83440FCF722FA3F
:1041200002460B460FF67C502146CDF8009003F076
:1041300039FF97ED040A9FEDEA1A97F834E0D7E9C2
:10414000050120EE010ABEF1000F0B951195CDE996
:104150000F55CDE90D550C95089009918DED0A0A82
:104160008DF82CE054D00DF12008BEF1040F0EF0B4
:104170000300079080F0BC8140F2240C0022C2F2C0
:10418000000CD6E1FDF7B0F9D8F80410401AB0F5EC
:104190007A7F7EF613AF4CF61740C0F6000004F0AD
:1041A000EFFD08E0FDF7A0F9D8F80410401AB0F5CB
:1041B0007A7F7EF603AFFCF7E3FAFDF795F9C8F8CE
:1041C0000400002088F8010012B0BDEC108B01B093
:1041D000BDE8F08F467265713A20252E3366206B5C
:1041E000487A20205670703A20252E3066206D5671
:1041F000202056726D733A20252E3066206D560DA4
:104200000A0000006F12833ADB0F49409A99993EE9
:1042100097ED0E1AB7EE000AB4EE401AF1EE10FA5E
:10422000C0F2BD8197ED111AB4EE401AF1EE10FA0A
:10423000C0F2B5819FEDAB8AB0EE48CAFCF7AAFB8D
:104240004FF00309002808BF4FF0010900EE109A53
:104250009FEDA51AB8EE400A81EE009A40F22400C4
:10426000C2F2000090ED110AB4EE4C8AF1EE10FAA1
:1042700020EE0ABA80F21E83B7EE000AB4EE408A3E
:10428000F1EE10FA80F216839FED98AA0BF12C063E
:10429000B1EE4B8A0B2740F2632500BFA7F10B005C
:1042A00080B200EE100AB8EE400A80EE090A20EE55
:1042B0000A0A03F007FFA7F10A0080B201EE100A14
:1042C000B8EE411A81EE091AB5EE400AB0EE480A7E
:1042D000F1EE10FAA8BFB0EE4B0A06ED0B0A21EE84
:1042E0000A0A03F0EFFEA7F1090080B201EE100AFE
:1042F000B8EE411A81EE091AB5EE400AB0EE480A4E
:10430000F1EE10FAA8BFB0EE4B0A06ED0A0A21EE54
:104310000A0A03F0D7FEA7F1080080B201EE100AE6
:10432000B8EE411A81EE091AB5EE400AB0EE480A1D
:10433000F1EE10FAA8BFB0EE4B0A06ED090A21EE25
:104340000A0A03F0BFFEF81F80B201EE100AB8EEB1
:10435000411A81EE091AB5EE400AB0EE480AF1EEB4
:1043600010FAA8BFB0EE4B0A06ED080A21EE0A0AC1
:1043700003F0A8FEB81F80B201EE100AB8EE411A91
:1043800081EE091AB5EE400AB0EE480AF1EE10FAD5
:10439000A8BFB0EE4B0A06ED070A21EE0A0A03F0A9
:1043A00091FE781F80B201EE100AB8EE411A81EE3C
:1043B000091AB5EE400AB0EE480AF1EE10FAA8BFAD
:1043C000B0EE4B0A06ED060A21EE0A0A03F07AFE69
:1043D000381F80B201EE100AB8EE411A81EE091AB8
:1043E000B5EE400AB0EE480AF1EE10FAA8BFB0EE02
:1043F0004B0A06ED050A21EE0A0A03F063FEF81ED9
:1044000080B201EE100AB8EE411A81EE091AB5EE3B
:10441000400AB0EE480AF1EE10FAA8BFB0EE4B0A1F
:1044200006ED040A21EE0A0A03F04CFEB81E80B223
:1044300001EE100AB8EE411A81EE091AB5EE400AF3
:10444000B0EE480AF1EE10FAA8BFB0EE4B0A06ED46
:10445000030A21EE0A0A03F035FE781E80B201EE4F
:10446000100AB8EE411A81EE091AB5EE400AB0EE14
:10447000480AF1EE10FAA8BFB0EE4B0A06ED020AA8
:1044800021EE0A0A03F01EFEB8B201EE100AB8EEE1
:10449000411A81EE091AB5EE400AB0EE480AF1EE73
:1044A00010FAA8BFB0EE4B0A06ED010A21EE0A0A87
:1044B00003F008FEB5EE400AF1EE10FAB0EE480A3D
:1044C00007F10C07A8BFB0EE4B0A86ED000AAF4219
:1044D00006F130067FF4E2AE012600F096BC00BF84
:1044E00000007A440000000000001644DB0FC940C1
:1044F0006FF00C0240F2240C02EA8E090026002222
:10450000C2F2000C0CEB0605D5E90E1005F1400BCC
:1045100008EB06049BE8880C2D6D1036C4E90410E6
:1045200004F11800B14502F1040280E8880CA5628C
:10453000E8D10799674609B307EB8206B56B766C3D
:1045400008F1100008F11C03012940F8225043F83B
:10455000226013D0561C07EB8605AC6B6D6C0229EC
:1045600040F8264043F8265008D0911C07EB810202
:10457000966B526C40F8216043F821204EF6842B54
:10458000BEF1010FC2F2000B09D097ED0E0AB7EE93
:10459000001AB4EE410AF1EE10FA80F21B81FCF72A
:1045A000F9F94FF00309002808BF4FF0010900EEA8
:1045B000109A1FED331AB8EE400A81EE008A97ED8B
:1045C000110AABF13C0720EE0A9A1FED38AA0E251E
:1045D00040F26626A5F10E0080B200EE100AB8EE99
:1045E000400A80EE080A20EE0A0A03F06BFDA5F1EE
:1045F0000D0080B201EE100AB8EE411A81EE081AE1
:1046000029EE000A87ED0F0A07F13C0421EE0A0AA1
:1046100003F058FDA5F10C0080B201EE100AB8EECF
:10462000411A81EE081A29EE000A87ED100A21EEE0
:104630000A0A03F047FDA5F10B0080B201EE100A53
:10464000B8EE411A81EE081A29EE000A87ED110A28
:1046500021EE0A0A03F036FDA5F10A0080B201EE50
:10466000100AB8EE411A81EE081A29EE000A87ED09
:10467000120A21EE0A0A03F025FDA5F1090080B215
:1046800001EE100AB8EE411A81EE081A29EE000A6E
:1046900087ED130A21EE0A0A03F014FDA5F10800C4
:1046A00080B201EE100AB8EE411A81EE081A29EE26
:1046B000000A87ED140A21EE0A0A03F003FDE81F41
:1046C00080B201EE100AB8EE411A81EE081A29EE06
:1046D000000A87ED150A21EE0A0A03F0F3FCA81F71
:1046E00080B201EE100AB8EE411A81EE081A29EEE6
:1046F000000A87ED160A21EE0A0A03F0E3FC681FA0
:1047000080B201EE100AB8EE411A81EE081A29EEC5
:10471000000A87ED170A21EE0A0A03F0D3FC281FCE
:1047200080B201EE100AB8EE411A81EE081A29EEA5
:10473000000A87ED180A21EE0A0A03F0C3FCE81EFE
:1047400080B201EE100AB8EE411A81EE081A29EE85
:10475000000A87ED190A21EE0A0A03F0B3FCA81E2D
:1047600080B201EE100AB8EE411A81EE081A29EE65
:10477000000A87ED1A0A21EE0A0A03F0A3FC681E5C
:1047800080B201EE100AB8EE411A81EE081A29EE45
:10479000000A87ED1B0A21EE0A0A03F093FCA8B277
:1047A00001EE100AB8EE411A81EE081A29EE000A4D
:1047B00087ED1C0A21EE0A0A03F084FC29EE000AA8
:1047C0000F3587ED1D0AB54227467FF403AF00265B
:1047D0001BE300BFBEF1000F00F0AC8497ED0F2A81
:1047E000B8EE083A82EE002A32EE032A9FEDD43A60
:1047F000B0EEC22AB4EE432AF1EE10FA00F3DA81E9
:10480000BEF1030F11D397ED102A82EE000AB9EE24
:10481000042A30EE020AB0EEC00AB5EE002AB4EE69
:10482000420AF1EE10FA00F3C58197ED110AB4EED9
:10483000410AF1EE10FAFFF6B2AEB0EE081A80EEC1
:10484000013A97ED122A9FEDDA1ABEF1020F32EE0D
:10485000434AB0EEC44A33EE013A84EE038A40F292
:104860007384B2EE024A80EE044AB3EE095A80EE37
:104870002C3A80EE050A97ED135A32EE442AB0EE38
:10488000C22A34EE014A35EE436A82EE042A35EE3E
:10489000404AB0EEC66A33EE013AB0EEC44A30EE9A
:1048A000010A86EE033A84EE000A38EE038A32EEFD
:1048B00000CAC3E4B4EE48CAF1EE10FA80F2908167
:1048C000B7EE000AB4EE40CAF1EE10FA80F2888129
:1048D0000BF11C060727B5EE00AAB1EE00CA40F2A4
:1048E0005F2BB6EE08DAB9EE00EAB0EE00FA0BE0A4
:1048F00020EE0C0A2BEE000A083786ED000A5F4511
:1049000006F1200600F07C82F81F80B200EE100A4B
:10491000B8EE400A80EE098AB0EE480A03F09AFB2E
:1049200038EE400AB4EE4A0AF1EE10FA02DA20EE4E
:104930000C0A0DE0B4EE4D0AF1EE10FA04DA20EEA6
:104940000E0A30EE0F0A03E020EE0C0A30EE0E0ADB
:10495000B81F80B201EE100AB8EE411A81EE098A42
:104960002BEE000A06ED070AB0EE480A03F072FBD0
:1049700038EE400AB4EE4A0AF1EE10FA02DA20EEFE
:104980000C0A0DE0B4EE4D0AF1EE10FA04DA20EE56
:104990000E0A30EE0F0A03E020EE0C0A30EE0E0A8B
:1049A000781F80B201EE100AB8EE411A81EE098A32
:1049B0002BEE000A06ED060AB0EE480A03F04AFBA9
:1049C00038EE400AB4EE4A0AF1EE10FA02DA20EEAE
:1049D0000C0A0DE0B4EE4D0AF1EE10FA04DA20EE06
:1049E0000E0A30EE0F0A03E020EE0C0A30EE0E0A3B
:1049F000381F80B201EE100AB8EE411A81EE098A22
:104A00002BEE000A06ED050AB0EE480A03F022FB81
:104A100038EE400AB4EE4A0AF1EE10FA02DA20EE5D
:104A20000C0A0DE0B4EE4D0AF1EE10FA04DA20EEB5
:104A30000E0A30EE0F0A03E020EE0C0A30EE0E0AEA
:104A4000F81E80B201EE100AB8EE411A81EE098A12
:104A50002BEE000A06ED040AB0EE480A03F0FAFA5B
:104A600038EE400AB4EE4A0AF1EE10FA02DA20EE0D
:104A70000C0A0DE0B4EE4D0AF1EE10FA04DA20EE65
:104A80000E0A30EE0F0A03E020EE0C0A30EE0E0A9A
:104A9000B81E80B201EE100AB8EE411A81EE098A02
:104AA0002BEE000A06ED030AB0EE480A03F0D2FA34
:104AB00038EE400AB4EE4A0AF1EE10FA18DA20EEA7
:104AC0000C0A23E0464654206D61783A2062696EF4
:104AD0003D256C75206D61673D252E3066202D3E8D
:104AE000205670703D252E30666D560D0A00000070
:104AF000B4EE4D0AF1EE10FA04DA20EE0E0A30EEB2
:104B00000F0A03E020EE0C0A30EE0E0A781E80B287
:104B100001EE100AB8EE411A81EE098A2BEE000A66
:104B200006ED020AB0EE480A03F094FA38EE400AA5
:104B3000B4EE4A0AF1EE10FA04DA20EE0C0A0FE0A5
:104B40009A99193EB4EE4D0AF1EE10FA04DA20EE0D
:104B50000E0A30EE0F0A03E020EE0C0A30EE0E0AC9
:104B6000B8B201EE100AB8EE411A81EE098A2BEEB6
:104B7000000A06ED010AB0EE480A03F06BFA38EEBF
:104B8000400AB4EE4A0AF1EE10FAFFF6B1AEB4EE06
:104B90004D0AF1EE10FA05DA20EE0E0A30EE0F0A99
:104BA000A8E600BF20EE0C0A30EE0E0AA2E600BF17
:104BB000CDCCCC3DFBF7EEFE4FF00309002808BF3B
:104BC0004FF0010900EE109A9FEDBE1AB8EE400AB0
:104BD00081EE009A97ED110A20EE0ABA04E000BFB8
:104BE00040F22407C2F2000797ED0E8A97F83400CE
:104BF0009FEDB5CA9FEDB5DA002607F1500B13E023
:104C00000020B0EE4CEA8EEE0B0A4EF68421C2F282
:104C10000001023601EB8801B6F5167F2BEE000A83
:104C200081ED000A00F0EA80002867D0B0B200EE03
:104C3000100AB8EE400A80EE090A40F22407032564
:104C40005C46B0EE4CEAC2F2000720EE0DFA00BF5F
:104C500014ED060A14ED031A2FEE000A80EE080A7E
:104C600061EE0A8A03F02EFA97F8340020EE280A43
:104C7000A91E814230EE0EEA43D214ED050A14ED6E
:104C8000021A2FEE000A80EE080A61EE0A8A03F08B
:104C900019FA97F8340020EE280A691E814230EE96
:104CA0000EEA2ED214ED040A14ED011A2FEE000ABA
:104CB00080EE080A61EE0A8A03F004FA97F83400DD
:104CC00020EE280A854230EE0EEA1AD214ED030ACD
:104CD00094ED001A2FEE000A80EE080A61EE0A8AAF
:104CE00003F0F0F997F8340020EE280A691C30EE42
:104CF0000EEA043510348142AAD302E00020B0EE5F
:104D00004CEA8EEE0B0A4EF68421C2F2000101EB52
:104D10008601002846F001082BEE000A81ED000A0A
:104D20003FF46EAF1FFA88F000EE100AB8EE400AAA
:104D300080EE090A40F2240403275D46B0EE4CEAF7
:104D4000C2F2000420EE0DFA15ED060A15ED031A65
:104D50002FEE000A80EE080A61EE0A8A03F0B2F92B
:104D600094F8340020EE280AB91E814230EE0EEA93
:104D7000BFF449AF15ED050A15ED021A2FEE000A32
:104D800080EE080A61EE0A8A03F09CF994F8340078
:104D900020EE280A791E814230EE0EEABFF433AFCE
:104DA00015ED040A15ED011A2FEE000A80EE080A2F
:104DB00061EE0A8A03F086F994F8340020EE280A9E
:104DC000874230EE0EEABFF41EAF15ED030A95EDF3
:104DD000001A2FEE000A80EE080A61EE0A8A03F03C
:104DE00071F994F8340020EE280A791C30EE0EEAAE
:104DF000043710358142A7D305E700BF032600E042
:104E000002264EF6842BC2F2000B9BED001A002006
:104E1000B0EE410A0BEB000191ED012A91ED023A4F
:104E2000B4EE412AF1EE10FAB4EE402A91ED034AB5
:104E3000B8BFB0EE421AF1EE10FAB4EE413AC8BF74
:104E4000B0EE420AF1EE10FAB4EE403AB8BFB0EE5E
:104E5000431AF1EE10FAB4EE414AC8BFB0EE430A6D
:104E6000F1EE10FAB4EE404AB8BFB0EE441AF1EEDB
:104E700010FAC8BFB0EE440AB0F5156F28D091ED16
:104E8000042A1030B4EE412AF1EE10FAB4EE402AB2
:104E9000B8BFB0EE421AF1EE10FAC8BFB0EE420A47
:104EA000B8E700BF7065616B733A202564202874F1
:104EB00068723D252E30662063616E643D2564294D
:104EC0000D0A00000000164400000000DB0FC9407E
:104ED00030EE410AB7EE002A9FEDA23AB4EE420A44
:104EE000F1EE10FAB8BFB0EE420A20EE032A40F20B
:104EF0009C0032EE023A32EE411AC2F200009FEDFF
:104F00009A2A33EE000A163000214FF4E67200BFF1
:104F10000BEB010393ED003A93ED014A31EE033AB6
:104F200083EE003A31EE044A84EE004A93ED025AD1
:104F300093ED036A31EE055A85EE005A303123EEC7
:104F4000023ABDEEC33A13EE107A24EE023AB7F5F8
:104F5000E67F28BF1746BDEEC33A31EE064A20F879
:104F6000167C84EE004A13EE107AB7F5E67F28BF70
:104F7000174625EE023A93ED045ABDEEC33A31EEE0
:104F8000055A85EE005A20F8147C13EE107AB7F516
:104F9000E67F28BF174620F8127C24EE023A93EDF4
:104FA000054ABDEEC33A31EE044A84EE004A13EEE0
:104FB000107AB7F5E67F28BF174625EE023A93ED43
:104FC000065ABDEEC33A31EE055A85EE005A20F876
:104FD000107C13EE107AB7F5E67F28BF174620F84D
:104FE0000E7C24EE023A93ED074ABDEEC33A31EE51
:104FF000044A84EE004A13EE107AB7F5E67F28BF24
:10500000174625EE023A93ED085ABDEEC33A31EE4B
:10501000055A85EE005A20F80C7C13EE107AB7F58D
:10502000E67F28BF174620F80A7C24EE023ABDEE40
:10503000C33A13EE107A93ED093AB7F5E67F28BF2D
:10504000174631EE033A83EE003A25EE024A93ED1D
:105050000A5ABDEEC44A20F8087C31EE055A14EE17
:10506000107A93ED0B4A85EE005A31EE044A84EE35
:10507000004AB7F5E67F28BF174620F8067C23EEE6
:10508000023ABDEEC33A13EE103AB3F5E67F28BFFD
:10509000134620F8043C25EE023ABDEEC33A13EE67
:1050A000103A24EE023AB3F5E67F28BF1346BDEE70
:1050B000C33A20F8023C13EE103AB3F5E67F28BF5E
:1050C0001346B1F5166F20F8183B7FF421AF40F27C
:1050D0009C00C2F200004FF4167100F0F3FA4CF697
:1050E000F930C0F6000031464A464FF4167302F01C
:1050F00059FF4EF68421069B42F684264FF4006742
:10510000C2F2000108A84FF41672C2F20106CDE9FE
:105110000067FBF789FC15A003F032FE40F2240182
:105120000320C2F20001487012B0BDEC108B01B038
:10513000BDE8F08F97ED110AB4EE410AF1EE10FAD6
:10514000BFF678A8FFF72BBAB2EE023A80EE030A58
:1051500032EE402AB0EEC22A30EE010A82EE00CAD8
:10516000FFF76CB8CDCCCC3D0000E6435375626DC3
:10517000697420646F6E650D0000000040F2240029
:10518000C2F200000121017070470000FEE700003C
:10519000FEE700007047000070470000FCF7AAB966
:1051A00070B592B006AC20463021FBF741F80025DF
:1051B00043F640000595CDE90355CDE9015500952D
:1051C000C4F202000168022641F0805101600068CB
:1051D00000F080500090009847F200000095C4F263
:1051E0000000016841F480410160006800F48040E3
:1051F00000900098012006904FF4803007904FF403
:1052000080000D9019200E904FF4A870CDE90F0684
:105210000420119020460C96FCF734FB10B172B6B6
:10522000FEE700BF0F20CDE901064FF4A050049027
:105230004FF48050059001A805210395FCF712FA60
:1052400010B172B6FEE700BF12B070BD4EF68850C6
:10525000CEF20000016841F4700101607047000067
:105260004EF6AC10C2F20000FCF7ACBE4EF6AC102D
:10527000C2F20000FCF7A6BEB0B540F6FF3E0568DE
:10528000C4F2000E40F2004C7045C4F2010C25DC63
:10529000B0F1804F2FD040F20043C4F20003984297
:1052A00029D040F60003C4F20003984223D041F60F
:1052B000FF73C4F20003984228DC70453ADCB0F179
:1052C000804F5BD040F20043C4F20003984255D0B7
:1052D00040F60003C4F200034EE000BF40F6004376
:1052E000C4F20003984206D0604504D00023C4F203
:1052F00001039842DBD14B6825F0700243EA0205B6
:1053000041F6FF73C4F200039842D6DD43F6FF7303
:10531000C4F2010398421FDC42F20003C4F200030E
:1053200098422BD00023C4F20103984226D0604556
:1053300024D028E040F60043C4F2000398421DD078
:1053400041F60003C4F20003984217D041F600432F
:10535000C4F2000310E000BF44F20003C4F20103F2
:1053600098420BD044F60003C4F20103984205D0E2
:1053700044F20043C4F20103984204D1CB6825F4FF
:10538000407243EA02050A688C684B69C46240F4C3
:1053900080648262644504BF09690163026825F084
:1053A000800142F00402194302600122426101605F
:1053B000B0BD000070B582B0034642F64C001F2617
:1053C0000029C2F2000015A24FF4807108BF48F214
:1053D0001046009602F0F6FD44F68426C2F201065D
:1053E0003468CCB142F64C05C2F200052846FAF703
:1053F0002AFF82B2204629466423FDF767FB306806
:1054000050B148F6E251C0F600010322642302B015
:10541000BDE87040FDF75ABB02B070BD25732E6227
:10542000636F3D256400000070B542F64C004CF6F9
:10543000D4424CF6DD43C2F20000C0F60002C0F6D2
:1054400000034FF4807102F0BDFD44F68426C2F2E1
:1054500001063468002C08BF70BD42F64C05C2F24C
:1054600000052846FAF7EFFE82B22046294664235B
:10547000FDF72CFB306848B148F6E251C0F6000158
:1054800003226423BDE87040FDF720BB70BD00001F
:105490002DE9F04F81B02DED028B86B000280591EB
:1054A00000F0EA8005460598002800F0E580101F0E
:1054B000144610F1030FC0F0DF8042F64C004CF6AA
:1054C000D4424CF6DD43C2F20000C0F60002C0F642
:1054D00000034FF4807102F075FD44F68420C2F29F
:1054E00001000768D7B142F64C06C2F2000630460A
:1054F000FAF7A9FE82B2384631466423FDF7E6FA90
:1055000044F68420C2F20100006838B148F6E25146
:10551000C0F6000103226423FDF7D8FA1420FBF73C
:10552000FFFE601C4FF41671B1FBF0FB42F64C0716
:105530004FF000094FF4E67AC2F20007D84607E0C0
:10554000142009F10109FBF7EBFE4C45D84447D084
:1055500005994FF6E27031F919104044DAFA51F129
:1055600083B288B25FFA89F1AB267143490A01EB35
:105570004101A9EB010148F6C456C9B2C0F60006C4
:1055800008F11E0236F8111092B2CDE90002039123
:1055900038464FF480713BA2CDF808A002F012FD0E
:1055A00044F68420C2F201000668002EC8D03846B6
:1055B000FAF749FE82B2304639466423FDF786FA8F
:1055C00044F68420C2F2010000680028B8D048F6F2
:1055D000E251C0F6000103226423FDF777FAAFE73A
:1055E0009FED2D8A42F64C0840F2D11AC2F2000813
:1055F0000FF2A8095E4606E01420FBF791FE043581
:10560000013C5E4438D095ED000A6FF0310080EE29
:10561000080A10FA86F710EE100AFAF7A3FF41EC19
:10562000100B40464FF480714A463B46CDF800A02F
:105630008DED020B02F0C6FC44F68420C2F201009C
:105640000768002FD8D04046FAF7FDFD82B23846F1
:1056500041466423FDF73AFA44F68420C2F2010081
:1056600000680028C8D048F6E251C0F600010322C5
:105670006423FDF72BFABFE706B0BDEC028B01B047
:10568000BDE8F08F66696C6C2025642C25642C25A0
:10569000642C25642C25640000007A4478737472AD
:1056A0002025642C25642C3130302C33302C302CC8
:1056B00036353533352C302C312C312C22252E31FA
:1056C000666B22002DE9F04F81B000287CD089461E
:1056D000002979D0054642F64C004CF6D4424CF6EF
:1056E000DD43C2F20000C0F60002C0F600034FF432
:1056F000807102F067FC44F6842AC2F2010ADAF8EB
:105700000060BEB142F64C07C2F200073846FAF715
:105710009AFD82B2304639466423FDF7D7F9DAF8AC
:10572000000038B148F6E251C0F6000103226423BC
:10573000FDF7CCF93220FBF7F3FDB9F5167F28BF52
:105740004FF416793CA0494602F02CFC42F64C0678
:105750004CF6DD4B0027C2F200060FF2F408C0F64B
:10576000000B07E00220FBF7DBFD07F10A0087B220
:105770004F452DD235F817004FF48071C0F5E67013
:1057800084B2304642465B46B4F5E67F28BF4FF40C
:10579000E674009402F016FCDAF800100029E1D05B
:1057A00082B2084631466423FDF790F9DAF800002A
:1057B0000028D7D048F6E251C0F600010322642346
:1057C000FDF784F9CEE700BF01B0BDE8F08F00BF60
:1057D00042F64C004CF6DD43C2F200001FA2C0F6B8
:1057E00000034FF4807102F0EDFBDAF80050BDB118
:1057F00042F64C06C2F200063046FAF724FD82B2A9
:10580000284631466423FDF761F9DAF8000038B123
:1058100048F6E251C0F6000103226423FDF756F971
:105820004CF6CD4009FB00F0C10C0EA001B0BDE864
:10583000F04F02F0B7BB00BF54657374696E672008
:10584000616464207825642E2E2E0D0A000000006D
:105850006164642025732C302C25750072656620E8
:105860002573000077617665666F726D20746573CD
:10587000742025642073706172736520706F696E87
:1058800074732073656E740D0A000000B0B508B122
:10589000B0BD00BFA1F10A00042888BFB0BD0FF25F
:1058A0000601DFE800F00353253B0F0040F27801CA
:1058B000C2F20001012231A00A70BDE8B04000F040
:1058C000D7B800BF40F278044CF62540C2F200047D
:1058D0000125C0F600000021E570FFF76BFD4CF6D6
:1058E0002C40C0F600000121FFF764FD2570B0BD1B
:1058F00040F278044CF63A40C2F200040125C0F6AA
:1059000000000021A570FFF755FD4CF63340C0F6AE
:1059100000000121FFF74EFD2570B0BD40F2780474
:10592000C2F200040020E0704CF62540C0F60000F2
:1059300001210125FFF73EFD4CF62C40C0F600008A
:105940000021FFF737FD2570B0BD00BF40F278049D
:10595000C2F200040020A0704CF63A40C0F60000ED
:1059600001210125FFF726FD4CF63340C0F600006B
:105970000021FFF71FFD2570B0BD00BFE6B58BE924
:10598000878FE4B8AD2E2E2E0000000070B544F6CF
:105990008426C2F2010630604FF4FA60FBF7C0FCC7
:1059A00042F64C004CF6F442C2F20000C0F600028F
:1059B0004FF48071002302F005FB3468B4B142F665
:1059C0004C05C2F200052846FAF73DFC82B220469B
:1059D00029466423FDF77AF8306838B148F6E25179
:1059E000C0F6000103226423FDF770F802A0BDE8B1
:1059F000704000F03DB800BFE5B0B1E7BBAA207C25
:105A000020E6A8A1E5BC8F3A20E6B3A2E5BDA2201E
:105A10007C2031E591A8E69C9F00000010B540F283
:105A20007804C2F200046178022917D30A19937826
:105A3000FF2B11D1D2780240FF2A0DD1052913D3B3
:105A40002079652810D1E07901280DD16079A179FC
:105A50000022FFF71BFF07E01F2905D84A1C21443D
:105A60006270087110BD00BF0020607010BD0000A2
:105A700083B070B581B0044605A842F64C050EC04F
:105A800005A8C2F2000500901AA21DA328464FF4F3
:105A9000807102F097FA0646009B2844C6F1FC018B
:105AA000224602F0A9FA84192819C4F5807117A2B8
:105AB00002F088FA44F68425C2F201052B689BB1F6
:105AC000204442F64C0182B2C2F20001184664231F
:105AD000FCF7FCFF286838B148F6E251C0F6000137
:105AE00003226423FCF7F2FF01B0BDE8704003B06D
:105AF000704700BF25732E7478743D2200000000AB
:105B0000745F7374617475730000000022000000FC
:105B1000002808BF7047F0B581B02DED028B82B030
:105B200004460068FAF71EFD41EC100B42F64C00EB
:105B3000C2F200000FF238420FF24C434FF4807172
:105B40008DED000B02F03EFA44F68427C2F2010705
:105B50003D68B5B142F64C06C2F200063046FAF78F
:105B600072FB82B2284631466423FCF7AFFF3868E7
:105B700038B148F6E251C0F6000103226423FCF775
:105B8000A5FF1E20FBF7CCFB6068FAF7EBFC41ECAD
:105B9000100B42F64C00C2F200000FF2F4320FF28A
:105BA00008434FF480718DED000B02F00BFA3D6855
:105BB000B5B142F64C06C2F200063046FAF743FB96
:105BC00082B2284631466423FCF780FF386838B13A
:105BD00048F6E251C0F6000103226423FCF776FF89
:105BE0001E20FBF79DFB94ED020A9FEDB18A80EE2B
:105BF000080A10EE100AFAF7B5FC41EC100B42F659
:105C00004C00C2F200000FF2A8320FF2BC334FF486
:105C100080718DED000B02F0D5F93D68B5B142F60B
:105C20004C06C2F200063046FAF70DFB82B2284657
:105C300031466423FCF74AFF386838B148F6E25130
:105C4000C0F6000103226423FCF740FF1E20FBF78F
:105C500067FBE069FAF786FC41EC100B42F64C005A
:105C6000C2F20000DAA2E0A34FF480718DED000BC8
:105C700002F0A8F93D68B5B142F64C06C2F2000642
:105C80003046FAF7E0FA82B2284631466423FCF740
:105C90001DFF386838B148F6E251C0F60001032212
:105CA0006423FCF713FF1E20FBF73AFB207B02283E
:105CB00052D394ED050A80EE080A10EE100AFAF7A6
:105CC00051FC41EC100B42F64C004CF6A8424CF64D
:105CD000E043C2F20000C0F60002C0F600034FF439
:105CE00080718DED000B02F06DF93D68B5B142F6A3
:105CF0004C06C2F200063046FAF7A5FA82B22846F0
:105D000031466423FCF7E2FE386838B148F6E251C8
:105D1000C0F6000103226423FCF7D8FE1E20FBF727
:105D2000FFFA206AFAF71EFC41EC100B42F64C0019
:105D30004CF669424CF6E543C2F20000C0F60002A0
:105D4000C0F600034FF480718DED000B02F03AF9BC
:105D50003D68E5BB52E000BF42F64C004CF6E04324
:105D6000C2F20000A2A2C0F600034FF4807102F05C
:105D700029F93D68B5B142F64C06C2F2000630463C
:105D8000FAF761FA82B2284631466423FCF79EFE98
:105D9000386838B148F6E251C0F6000103226423A6
:105DA000FCF794FE1E20FBF7BBFA42F64C004CF6C3
:105DB00041424CF6E543C2F20000C0F60002C0F6D4
:105DC00000034FF4807102F0FDF83D68B5B142F672
:105DD0004C06C2F200063046FAF735FA82B228467F
:105DE00031466423FCF772FE386838B148F6E25158
:105DF000C0F6000103226423FCF768FE1E20FBF7B7
:105E00008FFA207B032855D394ED060A80EE080A0A
:105E100010EE100AFAF7A6FB41EC100B42F64C000C
:105E20004CF6BE424CF6EA43C2F20000C0F6000255
:105E3000C0F600034FF480718DED000B02F0C2F844
:105E40003D68B5B142F64C06C2F200063046FAF79C
:105E5000FAF982B2284631466423FCF737FE3868E7
:105E600038B148F6E251C0F6000103226423FCF782
:105E70002DFE1E20FBF754FA606AFAF773FB41EC23
:105E8000100B42F64C004CF67E424CF6EF43C2F249
:105E90000000C0F60002C0F600034FF480718DEDE3
:105EA000000B02F08FF83C68002C41D157E000BF96
:105EB00000007A4442F64C004CF693424CF6EA431A
:105EC000C2F20000C0F60002C0F600034FF4807179
:105ED00002F078F83C68B4B142F64C05C2F2000515
:105EE0002846FAF7B0F982B2204629466423FCF727
:105EF000EDFD386838B148F6E251C0F600010322E2
:105F00006423FCF7E3FD1E20FBF70AFA42F64C007F
:105F10004CF655424CF6EF43C2F20000C0F60002C8
:105F2000C0F600034FF4807102F04CF83C68B4B145
:105F300042F64C05C2F200052846FAF784F982B20F
:105F4000204629466423FCF7C1FD386838B148F67D
:105F5000E251C0F6000103226423FCF7B7FD1E20C6
:105F600002B0BDEC028B01B0BDE8F040FBF7D8B940
:105F700025732E7478743D225670703A20252E3188
:105F800066206D5622000000745F7670700000007D
:105F900025732E7478743D2256726D733A20252E27
:105FA0003166206D56220000745F76726D730000BA
:105FB00025732E7478743D2266313A20252E316681
:105FC000206B487A22000000745F663100000000F8
:105FD00025732E7478743D2255313A20252E316672
:105FE000206D562200000000745F75310000000033
:105FF00025732E7478743D2266323A202D2D2D2083
:106000006B487A2200000000806B0021C185FCF7FC
:1060100095B9000081B090F84210222921D18368FF
:106020000246B3F5805F09D152F8281F52F8183C98
:10603000002B63D003685B680AE000BF52F8281F9A
:1060400013B90369002BF5D003685B6803F07F0385
:106050000B70116801311160C18D01390A04C185CD
:1060600002D001B0704700BF0168CA6822F0200268
:10607000CA60CA6822F48072CA604A6922F00102CA
:106080004A61202180F8421000214163026B012AFD
:106090003CD10163016851E8031F026821F010013F
:1060A00042E80313DBB1016851E8031F026821F0E5
:1060B000100142E8031393B1016851E8031F02681D
:1060C00021F0100142E803134BB1016851E8031FAE
:1060D000026821F0100142E80313002BDAD10168B5
:1060E0000A68D20606D5002200920A680092496822
:1060F00000910099818D01B0FCF71EB902685268C9
:106100006FF35F2221F8022B8162A5E701B0FCF753
:10611000AFBC0000B0B50446006804F108030ECB24
:106120000569194325F440552A4302616269E36910
:106130001143C268194349F20C639A431143C16089
:106140004169A26921F4407141F20043114340F4D6
:106150008062C4F201039A42416103D1FBF748FB1C
:1061600002E000BFFBF730FBE1694FF69C75636806
:106170001922C0F6FF75B1F5004FA0FB02011FD137
:106180005A00DB0FFAF71CF848F21F51C5F2EB1169
:10619000A0FB01235A0905F1805302FB03003223BF
:1061A00003EBC000A0FB01014FF4F87000EA1110EE
:1061B00000EB0210C1F34211084421688860B0BDB1
:1061C0009A009B0FF9F7FCFF48F21F51C5F2EB1143
:1061D000A0FB01235A0902FB0500322303EB001048
:1061E000A0FB0101F02000EA511000EB0210C1F306
:1061F0004311084421688860B0BD00004EF63C2081
:10620000C2F20000FCF79CB8FEE700002DE9F04F59
:1062100081B0B0F800A01E4690460746012A0C4601
:106220003DD1BAF1000F3AD0201DBAF1040F0AF0A7
:1062300003011DD32AF0030290ED000A90ED021A2B
:1062400090ED042AB1EE400A90ED063A80ED000A86
:10625000B1EE410A80ED020AB1EE420A80ED040A75
:10626000B1EE430A80ED060A043A00F12000E3D1C2
:10627000A9B190ED000A0129B1EE400A80ED000AB3
:106280000DD090ED020A0229B1EE400A80ED020A1B
:1062900005D090ED040AB1EE400A80ED040ABAF18F
:1062A000FF0F0DDDBAF5806F20DBBAF5805F23D0DC
:1062B000BAF5006F28D0BAF5806F11D022E000BF88
:1062C000BAF13F0F06DCBAF1100F09D0BAF1200F76
:1062D0001AD017E0BAF1400F0ED0BAF1800F11D1E9
:1062E0003846214600F02AF9AEB9B2E0BAF5807F0F
:1062F0000AD0BAF5007F05D17A68204651460123BD
:1063000000F0C2FC3EB9A4E03846214600F0E4F9B2
:10631000002E00F09E80B889002800F09A80421E6E
:106320000123D7F8089003EB5202072802F0030C70
:1063300002D24FF0000E50E022F0030B09F10E07DD
:106340004FEA4B0E37F80E6C37F80C0C26F00306AC
:1063500020F00300A1592558A2192318A551215056
:10636000586851685060596037F80A0C37F8081CB3
:1063700020F0030021F00301235865582218661805
:1063800025506350706851685060716037F8060C92
:1063900037F8041C20F0030021F00301235865584E
:1063A00022186618255063507068516850607160FB
:1063B00037F8020C37F8101B20F0030021F003011E
:1063C0002358655822186618255063507068516824
:1063D000BBF1040B50607160B4D1BCF1000F38D038
:1063E00009EB4E0339F81E00598820F0030021F014
:1063F00003012758665822186518265067506868A8
:106400005168BCF1010F5060696022D09888D9882A
:1064100020F0030021F00301275866582218651860
:106420002650675068685168BCF1020F506069607F
:106430000FD01889598920F0030021F00301235857
:10644000675822186618275063507068516850606A
:106450007160B8F1010F6ED1BAF1000F6BD000EE90
:1064600010AAB8EE400AB7EE001A81EE000ABAF19F
:10647000040F0AF0030035D32AF0030194ED001A4B
:1064800094ED012A94ED023A20EE011A94ED034AAC
:1064900084ED001A22EE401A84ED011A20EE031A50
:1064A00094ED042A84ED021A24EE401A84ED031AB6
:1064B00020EE021A94ED052A84ED041A22EE401A09
:1064C00094ED062A84ED051A20EE021A94ED072AAF
:1064D00084ED061A22EE401A84ED071A043904F1FD
:1064E0002004CBD138B394ED001A94ED012A20EEAC
:1064F000011A22EE402A012884ED001A84ED012AB7
:1065000019D094ED021A94ED032A20EE011A22EE1E
:10651000402A022884ED021A84ED032A0BD094ED60
:10652000041A94ED052A20EE011A22EE400A84EDA9
:10653000041A84ED050A01B0BDE8F08F2DE9F0479B
:106540002DED028B80460388D8F80420084601EB25
:10655000830A082B4FEA5309C0F0AE806FF00E019A
:106560000AEB890C00EB890E01EA4304002700BF07
:106570000AEB0705C31993ED000A95ED004A93ED68
:10658000011A95ED015A0CEB07060EEB070193ED8E
:10659000022A95ED026A70EE045A91ED007AD6ED6A
:1065A000002AC3ED005A71EE055AD1ED010AD6ED6D
:1065B000013AC3ED015A72EE065A93ED033AD1ED5A
:1065C000021AD6ED024AC3ED025AD5ED035A30EE57
:1065D000440A33EE258A37EE224AD1ED036AD6ED1E
:1065E000037A83ED038A81ED004A30EEA34A81ED00
:1065F000014A31EEA44A81ED024A36EEA74A81ED06
:10660000034AD11931EE451A32EE462A33EEE05AEA
:1066100034EEE16AD1ED000AD1ED011A32EEC74A3B
:1066200060EE202A61EE213A21EE201A20EE210AA6
:1066300031EE400A85ED010A24EE210A25EE211AE9
:1066400025EE205A72EEA32A24EE204A30EE450AA7
:10665000C5ED002A86ED000A34EE010A86ED010A36
:1066600091ED020A91ED031A33EE653A22EE004AEB
:1066700023EE015A23EE003A22EE012A37EEE67AA3
:1066800033EE422A85ED032A26EE012A27EE011A6F
:1066900027EE003A26EE000A103734EE054A32EEB5
:1066A000432A30EE010ABC4285ED024A86ED022AF9
:1066B00086ED030A7FF45CAF4946022300F0E4FA5A
:1066C000D8F80420504649460223BDEC028BBDE8B1
:1066D000F04700F0D9BA00002DE9F04F81B02DED60
:1066E000108B8CB0038891ED000A5E0801EB860BDD
:1066F0000BEB860A91ED011A9AED002A9AED013A08
:106700000AEB860830EE024A30EE420A31EE032AE6
:1067100031EE431A9BED013A9BED005A0190D0F8FF
:1067200004E0980898ED017AD8ED000A6FF00102B4
:10673000009030EE036A71EE451A74EE452A72EE4F
:10674000433A30EE430A31EE051A34EE054A32EE92
:10675000032A02EB930036EE476A71EEA01A72EE3E
:10676000E02A73EEC73A30EE070A31EE601A34EED3
:10677000204A32EE072A440881ED004A81ED012AC1
:106780008BED006ACBED011ACAED002ACAED013A81
:1067900088ED000A88ED011ACDF82880CDF810B0F8
:1067A00000F056816FF0030006EB46026FF007031E
:1067B00000EB061503EB820700EBC60C03EB860B20
:1067C000002076464FF0000E00230990CDE9021A12
:1067D0000B97CDE907540B9A01EB05098F18049A22
:1067E000CDF818C0C8180AEB03080A9D1A4490EDAA
:1067F000024A90ED035AD8ED020AD8ED031A1D445F
:1068000092ED020A92ED032A34EE206A35EE217AE7
:1068100095ED021A95ED033A76EE002A77EE023AEC
:1068200072EE812A73EE833AC0ED022AC0ED033A7C
:1068300001EB0B008C44D0ED015AD7ED016ADCED81
:10684000003A75EEA62AD9ED004A34EE604A72EE9F
:10685000A30A70EEA47A35EE615A90ED008A97EDA6
:10686000009A5CED010A59ED011AC0ED017A1CEDA8
:1068700001AA78EE097A19ED01BA37EE8AAA3AEE42
:106880000BAA80ED00AAF01834EE02AA35EE40BA49
:1068900090ED02CA90ED03DA3AEE43AA3BEE01BA5C
:1068A0002AEE0CEA2BEE0DFA2BEE0CBA2AEE0DAA0C
:1068B00075EEE65A3BEE4AAA38EE498A75EEE06A72
:1068C00033EEE49A82ED03AA76EEA16A38EE09AAC5
:1068D00026EE8DBA2AEE0DDA2AEE0CAA66EE8C6A46
:1068E0003EEE0FEA3BEE4AAA76EE8D6A82ED02EAB0
:1068F0004CED016A8CED00AA06EB0E0036EE406A04
:1069000037EE427AD0ED046A90ED05AA36EE416A80
:1069100037EE437A26EE26BA27EE0ACA27EE267A03
:1069200026EE0A6A37EE466A88ED036A32EEE36ABB
:1069300037EEE07A059536EE646A37EE617A66EEF8
:10694000662A67EE263A27EE0A7A26EE0A6A099A3E
:106950003BEE0CBA32EEC77A36EE636A88ED02BAC5
:1069600087ED006A87ED017AB01890ED066A90ED28
:10697000077A34EE422A35EE000A32EE032A30EE70
:10698000410A22EE061A20EE073A059831EE031A64
:1069900020EE060A22EE072AB2460C4630EE420AE4
:1069A00080ED021A31EEE01A1832DDE907540B9F30
:1069B00080ED030ADDF80CA0DDF8288039EE480AE6
:1069C00031EE651ADDF818C0099221EE072A20EE93
:1069D000073A20EE060A21EE061A029932EE400A24
:1069E00031EE031A013C03F10803A5F10805A7F1F4
:1069F00008070EF1100EACF1080CABF1080B09ED15
:106A0000011A89ED000A7FF4E3AE06EB030C0CF1EA
:106A1000080008900498324600EB030B06EB0E00CA
:106A2000079010300B90099D01EB03090AEB03005E
:106A30001544434409F108070BF1080400F1080666
:106A400005F1180E03F10808CDF824E019E000BFA5
:106A50000EF1180009900EF110000B900EF10800D5
:106A6000434608F108080AF108060BF108040890EB
:106A700001F10807504672467546CDF81CE0F44611
:106A8000894697ED000A96ED001A94ED007A30EEF3
:106A9000012AD8ED000A99ED033A90ED034A72EE0F
:106AA000472A32EE072A32EE202A30EE410A33EE30
:106AB000041A33EE443A9BED034A93ED035A87EDF3
:106AC000002A9BED032A30EE046A71EE443A30EE60
:106AD000440A93ED034A31EE021A31EE041A089F7C
:106AE00089ED031A73EE471A97ED001A9CED032AFD
:106AF00036EE456A71EEA01A73EEC53A30EE050A1D
:106B000026EE014A21EE825A21EE811A26EE022A51
:106B100034EE054A31EE421A0B9F84ED004A8BEDAC
:106B2000031A97ED001A079F72EEE02A97ED052AE7
:106B300022EE814A23EE825A23EE811A22EE822A25
:106B400034EE054A31EE421A86ED004A80ED031A12
:106B5000099833EE073A90ED001A95ED072A33EEC7
:106B6000603A20EE014A23EE025A23EE011A20EE8B
:106B7000020A009D34EE052A31EE400A88ED002A13
:106B800083ED030A08462946042300F07DF8019CA2
:106B9000049862682946042300F076F8626850463B
:106BA0002946042300F070F862680A9829460423F5
:106BB0000CB0BDEC108B01B0BDE8F04F00F064B834
:106BC000002A08BF7047A0F10803081F93ED020ACE
:106BD00093ED031A20EE000A21EE011A30EE010AAD
:106BE0000833B1EEC00A80ED010A0430013AEDD15C
:106BF000704700009FED211A9FED212A20EE010A27
:106C0000B5EE001A30EE010ABDEEC01A11EE100A00
:106C1000B5EE400AF1EE10FAB8BF013801EE100AE5
:106C2000B8EEC11A30EE410A20EE020ABDEEC01ADB
:106C30009FED142A11EE100A410A30EE021A4CF2AE
:106C4000C8311CBF0020B0EE410AC0F6000101EEC1
:106C5000100A01EB8001B8EE411A30EE410A91EDC5
:106C6000001A91ED012AB7EE003A33EE403A20EED9
:106C7000020A23EE011A31EE000A704783F9223E20
:106C800000000044000000C42DE9F04F81B02DED5C
:106C9000108BA0B0DFED05CACDE90332021D0C3028
:106CA0000C46029201901A9102E000BFF304353FB6
:106CB000E30824F007001990D8000790A0EBD40057
:106CC000C000189003EB43004FEA031E0201C60008
:106CD00003EB830008935F01029BE500C0004FF0C7
:106CE000000B1F950C96CDE91D42CDE91B7000BF2E
:106CF00019981F4403EB00091C9803EB0E0C03EBDF
:106D000000080C981A4403EB000A189813ED011AB6
:106D10001E1817ED012A19ED013A18ED014A1CED74
:106D2000017A52ED010A5AED011A56ED012A31EEAF
:106D3000025A33EE046A77EE203A71EEA24A75EEFB
:106D4000235A76EE246A75EEA67A43ED017A75EE43
:106D5000E65AD9ED007A98ED008A9AED00BA96EDE0
:106D600000CAD3ED006A47ED015AD7ED005A9CEDF9
:106D7000009A92ED00AA37EE88EA7BEE0C8A36EE96
:106D8000A5DA39EE0AFA35EE635A36EE646A7EEE1B
:106D9000684A7DEE0F9A7DEE4F3A35EE24DA35EEF5
:106DA000645A7EEE28AA0CED01DA33EEC6DA02ED63
:106DB000015A36EE235A31EE421A33EE442A37EEA8
:106DC000603A31EEE24A37EEC86A7BEE4C0A79EE61
:106DD000AABA79EEEA9A72EE441A32EE042A36EE34
:106DE000604A36EE206AC3ED00BAC7ED009A8CED1A
:106DF00000DA82ED005A36EEE55A39EE4A7A61EE53
:106E0000AC1A22EE2C2A24EE2C4A26EE2C6A1D9C6B
:106E10001F9D1A9971EE210A73EE022A75EE043A4B
:106E200077EE064A31EE611A33EE422A35EE443AE5
:106E300037EE464A70EEA45A70EEE40A31EE045A78
:106E40001B9F31EE441A1E9AA34449ED015A73EE7A
:106E5000E25A46ED010A72EEA30A08ED015A33EE3A
:106E6000425A0AED011A32EE031A8B452B44C9ED42
:106E7000005AC6ED000A88ED005A8AED001AFFF4A8
:106E800037AF402CC0F0AC810399CDF818E088B240
:106E90000899DDF804E0C1EBC1014FEAC10C0026FE
:106EA000012405900598049B064403EBC60191ED6F
:106EB000000ACDE909E48DED190A91ED010A03EB11
:106EC00006118DED180A91ED000A0C988DED170A48
:106ED00091ED010A06EB460103EBC1028DED160AA6
:106EE00092ED000A03EB01118DED150A92ED010AF6
:106EF00003EB46128DED140A92ED000A0B968DED10
:106F0000130A92ED010A06EB860203EBC2028DED35
:106F1000120A92ED000A8DED110A92ED010A8DED33
:106F2000100A91ED000A8DED0F0A91ED010AC6EBF2
:106F3000C60103EBC1018DED0E0A91ED000AD1ED02
:106F4000016A2346DDE906548DED0D0A1C9977444C
:106F50000EEB01081E990EEB04090EEB050B0EEB70
:106F6000010A0EEB00020EEB0C065EED017A17ED46
:106F7000018A19ED019A18ED01AA1BED01BA1AED6B
:106F800001CA12ED01DA16ED01EA77EE88FA39EE60
:106F90000A0A3BEE0C1A3DEE0E2A3FEE81FA70EE25
:106FA000028A7FEE289A4EED019A3FEE683A9EEDF6
:106FB00000FAD7ED008AD9ED009AD8ED00AADBEDF2
:106FC00000BAF0EE6C3ADAED00CAD2ED00DAD6ED96
:106FD00000EA3FEE284A39EEAA5A3BEEAC6A3DEE93
:106FE000AE7A74EE060A75EE071ADDED134ADDED92
:106FF000125A70EEA12A70EEE10ACEED002A64EE7C
:10700000831A65EEA02A64EEA00A25EE833A71EE9B
:10701000A21A30EEC33A47ED011A87ED003A3FEE6F
:10702000C11A30EE420A34EE462A35EE473ADDED1B
:10703000170ADDED161A31EE034A32EE405A20EE01
:10704000846A21EE857A20EE855A21EE844A35EE57
:10705000444A8BED004A9DED0F4A9DED0E5A31EEEC
:10706000431A30EE020A24EE012A25EE003A24EEFD
:10707000000A25EE011A37EE066A33EE022A30EED8
:10708000410A39EE4A1A3DEE4E3A39EEEA5A3DEEE1
:10709000EE7A71EE430A31EE031A35EE473A35EED9
:1070A000075A0BED016A0AED012A8AED000A37EE54
:1070B000C80A3BEE4C2A3FEE684A3BEEEC6A20EEF3
:1070C000A37A21EE231A23EE233A25EE235AF0EE7B
:1070D00063CA70EE070A72EE011A74EE032A76EEA6
:1070E000057ADDED193A9DED18CA30EEA78A32EE29
:1070F000E19A23EE88AA2CEE09BA23EE899ADDEDF7
:107100000D3A70EEE70A71EEA21A2CEE088A63EED1
:10711000A02A66EEA17A63EEA11A66EEA00A39EE05
:10712000488A71EEE00A89ED008AC6ED000A30EE69
:10713000470A32EE411A34EE432A36EE453ADDED87
:10714000110ADDED101A30EE034A32EE415A20EEFC
:10715000846A21EE857A20EE855A21EE844A35EE46
:10716000444A88ED004A9DED154A9DED145A30EED3
:10717000430A31EE021A24EE002A25EE013A24EEEB
:10718000011A25EE000A3AEE0BAA72EEA72A36EE95
:10719000076A32EE032A31EE400A09ED01AA46EDF4
:1071A000012A08ED016A02ED012A82ED000A1D9A0A
:1071B0001A9913441F9A1B9F8B429644FFF4C6AE44
:1071C0000A9C089ADDF824E001340B9E94420EF1EB
:1071D000080E7FF467AE0398089CC000039067E533
:1071E00020B0BDEC108B01B0BDE8F08F2DE9F04769
:1071F00090468A46002B5DD09AED001A9AED012A3E
:107200000688D0F814E031EE023AB6EE000A31EE0C
:10721000421A23EE003A21EE001A022E88ED003ABF
:1072200088ED011AC0F01383721E0AEBC20712F038
:107230000301A6F1020C00F09D8097ED001A97ED76
:10724000012A9AED023A9AED034A9EED025A9EED0A
:10725000036A33EE417A72EE040A67EE051A60EEB5
:10726000862A27EE066A31EE031A34EE422A25EE0C
:10727000205A31EE611A32EE062A31EE621A32EEEF
:10728000452A21EE001A22EE002A012988ED021A71
:1072900088ED032A40F0AA800AF1080A08F10809DB
:1072A0000EF1080E083F6246BCF1030F80F00E821B
:1072B000CDE200BF51460022012306460127FEF71A
:1072C000A5FF9AED000A9AED011A318830EE002AE6
:1072D00031EE011A32EE013AB6EE000A32EE411AF0
:1072E0004B1E23EE003A21EE001A706988ED003A39
:1072F00088ED011A012BB8BF1F46CA1B12F0030606
:107300000AEBC30200F0E18092ED001A9AED023A16
:1073100092ED012A9AED034A90ED025A90ED036A2C
:1073200031EE437A72EE040A67EE051A27EE067A0A
:1073300031EE031A34EE422A25EE205A20EE866AF8
:1073400031EE211A32EE072A31EE061A32EE452AC4
:1073500021EE001A22EE002A012E88ED021A88ED95
:10736000032A0DD10AF1080A08F108080830083A82
:107370008B1EAAE0C146BCF1030F80F0A78166E234
:1073800012ED021A9AED043A12ED012A9AED054A1D
:1073900090ED045A90ED056A31EE437A72EE040ADC
:1073A00067EE051A27EE067A31EE031A34EE422A0A
:1073B00025EE205A20EE866A31EE211A32EE072A97
:1073C00031EE061A32EE452A21EE001A22EE002A8C
:1073D000022E88ED041A88ED052A43D10AF1100A1D
:1073E00008F110081030103ACB1E6EE017ED021AAB
:1073F00017ED012A9AED043A9AED054A9EED045ADA
:107400009EED056A33EE417A72EE040A67EE051AC4
:1074100060EE862A27EE066A31EE031A34EE422A1F
:1074200025EE205A31EE611A32EE062A31EE621A4A
:1074300032EE452A21EE001A22EE002A022988EDBA
:10744000041A88ED052A40F009810AF1100A08F1B2
:1074500010090EF1100E103FF21EBCF1030F80F068
:107460003581F4E19AED061A12ED043A9AED072AF5
:1074700012ED034A90ED065A90ED076A33EE417A19
:1074800074EE020A67EE051A27EE067A33EE011A49
:1074900032EE442A25EE205A20EE866A31EE211A79
:1074A00032EE072A31EE061A32EE452A21EE001A94
:1074B00022EE002A0AF1180A88ED061A88ED072A3A
:1074C00008F118081830183A0B1F791A11F1040F37
:1074D00088BFBDE8F08702F12407191D002200BF14
:1074E0000AEB0206851817ED092A96ED023A17ED08
:1074F000081A96ED034A95ED025A95ED036A32EEAD
:10750000437A71EE040A67EE051A27EE067A32EE28
:10751000032A34EE411A25EE205A20EE866A32EE16
:10752000212A31EE071A32EE062A31EE451A08EB0F
:10753000020322EE002A21EE001A83ED022A83EDD7
:10754000031A17ED0B2A96ED043A17ED0A1A96ED79
:10755000054A95ED045A95ED056A32EE437A71EECF
:10756000040A67EE051A27EE067A32EE032A34EE95
:10757000411A25EE205A20EE866A32EE212A31EE9B
:10758000071A32EE062A31EE451A22EE002A21EEC3
:10759000001A83ED042A83ED051A17ED0D2A96EDE6
:1075A000063A17ED0C1A96ED074A95ED065A95ED39
:1075B000076A32EE437A71EE040A67EE051A27EE87
:1075C000067A32EE032A34EE411A25EE205A20EED6
:1075D000866A32EE212A31EE071A32EE062A31EEA1
:1075E000451A22EE002A21EE001A83ED062A83EDC9
:1075F000071A17ED0F2A96ED083A17ED0E1A96EDB9
:10760000094A95ED085A95ED096A32EE437A71EE12
:10761000040A67EE051A27EE067A32EE032A34EEE4
:10762000411A25EE205A20EE866A32EE212A31EEEA
:10763000071A32EE062A31EE451A0439203F22EEAF
:10764000002A21EE001A2032042983ED082A83ED56
:10765000091A3FF745AFBDE8F08700BF9AED061A5B
:107660009AED072A17ED045A17ED036A9EED063AC4
:107670009EED074A31EE457A76EE020A67EE031A6E
:1076800060EE842A27EE044A35EE011A32EE462ACD
:1076900023EE203A31EE611A32EE042A31EE621AFC
:1076A00032EE432A0AF1180A08F118090EF1180EF1
:1076B00021EE001A22EE002A183F321F88ED061A2A
:1076C00088ED072ABCF1030FC0F0C180561E07F1F8
:1076D000240100270AEB07020EEB070511ED081A3B
:1076E00011ED092A92ED023A92ED034A95ED025A04
:1076F00095ED036A33EE427A71EE040A67EE051ADD
:1077000060EE862A27EE066A32EE032A34EE411A2C
:1077100025EE205A32EE612A31EE061A32EE622A46
:1077200031EE451A09EB070422EE002A21EE001A79
:1077300084ED022A84ED031A11ED0A1A11ED0B2AC9
:1077400092ED043A92ED054A95ED045A95ED056ADD
:1077500033EE427A71EE040A67EE051A60EE862A6D
:1077600027EE066A32EE032A34EE411A25EE205A3D
:1077700032EE612A31EE061A32EE622A31EE451AF5
:1077800022EE002A21EE001A84ED042A84ED051A67
:1077900011ED0C1A11ED0D2A92ED063A92ED074A01
:1077A00095ED065A95ED076A33EE427A71EE040ABA
:1077B00067EE051A60EE862A27EE066A32EE032A85
:1077C00034EE411A25EE205A32EE612A31EE061AC5
:1077D00032EE622A31EE451A22EE002A21EE001A1C
:1077E00084ED062A84ED071A11ED0E1A11ED0F2A09
:1077F00092ED083A92ED094A95ED085A95ED096A1D
:1078000033EE427A71EE040A67EE051A60EE862ABC
:1078100027EE066A32EE032A34EE411A25EE205A8C
:1078200032EE612A31EE061A32EE622A31EE451A44
:10783000043E203922EE002A21EE001A203716F1EC
:10784000020F84ED082A84ED091AFFF443AF414684
:107850001A460123BDE8F047FEF7D8BC10B5B1F5D4
:10786000007F4FF0FF0219DA7F2935DC202963D031
:10787000402940F0B680002800F0B3804CF29032EE
:10788000C0F6000202F1040C02F1080E02F10C0332
:107890004CF6FC22C0F60102202496E0B1F5006F00
:1078A00032DAB1F5007F59D0B1F5806F40F09980A0
:1078B000002800F096804CF2A032C0F6000202F1DF
:1078C000040C02F1080E02F10C0344F67C42C0F6EF
:1078D00001024FF4007478E0802953D0B1F5807F25
:1078E00040F07F8000287CD04CF25032C0F600027D
:1078F00002F1040C02F1080E02F10C0347F67C625F
:10790000C0F60102802460E04ED0B1F5805F68D1FE
:10791000002866D04CF27032C0F6000202F1040C6E
:1079200002F1080E02F10C0348F2FC22C0F601023B
:107930004FF4006449E000BF002852D04CF260329E
:10794000C0F6000202F1040C02F1080E02F10C0371
:1079500048F27C22C0F60102102436E0002840D014
:107960004CF28032C0F6000202F1040C02F1080E63
:1079700002F10C034CF2FC22C0F601024FF48074B9
:1079800023E000BF68B34CF2B032C0F6000202F14F
:10799000040C02F1080E02F10C0345F67C42C0F61D
:1079A0000102402411E000BFD8B14CF24032C0F6D1
:1079B000000202F1040C02F1080E02F10C0345F67C
:1079C0007C62C0F601024FF480641B8804808381CE
:1079D000DEF80030DCF8004042610022C0E90143DB
:1079E000018250B210BD0000F0B581B02DED028BC8
:1079F000044642F64C10C2F200009FED050A40F228
:107A00004C5300F13C010022C2F2000302E000BF2F
:107A1000000000009E5A9F186FF31F3601EE106A97
:107A20007E88B8EE411A6FF31F3601ED0F1A30EE63
:107A3000010A01EE106ABE88B8EE411A6FF31F36D4
:107A400001ED0E1A30EE010A01EE106AFE88B8EE62
:107A5000411A6FF31F3601ED0D1A30EE010A01EEE7
:107A6000106A3E89B8EE411A6FF31F3601ED0C1A09
:107A700030EE010A01EE106A7E89B8EE411A6FF30A
:107A80001F3601ED0B1A30EE010A01EE106ABE89B5
:107A9000B8EE411A6FF31F3601ED0A1A30EE010AF3
:107AA00001EE106AFE89B8EE411A6FF31F3601ED40
:107AB000091A30EE010A01EE106A3E8AB8EE411A48
:107AC0006FF31F3601ED081A30EE010A01EE106A5D
:107AD0007E8AB8EE411A6FF31F3601ED071A30EEB9
:107AE000010A01EE106ABE8AB8EE411A6FF31F3622
:107AF00001ED061A30EE010A01EE106AFE8AB8EEB8
:107B0000411A6FF31F3601ED051A30EE010A01EE3E
:107B1000106A3E8BB8EE411A6FF31F3601ED041A5E
:107B200030EE010A01EE106A7E8BB8EE411A6FF357
:107B30001F3601ED031A30EE010A01EE106ABE8B0A
:107B4000B8EE411A6FF31F36FF8B01ED021A30EECB
:107B5000010A01EE106AB8EE411A6FF31F3701ED0A
:107B6000011A30EE010A01EE107AB8EE411A203205
:107B700081ED001A30EE010AB2F5005F01F140011B
:107B80007FF448AF9FEDCD8A4AF64C1220EE080AEA
:107B90000021C2F2000200BF431893ED001A5718EB
:107BA00097ED005A93ED012A31EE401A97ED016AE4
:107BB00021EE051A93ED023A83ED001A32EE401AD7
:107BC00097ED027A21EE061A93ED034A83ED011A2E
:107BD00033EE401AD7ED030A21EE071A83ED021A9D
:107BE00034EE401A21EE201A83ED031A93ED041AA5
:107BF00097ED042A31EE401A21EE021A83ED041AA1
:107C000093ED051A97ED052A31EE401A21EE021A7E
:107C100083ED051A93ED061A97ED062A31EE401A08
:107C200021EE021A83ED061A93ED071A97ED072A43
:107C300031EE401A21EE021A83ED071A93ED081A6D
:107C400097ED082A31EE401A21EE021A83ED081A48
:107C500093ED091A97ED092A31EE401A21EE021A26
:107C600083ED091A93ED0A1A97ED0A2A31EE401AAC
:107C700021EE021A83ED0A1A93ED0B1A97ED0B2AE7
:107C800031EE401A21EE021A83ED0B1A93ED0C1A15
:107C900097ED0C2A31EE401A21EE021A83ED0C1AF0
:107CA00093ED0D1A97ED0D2A31EE401A21EE021ACE
:107CB00083ED0D1A93ED0E1A97ED0E2A31EE401A50
:107CC00021EE021A83ED0E1A93ED0F1A97ED0F2A8B
:107CD00031EE401A403121EE021AB1F5804F83EDAA
:107CE0000F1A7FF459AF40F2240646F64C15C2F243
:107CF000000642F64C11C2F2000506F11C00C2F269
:107D000000012A460023FFF771FA42F68427C2F2E7
:107D1000010705F10800391D40F2FF72FEF750FF20
:107D200095ED000A07F13001B0EEC00A87ED000AB8
:107D300097ED010A0222012011ED0A1AB4EE401A51
:107D4000F1EE10FAC8BFB0EE410A11ED091AC8BF32
:107D50001046B4EE401AF1EE10FAC8BFB0EE410A78
:107D600011ED081AC8BF501CB4EE401AF1EE10FA1B
:107D7000C8BFB0EE410A11ED071AC8BF901CB4EE9F
:107D8000401AF1EE10FAC8BFB0EE410A11ED061A22
:107D9000C8BFD01CB4EE401AF1EE10FAC8BFB0EE66
:107DA000410A11ED051AC8BF101DB4EE401AF1EEDC
:107DB00010FAC8BFB0EE410A11ED041AC8BF501D39
:107DC000B4EE401AF1EE10FAC4BFB0EE410A901DB5
:107DD00011ED033A11ED021A11ED012AB4EE403A09
:107DE00091ED004AF1EE10FAC4BFB0EE430AD01D87
:107DF000B4EE401AF1EE10FAC4BFB0EE410A02F13F
:107E00000800B4EE402AF1EE10FAC4BFB0EE420A08
:107E100002F10900B4EE404AF1EE10FAC4BFB0EE30
:107E2000440A02F10A000B32B2F5006F01F12C0195
:107E300082D100EE100A411E40F2FE729142B8EE6D
:107E4000400A29D207EB800007EB810190ED003A50
:107E500091ED001A90ED012A33EE033A31EE433AE8
:107E600033EE023AB5EE403AF1EE10FA14D031EEAC
:107E7000421AB6EE002A21EE021A81EE031A9FED95
:107E8000104AB0EEC13AB4EE423AF1EE10FAB8BF81
:107E9000B0EE414A34EE000A01EE104AB8EE411A43
:107EA00020EE010A9FED071A20EE080A80EE010A73
:107EB000F460BDEC028B01B0F0BD00BF0000803962
:107EC0000000008000007A4480B582B001904EF638
:107ED000F410C2F2000001A901224FF6FF73FAF775
:107EE000F5FD019802B080BDF9F712FBFDF758F9D6
:107EF000FAF7BAFEFAF7A2FFFAF7F8FEFAF7BCFFB4
:107F0000FAF7D8FF13A000F03BFF4EF63C24C2F274
:107F100000042046F8F744FD12A000F031FF40F2C3
:107F20007401C2F2000120460122FAF777FD10B178
:107F300011A000F025FF16A000F022FFFBF70CF8BF
:107F4000F8F766FD002818BFFDF718F9F8F75EFD91
:107F5000F4E700BF53637265656E20696E69742E25
:107F60002E2E0D0053637265656E20696E69742054
:107F7000646F6E650D000000555341525436205217
:107F800058207374617274204641494C45440D0079
:107F9000555341525436205258207374617274659F
:107FA000640D00000FB4054B10B503A9044A0298F4
:107FB00000F0E6FA10BC5DF814FB0000C97E000872
:107FC000000000200FB47CB50C0009AD01D0611E8B
:107FD00000E00021CDE90001064B6A4629460898D9
:107FE00000F0CEFA002C02D0009A002111707CBC67
:107FF0005DF814FBAF8C00087CB50C001D461646DE
:10800000014601D0601E00E00020CDE90010064BC3
:108010006A462946304600F0B3FA002C02D0009A96
:10802000002111707CBD0000AF8C000841000802E7
:1080300018BF04200A0E18BF40F001004FF07F4225
:1080400032EA010108BF40F00200012808BF052004
:108050007047000010EE100AC0F3C7517F3917298E
:10806000A8BF7047DFED140A002970EE200A0DDA70
:10807000F5EEC00AF1EE10FA1ADD0028A8BF0020C4
:1080800016DAB0F1004F18BF0C4811E00C4ACA4094
:10809000104208BF7047F5EEC00AF1EE10FA07DD96
:1080A000002804DA4FF4000323FA01F10844904356
:1080B00000EE100A70470000CAF24971000080BF4C
:1080C000FFFF7F0000B510EE101A2DED028B81B07E
:1080D000524A6846B2EB410F2ED94FF0E640B0EB62
:1080E000410F94BF00204FF0FF3000900098B0EE99
:1080F000408A00286ADB10F0010F4BD068EE080AB6
:108100009FED471A9FED470A00EE810A9FED461A40
:1081100010F0020F00EE801AB7EE000A00EE810A9E
:1081200002BF01B0BDEC028B00BD00BF01B0B1EEDB
:10813000400ABDEC028B00BD3C4B21F00042934253
:1081400041D911F0004FDFED3A0A20EE201ADFEDA1
:10815000390A19BF31EE601A71EE200A31EE201A89
:1081600071EE600ABDEEE01A11EE100A9FED321AB0
:1081700000F0030000EEC10A9FED301A009000EEFF
:10818000C10A9FED2F1A00EEC10A9FED2E1A00EED4
:10819000C10AABE728EE080A9FED2B1ADFED2B0A88
:1081A00010F0020F40EE010A9FED291A00EE201A8E
:1081B00061EE000AB0EE480A08EE200AB6D101B01E
:1081C000BDEC028B00BD00F059F88FE718EE100AE5
:1081D0004000B0F17F4F0DD218EE100AFFF726FFD6
:1081E000042808BF00F042F8B0EE480A01B0BDEC28
:1081F000028B00BD09D1012000F0FAF801B0BDECFE
:10820000028B5DF804EB00F029B801B0B0EE480A2B
:10821000BDEC028B5DF804EB00F01CB8B61F927E3B
:10822000B93AB2BACA9F2A3DDDFFFFBE490E4946A0
:1082300083F9223F0000004B0000C93F00A0FD3938
:108240000020A2331A61342C336D4CB9DA82083C19
:10825000A0AA2ABE30EE000A70470000DFED020A35
:1082600080EEA00A70470000000000009FED020AA7
:1082700020EE000A70470000000000102DE9F00118
:108280004FF07F42B2EB410F9FBF4FF0FF310160D3
:10829000BDE8F00170474FF0004242EA0123C1F30C
:1082A000C752783A551112F01F0C434CCCF12006FE
:1082B0007C44C1F3C752A2F178024FEA621204EB88
:1082C000820254F8254008BFD2E9015612D0556801
:1082D00004FA0CF425FA06F73C43976805FA0CF506
:1082E00027FA06F8D26807FA0CFCF24045EA0805BE
:1082F0004CEA0206A4FB034CA5FB0352A6FB036356
:108300001D449D4234BF012600261319334416B183
:10831000934202D903E0934201D2012200E00022FD
:10832000624402F1200C9206DC0C42EA443200EE78
:10833000102A5B03DFED210AF8EEC01A00EE103AB6
:108340004FEA9C1C11F0004FB8EE400AC0F800C084
:1083500020EE201A00EE105ADFED190AB8EE400A9E
:1083600020EE200A71EE810A70EE800A10EE902A4B
:1083700002F500626FF30B0200EE902A70EEE11A34
:1083800031EEC11ADFED101A30EE411A9FED0D0AE1
:1083900020EE800A01EE210A9FED0C1A00EE810A00
:1083A00004BFBDE8F0017047CCF180510160BDE829
:1083B000F001B1EE400A7047F00A000000000036FC
:1083C0000000802C22AAFD29DB0FC92F0000C92F35
:1083D00002E008C8121F08C1002AFAD1704770478E
:1083E000002001E001C1121F002AFBD170470000EC
:1083F00001490860704700000C0000202DE9FF5F74
:1084000082B00021DDE90430020DDDF840B0034305
:1084100018D044F61050A2F2FF32424315141198BE
:1084200001281FD0A5EB0B00401C5FEA000A4FF0AB
:1084300000064E4FDFF83891B046504615D5CAF1C8
:10844000000413E0119801244AA3012801D16FEA26
:108450000B010298119AC0E90031C0E9024206B04E
:10846000BDE8F09FCBF10000DFE704460021404A61
:10847000491842EB0450CDE9001012E0E00707D0A4
:1084800032463B4640464946F7F78BFF80468946D1
:1084900032463B4610461946F7F783FF06460F461D
:1084A0006410002CEAD1DDE90401DDE90023BAF112
:1084B000000F06DAF7F775FF42464B46F7F771FFF4
:1084C00005E0F7F7E0FF42464B46F7F7DCFF0446CE
:1084D0000E460022284BF8F715F903D84FF0FF306D
:1084E000014607E00022254B20463146F7F7B2FE51
:1084F000F8F7EFF8102409E0002C0ADB0A22002329
:10850000F7F75EFE039B30321A55641E50EA0102F3
:10851000F2D1641C039AC4F111031444119A012A84
:1085200003D0012208430DD10AE0084304D0002003
:108530004FF0110B119072E7A3EB0B056D1E0DE0D0
:108540005B4504DD4FF0000205F1010504E003DAAC
:108550004FF00002A5F10105002AECD00298119914
:10856000C0E90231C0E9004579E70000000014408D
:108570000000F03F300000000000F0430000E03F4A
:108580002DE9FF4F95B09B468946064600250FE230
:10859000252877D100242746F84A0121059400E0D8
:1085A000044316F8013F203B01FA03F01042F7D1D3
:1085B00030782A2811D06FF02F033078A0F13002E4
:1085C000092A16D8059A44F0020402EB820203EB52
:1085D00042021044761C0590EFE759F8042B0592EF
:1085E000002A03DA504244F40054059044F0020497
:1085F000761C30782E2816D116F8010F44F00404AA
:108600002A280DD06FF02F023078A0F13003092B0B
:1086100009D807EB870302EB4303C718761CF3E77F
:1086200059F8047B761C30786C280FD006DC4C2877
:1086300017D068280DD06A2814D104E0742810D00F
:108640007A280FD10DE044F400140AE044F48014B9
:1086500001E044F440147278824202D104F580149F
:10866000761C761C307866280BD013DC582877D01F
:1086700009DC002875D04528F6D04628F4D04728D4
:108680001AD19DE118E0632835D0642879D0652897
:1086900012D195E1702873D008DC6728F1D06928E1
:1086A0006FD06E280DD06F2806D1B5E073282CD07E
:1086B000752875D0782874D05A46179990476D1C44
:1086C00075E1C4F30250022809D003280DD0D9F86F
:1086D000001004280DD00D6009F1040967E1D9F8F4
:1086E0000010EA17C1E90052F6E7D9F800100D8032
:1086F000F2E70D70F0E719F8041B8DF80010002068
:108700008DF80100EA46012003E059F804AB4FF070
:10871000FF3061074FF0000102D40DE008F10101C4
:108720008846B9420FDA8045F8DB1AF808100029AC
:10873000F4D108E008F1010188468142FADB1AF819
:1087400008100029F6D105985B46A0EB08072146E2
:108750003846179A00F094FA284400EB080507E021
:108760004DE029E10DE01AF8010B5A4617999047A0
:10877000B8F10108F7D25B4621463846179A13E153
:1087800042E00A220092C4F302524FF0000A022A89
:1087900008D059F804CB032A4FEAEC710AD00DE057
:1087A00029E02AE009F1070121F00702F2E802C1FD
:1087B000914609E00FFA8CFC4FEAEC71042A03D1D0
:1087C0004FFA8CFC4FEAEC71002907DA0A460021C7
:1087D000DCF1000C61EB02012D2202E0220504D540
:1087E0002B228DF80420012203E0E20701D0202291
:1087F000F7E7904659E00A2102E010220DE010212F
:108800004FF0000A00910BE010224FF0000A44F0F4
:1088100004040827009203E008224FF0000A0092A7
:10882000C4F30252022A05D059F804CB0021032ACE
:1088300008D009E009F1070121F00702F2E802C1BE
:10884000914605E01FFA8CFC042A01D10CF0FF0CC4
:108850004FF00008220728D5702806D0009B83F02F
:10886000100353EA0A0305D00EE040228DF80420DD
:10887000012208E05CEA010206D030228DF80420D3
:108880008DF8050002229046009B83F0080353EA0E
:108890000A030AD15CEA010201D1620705D5302240
:1088A0008DF804204FF001087F1E582804D034A012
:1088B00003900EA802900DE036A0F9E753466046FB
:1088C000009AF7F77DFC84460398825C0298401E6C
:1088D000029002705CEA0100F0D1029806A9081A21
:1088E00000F1200A600702D524F4803400E001275B
:1088F000574502DDA7EB0A0000E0002000EB0A016B
:10890000009005984144401A0590E00306D45B4668
:108910002146179A059800F0B3F90544002706E0B0
:1089200001A85A46C05D179990476D1C7F1C4745AA
:10893000F6DBE0030CD55B462146179A059800F05C
:108940009FF9054404E030205A46179990476D1C62
:108950000099481E00900029F5DC08E00298029971
:108960005A460078491C0291179990476D1CBAF13C
:108970000001AAF1010AF1DC65E10000092801000B
:108980003031323334353637383961626364656685
:108990000000000030313233343536373839414247
:1089A000434445460000000000F058F90544761C99
:1089B000307800287FF4ECAD19B02846BDE8F08F80
:1089C000620700D4062709F1070222F0070CFCE831
:1089D0000223E14603F000485FEA080C02D00FF2E0
:1089E000702C0DE05FEA045C02D50FF2682C07E002
:1089F0005FEAC47C02D00FF2602C01E0AFF2700C91
:108A00004FF0FF3823F00043CDF850C065280CD05C
:108A100006DC452809D046281DD047283DD13DE039
:108A2000662818D067287ED138E00021112F01DB9D
:108A3000112000E0781CCDE9000106A90EA8FFF77F
:108A4000DDFCDDE90F010E9A03910021009207F190
:108A5000010A04914DE04FF000400097CDE901106C
:108A600006A90EA8FFF7CAFCDDE90F0203920E9BD0
:108A700011990022DDF80CA00093049211B9791C21
:108A800000EB010AB7EB0A0004D4C0F1FF3007F194
:108A9000010A0490AAEB0700019044E0012F00DADC
:108AA00001270021112F01DD112000E03846CDE91A
:108AB000000106A90EA8FFF7A1FCDDE90F010E9A3F
:108AC0000391002104910092BA4621070CD4039926
:108AD000514500DA8A46BAF1010F05DD009AAAF184
:108AE0000101515C302908D0B84202DA10F1040FBC
:108AF00006DA0121CDE9011015E0AAF10101E9E74B
:108B0000002805DC049901440491AAEB000102E06D
:108B1000411C514500DD8A460499401A401C0190D1
:108B20004FF000400290200704D40198504501DB2B
:108B3000CDF8048000208DF84F0002980DF14F070A
:108B4000B0F1004F25D02B200E9002984FF0020874
:108B500000280CDA404202902D200E9007E00A21F6
:108B60000298F7F712FD3031029007F8011DB8F1B5
:108B70000001A8F10108F2DC02980028EFD1791E6B
:108B80000E980870307800F0200040F0450007F89B
:108B9000020D12A8C01B00F107081498007800B15C
:108BA000012000EB0A01019801EBE07105984144B6
:108BB000401A401E0590E00306D45B462146179AF2
:108BC000059800F05DF805441498007818B15A46ED
:108BD000179990476D1CE00324D55B462146179AF0
:108BE000059800F04DF805441CE00498002807DBC8
:108BF000DDE90301884203DD0098405C179901E03C
:108C0000179930205A469047049805F10105401CF9
:108C100004900198401E019004D12E205A461799C5
:108C200090476D1CBAF10001AAF1010ADDDC05E0F4
:108C300017F8010B5A46179990476D1CB8F10001BF
:108C4000A8F10108F4DC5B462146179A0598ABE6CB
:108C50002D0000002B000000200000002DE9F04155
:108C6000044600251E461746880404D405E039460C
:108C70002020B0476D1C641EF9D52846BDE8F08160
:108C80002DE9F041044600251E469046C80301D553
:108C9000302700E02027880404D505E04146384607
:108CA000B0476D1C641EF9D52846BDE8F0814A68BE
:108CB000002A06D00A68531C0B6010704868401EDA
:108CC0004860704710B5002821D0114B0022001FCA
:108CD000196803E0814203D80A4649680029F9D19E
:108CE00052B11368841A9C4204D100681844106081
:108CF000104602E0506000E0186039B102680B1ABB
:108D0000934203D10B681A4402604968416010BD68
:108D100004000020F0B50B30154D20F007010024B1
:108D2000144A0FE003688B420BD38B4205D95E1ABD
:108D300043184768C3E9006700E04368136002C056
:108D400004E0021D10680028ECD12046002802D162
:108D5000286808B10020F0BD064A07481060074A9D
:108D6000121A22F00702C0E9002401202860D7E788
:108D70000800002004000020944A0120904C0120AB
:108D800010B5044601E0FFF79FF814F8010B044901
:108D90000028F8D1BDE810400A20FFF795B8000080
:108DA00000000020000000006E83F9A22915444E47
:108DB000D15727FCC0DD34F5999562DB4190433CE7
:108DC000AB6351FE00F8E0071F0000000000000048
:108DD0000000010203040607080900000000010268
:108DE0000304FFFFFF00080000101000000218003D
:108DF0000012200000042800001430000006380093
:108E0000001640000008480000185000000A5800F2
:108E1000001A6000000C6800001C7000000E780052
:108E2000001E80000008880040109000400298005A
:108E30004012A0004004A8004014B0004006B80052
:108E40004016C0004008C8004018D000400AD800B2
:108E5000401AE000400CE800401CF000400EF80012
:108E6000401E000100080801801010018002180156
:108E7000801220018004280180143001800638010E
:108E8000801640018008480180185001800A58016E
:108E9000801A6001800C6801801C7001800E7801CE
:108EA000801E800140088801C0109001C002980116
:108EB000C012A001C004A801C014B001C006B801CE
:108EC000C016C001C008C801C018D001C00AD8012E
:108ED000C01AE001C00CE801C01CF001C00EF8018E
:108EE000C01E000200080802001110020003180250
:108EF0000013200200052802001530020007380286
:108F0000001740020009480200195002000B5802E5
:108F1000001B6002000D6802001D7002000F780245
:108F2000001F8002800888024011900240039802CE
:108F30004013A0024005A8024015B0024007B80245
:108F40004017C0024009C8024019D002400BD802A5
:108F5000401BE002400DE802401DF002400FF80205
:108F6000401F00034008080380111003800318030A
:108F70008013200380052803801530038007380301
:108F8000801740038009480380195003800B580361
:108F9000801B6003800D6803801D7003800F7803C1
:108FA000801F8003C0088803C0119003C00398038A
:108FB000C013A003C005A803C015B003C007B803C1
:108FC000C017C003C009C803C019D003C00BD80321
:108FD000C01BE003C00DE803C01DF003C00FF80381
:108FE000C01F000400100804081010040011180429
:108FF0000812200408102804081430040806380455
:10900000081640040808480408185004080A5804C0
:10901000081A6004080C6804081C7004080E780420
:10902000081E800400188804481090040019980451
:109030004812A0040818A8044814B0044806B8044C
:109040004816C0044808C8044818D004480AD80480
:10905000481AE004480CE804481CF004480EF804E0
:10906000481E00054010080588101005401118051D
:109070008812200548102805881430058806380510
:10908000881640058808480588185005880A58053C
:10909000881A6005880C6805881C7005880E78059C
:1090A000881E800540188805C8109005401998054D
:1090B000C812A0054818A805C814B005C806B80508
:1090C000C816C005C808C805C818D005C80AD805FC
:1090D000C81AE005C80CE805C81CF005C80EF8055C
:1090E000C81E000680100806081110068011180618
:1090F00008132006881028060815300608073806C9
:10910000081740060809480608195006080B5806B3
:10911000081B6006080D6806081D7006080F780613
:10912000081F800680188806481190068019980646
:109130004813A0068818A8064815B0064807B806C0
:109140004817C0064809C8064819D006480BD80673
:10915000481BE006480DE806481DF006480FF806D3
:10916000481F0007C010080788111007C011180712
:1091700088132007C8102807881530078807380784
:10918000881740078809480788195007880B58072F
:10919000881B6007880D6807881D7007880F78078F
:1091A000881F8007C0188807C8119007C019980742
:1091B000C813A007C818A807C815B007C807B8077C
:1091C000C817C007C809C807C819D007C80BD807EF
:1091D000C81BE007C80DE807C81DF007C80FF8074F
:1091E000C81F08081010100840081808101220089E
:1091F000001128081014300880113808101648088B
:1092000010185008100A5808101A6008100C680846
:10921000101C7008100E7808101E8008000A8808BC
:1092200050109008000B98085012A008080AA808CF
:109230005014B008080BB8085016C008100AC80827
:109240005018D008500AD808501AE008500CE80806
:10925000501CF008500EF808501E08099010100914
:109260008009180990122009001928099014300962
:109270008019380990164009000B480990185009C8
:10928000900A5809901A6009900C6809901C70099E
:10929000900E7809901E8009400A8809D010900924
:1092A000400B9809D012A009480AA809D014B009A7
:1092B000480BB809D016C009500AC809D018D009FF
:1092C000D00AD809D01AE009D00CE809D01CF0095E
:1092D000D00EF809D01E080A1011180A1013200A1F
:1092E0004011280A1015300AC011380A1017480A10
:1092F0001019500A100B580A101B600A100D680A4A
:10930000101D700A100F780A101F880A5011900A59
:10931000800B980A5013A00A5011A80A5015B00AE1
:10932000880BB80A5017C00A800BC80A5019D00A17
:10933000500BD80A501BE00A500DE80A501DF00AE5
:10934000500FF80A501F080B9011180B9013200BA8
:109350004019280B9015300BC019380B9017480B8B
:109360009019500B900B580B901B600B900D680BD5
:10937000901D700B900F780B901F880BD011900BE5
:10938000C00B980BD013A00B5019A80BD015B00B25
:10939000C80BB80BD017C80BD019D80BD01BE00BDB
:1093A000D00DE80BD01DF00BD00FF80BD01F000C28
:1093B0000012080C1810100C0013180C1812200CB6
:1093C0000812280C1814300C0813380C1816400C0E
:1093D0001012480C1818500C1013580C181A600C66
:1093E0001812680C181C700C180E780C181E800CC3
:1093F000001A880C5810900C001B980C5812A00CE6
:10940000081AA80C5814B00C081BB80C5816C00C3D
:10941000101AC80C5818D00C101BD80C581AE00C95
:10942000181AE80C581CF00C580EF80C581E000DB9
:109430004012080D9810100D4013180D9812200DB1
:109440004812280D9814300D4813380D9816400D09
:109450005012480D9818500D5013580D981A600D61
:109460005812680D981C700D980E780D981E800D7E
:10947000401A880DD810900D401B980DD812A00DE1
:10948000481AA80DD814B00D481BB80DD816C00D39
:10949000501AC80DD818D00D501BD80DD81AE00D91
:1094A000581AE80DD81CF00DD80EF80DD81E000E75
:1094B0008012080E1811100E8013180E1813200EAB
:1094C0008812280E1815300E8813380E1817400E03
:1094D0009012480E1819500E9013580E181B600E5B
:1094E0009812680E181D700E180F780E181F800E37
:1094F000801A880E5811900E801B980E5813A00EDB
:10950000881AA80E5815B00E881BB80E5817C00E32
:10951000901AC80E5819D00E901BD80E581BE00E8A
:10952000981AE80E581DF00E580FF80E581F000F2D
:10953000C012080F9811100FC013180F9813200FA6
:10954000C812280F9815300FC813380F9817400FFE
:10955000D012480F9819500FD013580F981B600F56
:10956000D812680F981D700F980F780F981F800FF2
:10957000C01A880FD811900FC01B980FD813A00FD6
:10958000C81AA80FD815B00FC81BB80FD817C00F2E
:10959000D01AC80FD819D00FD01BD80FD81BE00F86
:1095A000D81AE80FD81DF00FD81BF80FD81F0810D5
:1095B0002010101040101810201228102014301005
:1095C0008810381020164010001148102018501034
:1095D00040115810201A601008126810201C7010DA
:1095E00088127810201E8010001288100812901027
:1095F000401298106012A0102012A8106014B01031
:109600006012B8106016C0100013C8106018D01097
:109610004013D810601AE0101812E810601CF01007
:109620009812F810601E0811201210114011181124
:10963000A012201108182811A01430118818381110
:10964000A0164811A0185811A01A6011081A681124
:10965000A01C7011881A7811A01E80111012881198
:109660001812901150129811E012A0111818A81198
:10967000E014B0119818B811E016C0111013C811F9
:10968000E018D0115013D811E01AE011181AE8119F
:10969000E01CF011981AF811E01E001200180812D0
:1096A000081810124018181220132012201828121F
:1096B0002015301260183812201740120019481275
:1096C0002019501240195812201B601220196812DC
:1096D000201D7012C8127812201F8012001A8812E2
:1096E000081A9012401A98126013A012201AA81299
:1096F0006015B012601AB8126017C012001BC812B1
:109700006019D012401BD812601BE012201BE81217
:10971000601DF012601BF812601F00131018081370
:109720001818101350181813A013201348182813D2
:10973000A0153013C8183813A01740131019481378
:10974000A019501350195813A01B6013481A68131E
:10975000A01D7013C81A7813A01F8013101A881345
:10976000181A9013501A9813E013A0135818A8133E
:10977000E015B013D818B813E017C013101BC813A6
:10978000E019D013501BD813E01BE013581AE8134C
:10979000E01DF013D81AF813E01F08142014101459
:1097A0000015181420153014081538142816401404
:1097B000001548142818501410155814281A60144D
:1097C00020156814281C701418157814281E80148D
:1097D000001C8814201C9014001D9814201DA01437
:1097E000081CA814281CB014081DB8146816C0144E
:1097F000101CC8146818D014101DD814681AE0146E
:10980000181CE814681CF014181DF814681E0815BC
:109810002015101540151815601520152818281545
:10982000281C301548153815A8164815A8185815BD
:10983000A81A6015281A6815A81C7015A81A78159A
:10984000A81E8015401C8815601C9015401D981599
:10985000601DA015481CA815681CB015481DB8153A
:10986000E816C015501CC815E818D015501DD8159D
:10987000E81AE015581CE815E81CF015581DF815F5
:10988000E81E0016001C0816081C1016401C1816AE
:10989000481C2016201C2816281C3016601C381660
:1098A00028174016001D481628195016401D581636
:1098B000281B6016201D6816281D7016601D78165E
:1098C000281F8016801C8816A01C9016801D9816D4
:1098D000A01DA016881CA816A81CB016881DB816B6
:1098E0006817C016901CC8166819D016901DD81697
:1098F000681BE016981CE816681DF016981DF816EF
:10990000681F0017101C0817181C1017501C181778
:10991000581C201768182817681C3017E8183817C3
:10992000A8174017101D4817A8195017501D581791
:10993000A81B6017681A6817A81D7017E81A78170F
:10994000A81F8017C01C8817E01C9017C01D98170F
:10995000E01DA017C81CA817E81CB017C81DB81731
:10996000E817C017D01CC817E819D017D01DD81792
:10997000E81BE017D81CE817E81DF017D81DF817EA
:10998000E81F18186018301848183818601C581844
:10999000301A6818301C7018181A7818301E801881
:1099A000001A8818081A9018001B98186019A01837
:1099B000201AA818281AB018201BB818601DC01843
:1099C000101AC818181AD018101BD818701AE018D6
:1099D000301AE818701CF018581AF818701E081978
:1099E00020191819601A2819081D301988193819F2
:1099F000881D4819201B5819B01A6019081B6819CE
:109A0000B01C7019881B7819B01E8019401A88196B
:109A1000481A9019401B9819601BA019601AA819C0
:109A2000181DB019601BB819981DC019501AC81913
:109A3000581AD019501BD819F01AE019181BE81938
:109A4000F01CF019981BF819F01E381A701C581ADF
:109A5000301B681A301D701A181B781A301F901AA4
:109A6000C01A981AC81AB01AE01AB81AE81AC01A16
:109A7000801BC81A881BD01AC01BD81A701BE01A8A
:109A8000A01BE81A701DF01AE01BF81A701F281BA3
:109A9000481D381BC81D481B601B581BB01B681B8A
:109AA000B01D701BC81B781BB01F901BC01B981BE0
:109AB000C81BA81B581DB01BE01BB81BD81DD81B0A
:109AC000F01BE81BF01DF81BF01F081C201C181CC5
:109AD000301C381C681C481C601C581C701C781CEE
:109AE000381E801C001E881C201E901C001F981C05
:109AF000201FA01C081EA81C281EB01C081FB81C74
:109B0000281FC01C101EC81C301ED01C101FD81CC3
:109B1000301FE01C181EE81C381EF01C181FF81C13
:109B2000781E081D201D181D301D381DA81D481D3C
:109B3000601D581D701D681D281F781DB81E801DD2
:109B4000401E881D601E901D401F981D601FA01D97
:109B5000481EA81D681EB01D481FB81D681FC01DE7
:109B6000501EC81D701ED01D501FD81D701FE01D37
:109B7000581EE81D781EF01D581FF81DF81E081EFF
:109B8000201E181E301E481E601E581E701E781E95
:109B9000381F881EA01E901E801F981EA01FB01E7A
:109BA000881FB81EA81FC01E801FC81E881FD01E79
:109BB000901FD81EB01FE01EA01FE81EA81FF01E99
:109BC000981FF81E781F081F201F181F301F481FDE
:109BD000601F581F701F781FB81F881FA01F901F7D
:109BE000C01F981FE01FB01FC81FB81FE81FC81F65
:109BF000E01FD81FF01F08000002100040001800EE
:109C0000400220008000280080023000C0003800A0
:109C1000C00240000001480000035000400158000D
:109C2000400360008001680080037000C00178007C
:109C3000C003800000028800080290000003980022
:109C40004802A0000802A8008802B000C800B800BE
:109C5000C802C0000801C8000803D0004801D800AD
:109C60004803E0008801E8008803F000C801F8001C
:109C7000C803080110021001400118015002200120
:109C8000000328019002300148013801D002480148
:109C900010035801500360019001680190037001A6
:109CA000D0017801D00380014002880118029001A0
:109CB000400398015802A0014802A8019802B0018F
:109CC0004803B801D802C0015002C8011803D001EE
:109CD0005003D8015803E0015802E8019803F0014D
:109CE0005803F801D80308022002100240021802AB
:109CF00060022802A002300260023802E002400244
:109D0000000348022003500240035802600360022F
:109D100020036802A003700260037802E003880257
:109D2000A002900280039802A003B0028803B80248
:109D3000E802C0028003C8022803D0029003D802C0
:109D40006803E002A003E802A803F0029803F80207
:109D5000E8030803200310034003180360032803EB
:109D600088033003600338039803480360035803F3
:109D700070036803B0037803F0038803A003900323
:109D8000C0039803E003B003C803B803E803C803A3
:109D9000E003D803F003080040001800480010005A
:109DA00040002800500020004000380058003000DB
:109DB0004800580068004800600068007000080013
:109DC00000101000002018000030200000022800C1
:109DD0000012300000223800003240000004480029
:109DE0000014500000245800003460000006680091
:109DF00000167000002678000036800000088800F9
:109E000000189000002898000038A000000AA80060
:109E1000001AB000002AB800003AC000000CC800C8
:109E2000001CD000002CD800003CE000000EE80030
:109E3000001EF000002EF800003E000100040801A2
:109E4000401010014020180140302001400228013C
:109E500040123001402238014032400140044801A4
:109E6000401450014024580140346001400668010C
:109E70004016700140267801403680014008880174
:109E800040189001402898014038A001400AA801DC
:109E9000401AB001402AB801403AC001400CC80144
:109EA000401CD001402CD801403CE001400EE801AC
:109EB000401EF001402EF801403E0002000808025A
:109EC00080101002802018028030200280022802B8
:109ED0008012300280223802803240028004480220
:109EE0008014500280245802803460028006680288
:109EF00080167002802678028036800280088802F0
:109F000080189002802898028038A002800AA80257
:109F1000801AB002802AB802803AC002800CC802BF
:109F2000801CD002802CD802803CE002800EE80227
:109F3000801EF002802EF802803E0003000C080311
:109F4000C0101003C0201803C0302003800C280369
:109F5000C0123003C0223803C0324003C00448039B
:109F6000C0145003C0245803C0346003C006680303
:109F7000C0167003C0267803C0368003C00888036B
:109F8000C0189003C0289803C038A003C00AA803D3
:109F9000C01AB003C02AB803C03AC003C00CC8033B
:109FA000C01CD003C02CD803C03CE003C00EE803A3
:109FB000C01EF003C02EF803C03E080400111004B8
:109FC0000021180400312004000C28040013300480
:109FD00000233804003340040005480400155004F1
:109FE0000025580400356004000768040017700459
:109FF00000277804003780040009880400199004C1
:10A00000002998040039A004000BA804001BB00428
:10A01000002BB804003BC004000DC804001DD00490
:10A02000002DD804003DE004000FE804001FF004F8
:10A03000002FF804003F08054011100540211805C5
:10A0400040312005000D2805401330054023380518
:10A0500040334805401550054025580540356005FA
:10A060004007680540177005402778054037800590
:10A070004009880540199005402998054039A005F8
:10A08000400BA805401BB005402BB805403BC00560
:10A09000400DC805401DD005402DD805403DE005C8
:10A0A000400FE805401FF005402FF805403F00062F
:10A0B000400808068011100680211806803120060D
:10A0C000C0082806801330068023380680334006F7
:10A0D00040094806801550068025580680356006E0
:10A0E000800768068017700680277806803780060C
:10A0F0008009880680199006802998068039A00674
:10A10000800BA806801BB006802BB806803BC006DB
:10A11000800DC806801DD006802DD806803DE00643
:10A12000800FE806801FF006802FF806803F0007AA
:10A13000400C0807C0111007C0211807C0312007C4
:10A14000C00C2807C0133007C0233807C0334007AE
:10A15000400D4807C0155007C0255807C035600797
:10A16000C0076807C0177007C0277807C037800787
:10A17000C0098807C0199007C0299807C039A007EF
:10A18000C00BA807C01BB007C02BB807C03BC00757
:10A19000C00DC807C01DD007C02DD807C03DE007BF
:10A1A000C00FE807C01FF007C02FF807C03F000826
:10A1B00000100808081010080820180808302008A7
:10A1C0008010280808123008082238080832400891
:10A1D000001148080814500808245808083460087A
:10A1E0008011680808167008082678080836800864
:10A1F0000810880808189008082898080838A00847
:10A20000080AA808081AB008082AB808083AC008B6
:10A21000080CC808081CD008082CD808083CE0081E
:10A22000080EE808081EF008082EF808083E000985
:10A23000001408094810100948201809483020095E
:10A240008014280948123009482238094832400948
:10A250000015480948145009482458094834600931
:10A26000801568094816700948267809483680091B
:10A270000814880948189009482898094838A009FE
:10A28000480AA809481AB009482AB809483AC00932
:10A29000480CC809481CD009482CD809483CE0099A
:10A2A000480EE809481EF009482EF809483E000A01
:10A2B0000018080A8810100A8820180A8830200A16
:10A2C0008018280A8812300A8822380A8832400A00
:10A2D0000019480A8814500A8824580A8834600AE9
:10A2E0008019680A8816700A8826780A8836800AD3
:10A2F0000818880A8818900A8828980A8838A00AB6
:10A300008818A80A881AB00A882AB80A883AC00A9F
:10A31000880CC80A881CD00A882CD80A883CE00A15
:10A32000880EE80A881EF00A882EF80A883E000B7C
:10A33000001C080BC810100BC820180BC830200BCD
:10A34000801C280BC812300BC822380BC832400BB7
:10A35000001D480BC814500BC824580BC834600BA0
:10A36000801D680BC816700BC826780BC836800B8A
:10A37000081C880BC818900BC828980BC838A00B6D
:10A38000881CA80BC81AB00BC82AB80BC83AC00B57
:10A39000C80CC80BC81CD00BC82CD80BC83CE00B91
:10A3A000C80EE80BC81EF00BC82EF80BC83E000CF8
:10A3B0004010080C0811100C0821180C0831200C52
:10A3C000C010280C0813300C0823380C0833400C3C
:10A3D0004011480C0815500C0825580C0835600C25
:10A3E000C011680C0817700C0827780C0837800C0F
:10A3F0004810880C0819900C0829980C0839A00CF2
:10A40000C810A80C081BB00C082BB80C083BC00CDB
:10A41000080DC80C081DD00C082DD80C083DE00C08
:10A42000080FE80C081FF00C082FF80C083F000D6F
:10A430004014080D4811100D4821180D4831200D09
:10A44000C014280D4813300D4823380D4833400DF3
:10A450004015480D4815500D4825580D4835600DDC
:10A46000C015680D4817700D4827780D4837800DC6
:10A470004814880D4819900D4829980D4839A00DA9
:10A48000C814A80D481BB00D482BB80D483BC00D93
:10A490004815C80D481DD00D482DD80D483DE00D7C
:10A4A000480FE80D481FF00D482FF80D483F000EEB
:10A4B0004018080E8811100E8821180E8831200EC1
:10A4C000C018280E8813300E8823380E8833400EAB
:10A4D0004019480E8815500E8825580E8835600E94
:10A4E000C019680E8817700E8827780E8837800E7E
:10A4F0004818880E8819900E8829980E8839A00E61
:10A50000C818A80E881BB00E882BB80E883BC00E4A
:10A510004819C80E881DD00E882DD80E883DE00E33
:10A52000880FE80E881FF00E882FF80E883F000F66
:10A53000401C080FC811100FC821180FC831200F78
:10A54000C01C280FC813300FC823380FC833400F62
:10A55000401D480FC815500FC825580FC835600F4B
:10A56000C01D680FC817700FC827780FC837800F35
:10A57000481C880FC819900FC829980FC839A00F18
:10A58000C81CA80FC81BB00FC82BB80FC83BC00F02
:10A59000481DC80FC81DD00FC82DD80FC83DE00FEB
:10A5A000C81DE80FC81FF00FC82FF80FC83F0010D4
:10A5B000002008101010101010201810103020105B
:10A5C0008020281010123010102238101032401045
:10A5D000002148101014501010245810103460102E
:10A5E0008021681010167010102678101036801018
:10A5F0000820881010189010102898101038A010FB
:10A600008820A810101AB010102AB810103AC010E4
:10A610000821C810101CD010102CD810103CE010CD
:10A620008821E810101EF010102EF810103E0011B6
:10A63000002408111024101150201811503020113E
:10A6400080242811501230115022381150324011FC
:10A6500000254811501450115024581150346011E5
:10A6600080256811501670115026781150368011CF
:10A670000824881150189011502898115038A011B2
:10A680008824A811501AB011502AB811503AC0119C
:10A690000825C811501CD011502CD811503CE01185
:10A6A0008825E811501EF011502EF811503E00126E
:10A6B0000028081210281012902018129030201232
:10A6C00080282812901230129022381290324012B4
:10A6D000002948129014501290245812903460129D
:10A6E0008029681290167012902678129036801287
:10A6F0000828881290189012902898129038A0126A
:10A700008828A812901AB012902AB812903AC01253
:10A710000829C812901CD012902CD812903CE0123C
:10A720008829E812901EF012902EF812903E001325
:10A73000002C0813102C1013D0201813D030201325
:10A74000802C2813902C3013D0223813D032401391
:10A75000002D4813D0145013D0245813D034601354
:10A76000802D6813D0167013D0267813D03680133E
:10A77000082C8813D0189013D0289813D038A01321
:10A78000882CA813D01AB013D02AB813D03AC0130B
:10A79000082DC813D01CD013D02CD813D03CE013F4
:10A7A000882DE813D01EF013D02EF813D03E0014DD
:10A7B00040200814502010141021181410312014B7
:10A7C000C0202814D0203014102338141033401423
:10A7D00040214814101550141025581410356014D9
:10A7E000C0216814101770141027781410378014C3
:10A7F0004820881410199014102998141039A014A6
:10A80000C820A814101BB014102BB814103BC0148F
:10A810004821C814101DD014102DD814103DE01478
:10A82000C821E814101FF014102FF814103F001561
:10A8300040240815502410155021181550312015AA
:10A84000C0242815D0243015502338155033401516
:10A850004025481550155015502558155035601590
:10A86000C02568155017701550277815503780157A
:10A870004824881550199015502998155039A0155D
:10A88000C824A815501BB015502BB815503BC01547
:10A890004825C815501DD015502DD815503DE01530
:10A8A000C825E815501FF015502FF815503F001619
:10A8B000402808165028101690211816903120169E
:10A8C000C0282816D028301690233816903340160A
:10A8D0004029481650295016902558169035601674
:10A8E000C029681690177016902778169037801632
:10A8F0004828881690199016902998169039A01615
:10A90000C828A816901BB016902BB816903BC016FE
:10A910004829C816901DD016902DD816903DE016E7
:10A92000C829E816901FF016902FF816903F0017D0
:10A93000402C0817502C1017D0211817D031201791
:10A94000C02C2817D02C3017D0233817D0334017FD
:10A95000402D4817502D5017D0255817D035601767
:10A96000C02D6817D0177017D0277817D0378017E9
:10A97000482C8817D0199017D0299817D039A017CC
:10A98000C82CA817D01BB017D02BB817D03BC017B6
:10A99000482DC817D01DD017D02DD817D03DE0179F
:10A9A000C82DE817D01FF017D02FF817D03F001888
:10A9B00000300818103010181820181818302018F7
:10A9C0008030281890303018182238181832401863
:10A9D00000314818103150181824581818346018CD
:10A9E0008031681890317018182678181836801839
:10A9F0000830881818309018182898181838A01897
:10AA00008830A818181AB018182AB818183AC01898
:10AA10000831C818181CD018182CD818183CE01881
:10AA20008831E818181EF018182EF818183E00196A
:10AA300000340819103410195820181958302019EA
:10AA40008034281990343019582238195832401956
:10AA500000354819103550195824581958346019C0
:10AA6000803568199035701958267819583680192C
:10AA70000834881918349019582898195838A0198A
:10AA80008834A819581AB019582AB819583AC01950
:10AA90000835C819581CD019582CD819583CE01939
:10AAA0008835E819581EF019582EF819583E001A22
:10AAB0000038081A1038101A9820181A9830201ADE
:10AAC0008038281A9038301A9822381A9832401A4A
:10AAD0000039481A1039501A9824581A9834601AB4
:10AAE0008039681A9039701A9826781A9836801A20
:10AAF0000838881A1838901A9828981A9838A01A7E
:10AB00008838A81A9838B01A982AB81A983AC01AE9
:10AB10000839C81A981CD01A982CD81A983CE01AF0
:10AB20008839E81A981EF01A982EF81A983E001BD9
:10AB3000003C081B103C101BD820181BD830201BD1
:10AB4000803C281B903C301BD822381BD832401B3D
:10AB5000003D481B103D501BD824581BD834601BA7
:10AB6000803D681B903D701BD826781BD836801B13
:10AB7000083C881B183C901BD828981BD838A01B71
:10AB8000883CA81B983CB01BD82AB81BD83AC01BDD
:10AB9000083DC81BD81CD01BD82CD81BD83CE01BA8
:10ABA000883DE81BD81EF01BD82EF81BD83E001C91
:10ABB0004030081C5030101C1821181C1831201C63
:10ABC000C030281CD030301C1823381C1833401CCF
:10ABD0004031481C5031501C1825581C1835601C39
:10ABE000C031681CD031701C1827781C1837801CA5
:10ABF0004830881C5830901C1829981C1839A01C03
:10AC0000C830A81CD830B01C182BB81C183BC01C6E
:10AC10004831C81C181DD01C182DD81C183DE01C2C
:10AC2000C831E81C181FF01C182FF81C183F001D15
:10AC30004034081D5034101D5821181D5831201D56
:10AC4000C034281DD034301D5823381D5833401DC2
:10AC50004035481D5035501D5825581D5835601D2C
:10AC6000C035681DD035701D5827781D5837801D98
:10AC70004834881D5834901D5829981D5839A01DF6
:10AC8000C834A81DD834B01D582BB81D583BC01D62
:10AC90004835C81D5835D01D582DD81D583DE01DCC
:10ACA000C835E81D581FF01D582FF81D583F001ECD
:10ACB0004038081E5038101E9821181E9831201E4A
:10ACC000C038281ED038301E9823381E9833401EB6
:10ACD0004039481E5039501E9825581E9835601E20
:10ACE000C039681ED039701E9827781E9837801E8C
:10ACF0004838881E5838901E9829981E9839A01EEA
:10AD0000C838A81ED838B01E982BB81E983BC01E55
:10AD10004839C81E5839D01E982DD81E983DE01EBF
:10AD2000C839E81E981FF01E982FF81E983F001F84
:10AD3000403C081F503C101FD821181FD831201F3D
:10AD4000C03C281FD03C301FD823381FD833401FA9
:10AD5000403D481F503D501FD825581FD835601F13
:10AD6000C03D681FD03D701FD827781FD837801F7F
:10AD7000483C881F583C901FD829981FD839A01FDD
:10AD8000C83CA81FD83CB01FD82BB81FD83BC01F49
:10AD9000483DC81F583DD01FD82DD81FD83DE01FB3
:10ADA000C83DE81FD83DF01FD82FF81FD83F082016
:10ADB00080201020202018202030282080283020BB
:10ADC000202238202032402000214820C02050205E
:10ADD000202458202034602010246820C0287020AF
:10ADE0002026782020368820803090202028982027
:10ADF0002038A0200830A8208038B020202AB82091
:10AE0000203AC0200821C820C030D020202CD820D3
:10AE1000203CE0200831E820C038F020202EF82027
:10AE2000203E002100240821802110211024182117
:10AE300060302021202428218029302160223821DF
:10AE40006032402100254821C02150216024582132
:10AE50006034602150246821C02970216026782147
:10AE60006036802108248821803190216028982133
:10AE70006038A0210834A8218039B021602AB82187
:10AE8000603AC0210825C821C031D021602CD821CA
:10AE9000603CE0210835E821C039F021602EF8211E
:10AEA000603E002200300822803010220830182234
:10AEB000A03020221030282288283022A0223822D8
:10AEC000A032402240304822C0305022A0245822D4
:10AED000A034602250306822C8287022A026782230
:10AEE000A03680222030882288309022A028982204
:10AEF000A038A0221830A8228838B022A02AB82270
:10AF0000A03AC0226030C822C830D022A02CD8225B
:10AF1000A03CE0221831E822C838F022A02EF82206
:10AF2000A03E00230031082380311023083118236C
:10AF3000E03020231031282388293023183138238A
:10AF4000E032402340314823C0315023E0245823CD
:10AF5000E034602350316823C8297023E026782329
:10AF6000E03680231824882388319023E028982312
:10AF7000E038A0231834A8238839B023E02AB82366
:10AF8000E03AC0231825C823C831D023E02CD823A9
:10AF9000E03CE0231835E823C839F023E02EF823FD
:10AFA000E03E082480241024202418242031282462
:10AFB000802C3024103138242033402400254824AC
:10AFC000C0245024202558242035602410256824CE
:10AFD000C02C7024202778242037882480349024A3
:10AFE000202998242039A0244830A824803CB0246B
:10AFF000202BB824203BC0240825C824C034D024EA
:10B00000202DD824203DE0244831E824C03CF02401
:10B01000202FF824203F08258025102520251825DD
:10B0200060312825802D3025503138256033482562
:10B03000C02550256025582560356825C02D702510
:10B0400060277825603788258035902560299825E8
:10B050006039A0254834A825803DB025602BB8254F
:10B06000603BC825C035D025602DD825603DE02542
:10B070004835E825C03DF025602FF825603F0026C3
:10B08000003408268034102608341826A0312026E3
:10B0900010342826882C302618343826A033402631
:10B0A00040344826C034502648345826A0356026FF
:10B0B00050346826C82C7026A0277826A037802612
:10B0C0002034882688349026A0299826A039A026E6
:10B0D0005830A826883CB026A02BB826A03BC02616
:10B0E0006034C826C834D026A02DD826A03DE0263E
:10B0F0005831E826C83CF026A02FF826A03F0027AC
:10B10000003508278035102708351827E03120271B
:10B1100010352827882D302718353827E033402769
:10B1200040354827C035502748355827E035602737
:10B1300050356827C82D7027E0277827E03780270B
:10B140002035882788359027E0299827E039A027DF
:10B150005834A827883DB027E02BB827E03BC0270C
:10B160006035C827C835D027E02DD827E03DE02737
:10B170005835E827C83DF027E02FF827E03F08289A
:10B18000202810288028182828302828902830289F
:10B190008828382828324028002C4828202C50287D
:10B1A000802C582828346028082C6828D02870283B
:10B1B000882C782828368828903098282838A02885
:10B1C0002830A8289038B028282AB828283AC0283B
:10B1D000102CC828D030D028282CD828283CE0288B
:10B1E000182CE828D038F028282EF828283E0029E6
:10B1F000002C0829082C1029102C18296830202927
:10B20000202C282990293029D0303829683240292B
:10B21000402C4829602C5029C02C582968346029BA
:10B22000482C6829D0297029C82C782968368029AB
:10B23000802C882990319029282C98296838A029B9
:10B240002834A8299039B029682AB829683AC02931
:10B25000502CC829D031D029682CD829683CE02945
:10B26000582CE829D039F029682EF829683E002AA0
:10B270000038082A2038102A8038182AA830202AB6
:10B280000838282A2838302A8838382AA832402A0C
:10B29000003C482A203C502A803C582AA834602A86
:10B2A000083C682A283C702A883C782AA836802ADC
:10B2B0001038882A9830902A9038982AA838A02ADE
:10B2C0001838A82A9838B02A9838B82AA83AC02A34
:10B2D000103CC82AD830D02AA82CD82AA83CE02A6A
:10B2E000183CE82AD838F02AA82EF82AA83E002BC5
:10B2F0004038082B6038102BC038182BE830202B32
:10B300004838282B6838302BC838382BE832402B87
:10B31000403C482B603C502BC03C582BE834602B01
:10B32000483C682B683C702BC83C782BE836802B57
:10B330005038882B9831902BD038982BE838A02B98
:10B340005838A82B9839B02BD838B82BE83AC02BEE
:10B35000503CC82BD831D02BE82CD82BE83CE02B24
:10B36000583CE82BD839F02BE82EF82BE83E082C77
:10B37000202C102C802C182C2831282C902C302C90
:10B380009031382C2833402C002D482C202D502C67
:10B39000802D582C2835602C082D682CD02C702C32
:10B3A000882D782C2837882C9034982C2839A02C7C
:10B3B0006830A82C903CB02C6838B82C283BC02CA6
:10B3C000102DC82CD034D02C282DD82C283DE02C82
:10B3D000182DE82CD03CF02C282FF82C283F082DD5
:10B3E000202D102D802D182D6831282D902D302DD9
:10B3F000D031382D6833482D602D502DC02D582D5B
:10B400006835682DD02D702DC82D782D6837882D82
:10B410009035982D6839A02D6834A82D903DB02D19
:10B42000683CB82D683BC82DD035D82D683DE02D3F
:10B430006835E82DD03DF02D682FF82D683F002E9F
:10B440000039082E2039102E8039182EA831202ED0
:10B450000839282E2839302E8839382EA833402E26
:10B46000003D482E203D502E803D582EA835602EA0
:10B47000083D682E283D702E883D782EA837802EF6
:10B480001039882E9834902E9039982EA839A02EF5
:10B490001839A82E983CB02E9839B82EA83BC02E4B
:10B4A000103DC82ED834D02E903DD82EA83DE02E89
:10B4B000183DE82ED83CF02EA82FF82EA83F002FDC
:10B4C0004039082F6039102FC039182FE831202F4C
:10B4D0004839282F6839302FC839382FE833402FA2
:10B4E000403D482F603D502FC03D582FE835602F1C
:10B4F000483D682F683D702FC83D782FE837802F72
:10B500005039882F9835902FD039982FE839A02FAF
:10B510005839A82F983DB02FD839B82FE83BC02F05
:10B52000503DC82FD835D02FD03DD82FE83DE02F43
:10B53000583DE82FD83DF02FD83DF82FE83F183080
:10B5400030303830303240300031483008315030FF
:10B55000103158303034603020316830283170304C
:10B560001834783030368830A03098303038A830F1
:10B57000A038B0308838B830303AC0308031C83068
:10B58000E030D0309031D830303CE0308831E83095
:10B59000E038F0308839F830303E0031003408317E
:10B5A0000834103110341831183420312034283147
:10B5B0002834303130343831703240310035483140
:10B5C00008355031103558317034603120356831CC
:10B5D0002835703158347831703680318034883174
:10B5E000A0319031903498317038A0318834A8312E
:10B5F000A039B031883CB831703AC0318035C8319B
:10B60000E031D0319035D831703CE0318835E831C7
:10B61000E039F031883DF831703E003200380832B0
:10B6200080381032083818328838203210382832E2
:10B630009038303218383832B032403240384832E0
:10B64000C038503248385832B034603250386832DE
:10B65000D038703258387832B0368032203888325C
:10B66000A038903228389832B038A0323038A8321A
:10B67000A838B0329838B832B03AC0326038C832E0
:10B68000E038D0326838D832B03CE0327038E83236
:10B69000E838F0329839F832B03E003300390833D8
:10B6A000803910330839183388392033103928335A
:10B6B000903930331839383398394033403948336A
:10B6C000C039503348395833F03460335039683317
:10B6D000D039703358397833F03680332039883395
:10B6E000A039903328399833F038A0339834A833F0
:10B6F000A839B033983CB833F03AC0336039C83316
:10B70000E039D0336839D833F03CE0339835E8334A
:10B71000E839F033983DF833F03E1834303438349B
:10B720001839403400354834083550341035583411
:10B730003035603420356834283570341835783425
:10B7400030378834A03498343039A834A03CB03431
:10B75000C838B834303BC0348035C834E034D034D5
:10B760009035D834303DE0348835E834E03CF0346E
:10B77000C839F834303F18353035383558395835F0
:10B780007035783570378835A03598357039A835DB
:10B79000A03DB035C83CB835703BC835E035D8352C
:10B7A000703DE835E03DF035C83DF835703F003676
:10B7B000003C0836803C1036083C1836883C203661
:10B7C000103C2836903C3036183C3836983C403691
:10B7D000403C4836C03C5036483C5836C83C603641
:10B7E000503C6836D03C7036583C7836B03780369E
:10B7F000203C8836A03C9036283C9836B039A0369C
:10B80000303CA836A83CB036D838B836B03BC03645
:10B81000603CC836E03CD036683CD836B03DE036B7
:10B82000703CE836E83CF036D839F836B03F00379F
:10B83000003D0837803D1037083D1837883D2037D8
:10B84000103D2837903D3037183D3837983D403708
:10B85000403D4837C03D5037483D5837C83D6037B8
:10B86000503D6837D03D7037583D7837F0378037D6
:10B87000203D8837A03D9037283D9837F039A037D4
:10B88000303DA837A83DB037D83CB837F03BC0377B
:10B89000603DC837E03DD037683DD837F03DE037F0
:10B8A000703DE837E83DF037D83DF837F03F38389D
:10B8B00098384038003948380839503810395838E5
:10B8C0001839603820396838283970383039783874
:10B8D000983CA838B038B838383AC0388039C838B9
:10B8E0008839D0389039D838383CE038A039E83831
:10B8F000F038F838383EF038A8390039003C0839BB
:10B90000083C1039103C1839183C2039203C2839A3
:10B91000283C3039303C3839383C4039003D4839D2
:10B92000083D5039103D5839183D6039203D68397F
:10B93000283D7039303D7839D83C8039803C883991
:10B94000883C9039903C9839983CA039A03CA83963
:10B95000B039B839783AB039A83CC039803DC839D7
:10B96000883DD039903DD839783CE039A03DE83960
:10B97000F039F839783EF039A83D083A103A103AD3
:10B98000203A183A303A203A803A283A903A303AF7
:10B99000A03A383AB03A403A003B483A103B503A65
:10B9A000203B583A303B603A803B683A903B703AD3
:10B9B000A03B783AB03B883AA03A983AB03AA83AD5
:10B9C000B03AC03A083BC83A183BD03A283BD83A7C
:10B9D000B83CE03A883BE83A983BF03AA83BF83A62
:10B9E000B83E003B003E083B103E103B203E183B5B
:10B9F000303E203B803E283B903E303BA03E383BD3
:10BA0000B03E403B003F483B103F503B203F583B3F
:10BA1000303F603B803F683B903F703BA03F783BAE
:10BA2000B03F803B083E883B183E903B283E983B09
:10BA3000383EA03B883EA83B983EB03BA83EB83B72
:10BA4000B83EC03B083FC83B183FD03B283FD83BDF
:10BA5000F83CE03B883FE83B983FF03BA83FF83B91
:10BA6000F83E383C983C403C003D483C083D503C4A
:10BA7000103D583C183D603C203D683C283D703CE2
:10BA8000303D783C983DA83CB03CB83CB03EC03C12
:10BA9000803DC83C883DD03C903DD83C383DE03CA2
:10BAA000A03DE83CF03CF03CA83DF83C383F383D38
:10BAB000983D783DD83DA83DB03DB83DB03FE83D0C
:10BAC000F03D083E803EF83D783F103E803E183EF7
:10BAD000883E203E803E283E903E303E883E383EA6
:10BAE000983E403E003F483E203F503E803F583EFB
:10BAF000A03F603E083F683E283F703E883F783E4A
:10BB0000A83F883EA03E983EA83EC03E103FA83EBB
:10BB1000B03EC83E303FD03E903FD83EB03FE03EC2
:10BB2000183FE83E383FF03E983F083F803FF83EE0
:10BB3000B83F103F803F183F883F203F803F283F5D
:10BB4000903F303F883F383F983F483F503F503FFD
:10BB5000603F583F703F603FC03F683FD03F703FFD
:10BB6000E03F783FF03F883FA03F983FA83FA83F85
:10BB7000B03FD83FF03FC83FE03FE83FF03F08000C
:10BB800000021000000418000006200040002800F9
:10BB90004002300040043800400640008000480069
:10BBA000800250008004580080066000C0006800D9
:10BBB000C0027000C0047800C00680000001880048
:10BBC00000039000000598000007A0004001A800B5
:10BBD0004003B0004005B8004007C0008001C80025
:10BBE0008003D0008005D8008007E000C001E80095
:10BBF000C003F000C005F800C00700010002080102
:10BC0000080210010804180108062001800228011A
:10BC10004802300148043801480640010003480149
:10BC20008802500188045801880660018003680179
:10BC3000C8027001C8047801C806800108028801A2
:10BC400008039001080598010807A0018802A801CF
:10BC50004803B0014805B8014807C0010803C801FE
:10BC60008803D0018805D8018807E0018803E8012E
:10BC7000C803F001C805F801C80708021002000255
:10BC8000000410021004180210062002800428028A
:10BC900050023002500438025006400200054802AB
:10BCA00090025002900458029006600280056802DB
:10BCB000D0027002D0047802D00680020804880204
:10BCC00010039002100598021007A0028804A80231
:10BCD0005003B0025005B8025007C0020805C80260
:10BCE0009003D0029005D8029007E0028805E80290
:10BCF000D003F002D005F802D007000300060803C5
:10BD000010061003180418031806200380062803E1
:10BD100090063003580438035806400300074803D0
:10BD200010075003980458039806600380076803BF
:10BD300090077003D8047803D806800308068803A8
:10BD400018069003180598031807A0038806A8038F
:10BD50009806B0035805B8035807C0030807C8037E
:10BD60001807D0039805D8039807E0038807E8036D
:10BD70009807F003D805F803D807080480041004D6
:10BD800020041804200628048005300460043804C8
:10BD9000600640040006480488045004A0045804C7
:10BDA000A00660041006680488057004E0047804A6
:10BDB000E006880480069004200598042007A0046B
:10BDC0000806A8048007B0046005B8046007C00432
:10BDD0002006C8048806D004A005D804A007E00403
:10BDE0001806E8048807F004E005F804E0070805F1
:10BDF0002005100580051805280628059005300542
:10BE000088053805680640050007480520075005E5
:10BE100080075805A806600508076805980570059D
:10BE200088077805E8068805900698052807A00584
:10BE30002806A8059007B0052807B8056807C005BB
:10BE40001007C8059806D0059007D805A807E00593
:10BE50001807E8059807F0059807F805E807180699
:10BE60003006380670064006000748068007500670
:10BE700008075806B00660061007680690077006A7
:10BE800018077806F0068806A00698063007A80668
:10BE9000A007B0068807B8067007C0062007C806C6
:10BEA000A007D0062807D806B007E0063007E80646
:10BEB000A807F0069807F806F00748075007380764
:10BEC000980750076007580770076007C0076807A2
:10BED000D0077807F0077007E007B807F007A80752
:10BEE000B007D807F007C807E007E807F007080021
:10BEF0004000100080001800C00020004000280012
:10BF00004800300088003800C80040008000480029
:10BF100050005800D000500090006000C000680041
:10BF2000D000700098007800D8008800C000900011
:10BF3000A000A800D0009800E000B000D000B80039
:10BF4000E800D800F000C800E000E800F0000800B9
:10BF5000000210000004180000062000000828005D
:10BF6000000A3000000C3800000E4800400250006B
:10BF7000400458004006600040086800400A700015
:10BF8000400C7800400E88008002900080049800E9
:10BF90008006A0008008A800800AB000800CB800CD
:10BFA000800EC800C002D000C004D800C006E00067
:10BFB000C008E800C00AF000C00CF800C00E08017C
:10BFC00000031001000518010007200100092801E5
:10BFD000000B3001000D3801000F480140035001F3
:10BFE000400558014007600140096801400B70019D
:10BFF000400D7801400F8801800390018005980171
:10C000008007A0018009A801800BB001800DB80154
:10C01000800FC801C003D001C005D801C007E001EE
:10C02000C009E801C00BF001C00DF801C00F1002FB
:10C03000080418020806200208082802080A30022C
:10C04000080C3802080E50024804580248066002E4
:10C0500048086802480A7002480C7802480E9002AC
:10C06000880498028806A0028808A802880AB002FC
:10C07000880CB802880ED002C804D802C806E002B4
:10C08000C808E802C80AF002C80CF802C80E10037B
:10C09000080518030807200308092803080B3003C4
:10C0A000080D3803080F500348055803480760037C
:10C0B00048096803480B7003480D7803480F900344
:10C0C000880598038807A0038809A803880BB00394
:10C0D000880DB803880FD003C805D803C807E0034C
:10C0E000C809E803C80BF003C80DF803C80F18040B
:10C0F0001006200410082804100A3004100C38041C
:10C10000100E58045006600450086804500A700469
:10C11000500C7804500E98049006A0049008A804CF
:10C12000900AB004900CB804900ED804D006E00435
:10C13000D008E804D00AF004D00CF804D00E18059A
:10C140001007200510092805100B3005100D3805C3
:10C15000100F58055007600550096805500B700511
:10C16000500D7805500F98059007A0059009A80577
:10C17000900BB005900DB805900FD805D007E005DD
:10C18000D009E805D00BF005D00DF805D00F20063A
:10C1900018082806180A3006180C3806180E60060B
:10C1A00058086806580A7006580C7806580EA006FB
:10C1B0009808A806980AB006980CB806980EE006EB
:10C1C000D808E806D80AF006D80CF806D80E2007DA
:10C1D00018092807180B3007180D3807180F6007C3
:10C1E00058096807580B7007580D7807580FA007B3
:10C1F0009809A807980BB007980DB807980FE007A3
:10C20000D809E807D80BF007D80DF807D80F280889
:10C21000200A3008200C3808200E6808600A7008D0
:10C22000600C7808600EA808A00AB008A00CB80836
:10C23000A00EE808E00AF008E00CF808E00E280973
:10C24000200B3009200D3809200F6809600B700998
:10C25000600D7809600FA809A00BB009A00DB809FE
:10C26000A00FE809E00BF009E00DF809E00F300A33
:10C27000280C380A280E700A680C780A680EB00A72
:10C28000A80CB80AA80EF00AE80CF80AE80E300B61
:10C29000280D380B280F700B680D780B680FB00B4A
:10C2A000A80DB80BA80FF00BE80DF80BE80F380C31
:10C2B000300E780C700EB80CB00EF80CF00E380D75
:10C2C000300F780D700FB80DB00FF80DF00F08009B
:10C2D0004000100080001800C0002000000128006D
:10C2E0004001300080013800C00150008800580033
:10C2F000C8006000080168004801700088017800EB
:10C30000C8019800D000A0001001A8005001B000A2
:10C310009001B800D001E0001801E8005801F000D9
:10C320009801F800D801280160013001A00138010E
:10C33000E0017001A8017801E801B801F0010000F6
:10C3400000040000FCCC0008E68D0008080700008F
:10C3500080000000FCEC0008F69B0008D000000004
:10C3600010000000FCF00008969D0008140000007A
:10C37000000800007CF10008BE9D0008E00E0000EF
:10C38000000100007C3101087EBB0008B8010000FC
:10C39000200000007C390108EEBE000830000000DB
:10C3A000000200007C3A01084EBF0008C0010000F6
:10C3B000400000007C4A0108CEC20008380000009E
:10C3C000000610160006101600000000920E493CF0
:10C3D000B10AC93C2BC3163D2EFB483D752B7B3D56
:10C3E00004A9963D80B6AF3D36BDC83D2FBCE13DAA
:10C3F00073B2FA3D87CF093E8340163EB5AB223E6D
:10C40000A2102F3ECF6E3B3EC2C5473E0115543EA3
:10C41000135C603E7F9A6C3ECCCF783EC07D823EFE
:10C42000938E883E229A8E3E32A0943E86A09A3EFB
:10C43000E59AA03E128FA63ED47CAC3EEF63B23E9E
:10C440002A44B83E491DBE3E15EFC33E53B9C93E0E
:10C45000CA7BCF3E4136D53E80E8DA3E4F92E03E81
:10C460007533E63EBBCBEB3EEA5AF13ECBE0F63EFF
:10C47000275DFC3EE4E7003F3D9C033F824B063FC7
:10C480009BF5083F6B9A0B3FDA390E3FCDD3103F37
:10C490002A68133FD9F6153FC07F183FC6021B3FDD
:10C4A000D17F1D3FCBF61F3F9967223F25D2243F06
:10C4B0005636273F1594293F4AEB2B3FDE3B2E3F54
:10C4C000BB85303FC9C8323FF304353F233A373F7D
:10C4D0004268393F3B8F3B3FF9AE3D3F67C73F3F27
:10C4E00070D8413F01E2433F03E4453F65DE473FEB
:10C4F00012D1493FF8BB4B3F029F4D3F207A4F3F3F
:10C500003D4D513F4918533F31DB543FE595563F70
:10C510005348583F6AF2593F1A945B3F532D5D3F91
:10C5200005BE5E3F2146603F97C5613F5A3C633F71
:10C5300059AA643F880F663FD86B673F3CBF683F8E
:10C54000A7096A3F0C4B6B3F5E836C3F93B26D3F14
:10C550009ED86E3F73F56F3F0809713F5213723FCB
:10C560004714733FDD0B743F0BFA743FC6DE753F13
:10C5700007BA763FC58B773FF853783F9812793FDB
:10C580009DC7793F02737A3FBE147B3FCDAC7B3FA2
:10C59000283B7C3FC9BF7C3FAC3A7D3FCCAB7D3F65
:10C5A00023137E3FB0707E3F6DC47E3F580E7F3FA9
:10C5B0006D4E7F3FAB847F3F0FB17F3F97D37F3F6F
:10C5C00043EC7F3F11FB7F3F0000803F11FB7F3F2B
:10C5D00043EC7F3F97D37F3F0FB17F3FAB847F3FDB
:10C5E0006D4E7F3F580E7F3F6DC47E3FB0707E3FE3
:10C5F00023137E3FCCAB7D3FAC3A7D3FC9BF7C3F30
:10C60000283B7C3FCDAC7B3FBE147B3F02737A3F1F
:10C610009DC7793F9812793FF853783FC58B773F94
:10C6200007BA763FC6DE753F0BFA743FDD0B743FE9
:10C630004714733F5213723F0809713F73F56F3F00
:10C640009ED86E3F93B26D3F5E836C3F0C4B6B3F49
:10C65000A7096A3F3CBF683FD86B673F880F663FBA
:10C6600059AA643F5A3C633F97C5613F2146603FEA
:10C6700005BE5E3F532D5D3F1A945B3F6AF2593F02
:10C680005348583FE595563F31DB543F4918533FD7
:10C690003D4D513F207A4F3F029F4D3FF8BB4B3FEE
:10C6A00012D1493F65DE473F03E4453F01E2433F86
:10C6B00070D8413F67C73F3FF9AE3D3F3B8F3B3F9F
:10C6C0004268393F233A373FF304353FC9C8323F08
:10C6D000BB85303FDE3B2E3F4AEB2B3F1594293F75
:10C6E0005636273F25D2243F9967223FCBF61F3F7E
:10C6F000D17F1D3FC6021B3FC07F183FD9F6153FB3
:10C700002A68133FCDD3103FDA390E3F6B9A0B3FA7
:10C710009BF5083F824B063F3D9C033FE4E7003F0B
:10C72000275DFC3ECBE0F63EEA5AF13EBBCBEB3E4A
:10C730007533E63E4F92E03E80E8DA3E4136D53E24
:10C74000CA7BCF3E53B9C93E15EFC33E491DBE3E1D
:10C750002A44B83EEF63B23ED47CAC3E128FA63E74
:10C76000E59AA03E86A09A3E32A0943E229A8E3E42
:10C77000938E883EC07D823ECCCF783E7F9A6C3EC1
:10C78000135C603E0115543EC2C5473ECF6E3B3E32
:10C79000A2102F3EB5AB223E8340163E87CF093E06
:10C7A00073B2FA3D2FBCE13D36BDC83D80B6AF3D0A
:10C7B00004A9963D752B7B3D2EFB483D2BC3163DB2
:10C7C000B10AC93C920E493C00000000920E49BCDF
:10C7D000B10AC9BC2BC316BD2EFB48BD752B7BBD52
:10C7E00004A996BD80B6AFBD36BDC8BD2FBCE1BDA6
:10C7F00073B2FABD87CF09BE834016BEB5AB22BE69
:10C80000A2102FBECF6E3BBEC2C547BE011554BE9F
:10C81000135C60BE7F9A6CBECCCF78BEC07D82BEFA
:10C82000938E88BE229A8EBE32A094BE86A09ABEF7
:10C83000E59AA0BE128FA6BED47CACBEEF63B2BE9A
:10C840002A44B8BE491DBEBE15EFC3BE53B9C9BE0A
:10C85000CA7BCFBE4136D5BE80E8DABE4F92E0BE7D
:10C860007533E6BEBBCBEBBEEA5AF1BECBE0F6BEFB
:10C87000275DFCBEE4E700BF3D9C03BF824B06BFC3
:10C880009BF508BF6B9A0BBFDA390EBFCDD310BF33
:10C890002A6813BFD9F615BFC07F18BFC6021BBFD9
:10C8A000D17F1DBFCBF61FBF996722BF25D224BF02
:10C8B000563627BF159429BF4AEB2BBFDE3B2EBF50
:10C8C000BB8530BFC9C832BFF30435BF233A37BF79
:10C8D000426839BF3B8F3BBFF9AE3DBF67C73FBF23
:10C8E00070D841BF01E243BF03E445BF65DE47BFE7
:10C8F00012D149BFF8BB4BBF029F4DBF207A4FBF3B
:10C900003D4D51BF491853BF31DB54BFE59556BF6C
:10C91000534858BF6AF259BF1A945BBF532D5DBF8D
:10C9200005BE5EBF214660BF97C561BF5A3C63BF6D
:10C9300059AA64BF880F66BFD86B67BF3CBF68BF8A
:10C94000A7096ABF0C4B6BBF5E836CBF93B26DBF10
:10C950009ED86EBF73F56FBF080971BF521372BFC7
:10C96000471473BFDD0B74BF0BFA74BFC6DE75BF0F
:10C9700007BA76BFC58B77BFF85378BF981279BFD7
:10C980009DC779BF02737ABFBE147BBFCDAC7BBF9E
:10C99000283B7CBFC9BF7CBFAC3A7DBFCCAB7DBF61
:10C9A00023137EBFB0707EBF6DC47EBF580E7FBFA5
:10C9B0006D4E7FBFAB847FBF0FB17FBF97D37FBF6B
:10C9C00043EC7FBF11FB7FBF000080BF11FB7FBF27
:10C9D00043EC7FBF97D37FBF0FB17FBFAB847FBFD7
:10C9E0006D4E7FBF580E7FBF6DC47EBFB0707EBFDF
:10C9F00023137EBFCCAB7DBFAC3A7DBFC9BF7CBF2C
:10CA0000283B7CBFCDAC7BBFBE147BBF02737ABF1B
:10CA10009DC779BF981279BFF85378BFC58B77BF90
:10CA200007BA76BFC6DE75BF0BFA74BFDD0B74BFE5
:10CA3000471473BF521372BF080971BF73F56FBFFC
:10CA40009ED86EBF93B26DBF5E836CBF0C4B6BBF45
:10CA5000A7096ABF3CBF68BFD86B67BF880F66BFB6
:10CA600059AA64BF5A3C63BF97C561BF214660BFE6
:10CA700005BE5EBF532D5DBF1A945BBF6AF259BFFE
:10CA8000534858BFE59556BF31DB54BF491853BFD3
:10CA90003D4D51BF207A4FBF029F4DBFF8BB4BBFEA
:10CAA00012D149BF65DE47BF03E445BF01E243BF82
:10CAB00070D841BF67C73FBFF9AE3DBF3B8F3BBF9B
:10CAC000426839BF233A37BFF30435BFC9C832BF04
:10CAD000BB8530BFDE3B2EBF4AEB2BBF159429BF71
:10CAE000563627BF25D224BF996722BFCBF61FBF7A
:10CAF000D17F1DBFC6021BBFC07F18BFD9F615BFAF
:10CB00002A6813BFCDD310BFDA390EBF6B9A0BBFA3
:10CB10009BF508BF824B06BF3D9C03BFE4E700BF07
:10CB2000275DFCBECBE0F6BEEA5AF1BEBBCBEBBE46
:10CB30007533E6BE4F92E0BE80E8DABE4136D5BE20
:10CB4000CA7BCFBE53B9C9BE15EFC3BE491DBEBE19
:10CB50002A44B8BEEF63B2BED47CACBE128FA6BE70
:10CB6000E59AA0BE86A09ABE32A094BE229A8EBE3E
:10CB7000938E88BEC07D82BECCCF78BE7F9A6CBEBD
:10CB8000135C60BE011554BEC2C547BECF6E3BBE2E
:10CB9000A2102FBEB5AB22BE834016BE87CF09BE02
:10CBA00073B2FABD2FBCE1BD36BDC8BD80B6AFBD06
:10CBB00004A996BD752B7BBD2EFB48BD2BC316BDAE
:10CBC000B10AC9BC920E49BC0000008020207065EB
:10CBD000616B5B25645D3A2062696E3D256C642063
:10CBE000667265713D252E3066487A205670703D1C
:10CBF000252E30666D560D0A00576176653A207411
:10CC00007970653D2564206379633D2564206C65FA
:10CC10006E3D25640D0A00444D412074696D656FB9
:10CC20007574210D00625F6379633100625F63791F
:10CC3000633300625F7370656300625F776176657E
:10CC40000025732E7478743D2255323A202D2D2DF7
:10CC5000206D56220025732E7478743D2255333A88
:10CC6000202D2D2D206D56220025732E7478743DB5
:10CC70002255323A20252E3166206D56220025732A
:10CC80002E7478743D2255333A20252E3166206D5E
:10CC900056220025732E7478743D2266333A202D77
:10CCA0002D2D206B487A220025732E7478743D2236
:10CCB00066323A20252E3166206B487A2200257391
:10CCC0002E7478743D2266333A20252E3166206B0F
:10CCD000487A2200636C652025732C300073300085
:10CCE000745F663200745F753200745F663300747F
:10CCF0005F75330070616765202564000000803F28
:10CD000000000000C4FE7F3F890FC93B11FB7F3F3D
:10CD1000900E493CE6F47F3FB6C9963C43EC7F3F1A
:10CD2000B00AC93C29E17F3FB949FB3C98D37F3F1A
:10CD30002CC3163D8FC37F3F07E02F3D0FB17F3FD0
:10CD40002FFB483D189C7F3F6814623DAB847F3FBA
:10CD5000742B7B3DC76A7F3F0A208A3D6D4E7F3F23
:10CD600005A9963D9D2F7F3F8C30A33D580E7F3FF8
:10CD700080B6AF3D9DEA7E3FC33ABC3D6DC47E3F69
:10CD800036BDC83DC99B7E3FB93DD53DB0707E3FA5
:10CD90002EBCE13D23437E3F7638EE3D24137E3F9B
:10CDA00073B2FA3DB1E07D3F0295033ECCAB7D3FCF
:10CDB00086CF093E74747D3FB708103EAC3A7D3F84
:10CDC0008340163E73FE7C3FDE761C3EC9BF7C3F2F
:10CDD000B6AB223EB07E7C3FFCDE283E283B7C3F4B
:10CDE000A2102F3E31F57B3F9840353ECDAC7B3FC6
:10CDF000CF6E3B3EFC617B3F379B413EBE147B3F89
:10CE0000C2C5473E16C57A3F60EE4D3E02737A3F7B
:10CE10000115543E841E7A3F97395A3E9DC7793F8B
:10CE2000135C603E4E6E793F667C663E9812793F99
:10CE30007F9A6C3E7BB4783F51B6723EF853783F90
:10CE4000CCCF783E10F1773FE1E67E3EC58B773F51
:10CE5000C07D823E1724773FCE86853E07BA763F57
:10CE6000938E883E974D763F07958B3EC6DE753F85
:10CE7000229A8E3E976D753FDD9D913E0BFA743F71
:10CE800031A0943E2284743F17A1973EDD0B743F7E
:10CE900086A09A3E3F91733F789E9D3E4714733F14
:10CEA000E59AA03EF894723FC595A33E5213723F97
:10CEB000128FA63E578F713FC486A93E0809713F65
:10CEC000D47CAC3E6680703F3A71AF3E73F56F3FE5
:10CED000EF63B23E30686F3FEC54B53E9ED86E3F74
:10CEE0002A44B83EBE466E3FA031BB3E93B26D3F72
:10CEF0004A1DBE3E1D1C6D3F1E07C13E5E836C3F3A
:10CF000015EFC33E58E86B3F29D5C63E0C4B6B3F2F
:10CF100053B9C93E7BAB6A3F8B9BCC3EA7096A3FA6
:10CF2000CA7BCF3E9165693F095AD23E3CBF683FFC
:10CF30004136D53EA816683F6B10D83ED86B673F88
:10CF400080E8DA3ECCBE663F79BEDD3E880F663FA4
:10CF50004F92E03E0B5E653FFA63E33E59AA643FA1
:10CF60007533E63E73F4633FB700E93E5A3C633FD6
:10CF7000BBCBEB3E1082623F7994EE3E98C5613F99
:10CF8000EA5AF13EF206613F071FF43E2146603F38
:10CF9000CBE0F63E27835F3F2DA0F93E05BE5E3F06
:10CFA000275DFC3EBEF65D3FB217FF3E532D5D3F51
:10CFB000E4E7003FC7615C3FB142023F1A945B3F28
:10CFC0003D9C033F50C45A3F84F4043F6AF2593FEA
:10CFD000824B063F6A1E593F36A1073F5348583FD0
:10CFE0009BF5083F2670573FAD480A3FE595563FF1
:10CFF0006B9A0B3F93B9553FD0EA0C3F31DB543F5E
:10D00000DA390E3FC3FA533F84870F3F4918533F25
:10D01000CDD3103FC633523FB01E123F3D4D513F5E
:10D020002A68133FAF64503F39B0143F1F7A4F3F17
:10D03000D9F6153F908D4E3F073C173F029F4D3F5D
:10D04000C07F183F79AE4C3F00C2193FF8BB4B3F41
:10D05000C6021B3F7FC74A3F0C421C3F12D1493FCB
:10D06000D17F1D3FB3D8483F12BC1E3F65DE473F0E
:10D07000CBF61F3F2AE2463FF92F213F03E4453F0D
:10D080009967223FF5E3443FA99D233F00E2433FD8
:10D0900025D2243F29DE423F0A05263F70D8413F72
:10D0A0005636273FDAD0403F0566283F67C73F3FE7
:10D0B0001594293F1BBC3E3F82C02A3FF9AE3D3F3D
:10D0C0004AEB2B3F03A03C3F69142D3F3B8F3B3F76
:10D0D000DE3B2E3FA47C3A3FA5612F3F4268393F9B
:10D0E000BB85303F1652383F1DA8313F233A373FAA
:10D0F000C9C8323F6C20363FBCE7333FF304353FAD
:10D10000F304353FBCE7333F6C20363FC9C8323F9C
:10D11000233A373F1DA8313F1652383FBB85303F79
:10D120004268393FA5612F3FA47C3A3FDE3B2E3F4A
:10D130003B8F3B3F69142D3F03A03C3F4AEB2B3F05
:10D14000F9AE3D3F82C02A3F1BBC3E3F1594293FAC
:10D1500067C73F3F0566283FDAD0403F5636273F36
:10D1600070D8413F0A05263F29DE423F25D2243FA1
:10D1700000E2433FA99D233FF5E3443F9967223FE7
:10D1800003E4453FF92F213F2AE2463FCBF61F3FFC
:10D1900065DE473F12BC1E3FB3D8483FD17F1D3FDD
:10D1A00012D1493F0C421C3F7FC74A3FC6021B3F7A
:10D1B000F8BB4B3F00C2193F79AE4C3FC07F183FD0
:10D1C000029F4D3F073C173F908D4E3FD9F6153FCC
:10D1D0001F7A4F3F39B0143FAF64503F2A68133F66
:10D1E0003D4D513FB01E123FC633523FCDD3103F8D
:10D1F0004918533F84870F3FC3FA533FDA390E3F34
:10D2000031DB543FD0EA0C3F93B9553F6B9A0B3F4B
:10D21000E595563FAD480A3F2670573F9BF5083FBE
:10D220005348583F36A1073F6A1E593F824B063F7D
:10D230006AF2593F84F4043F50C45A3F3D9C033F77
:10D240001A945B3FB142023FC7615C3FE4E7003F95
:10D25000532D5D3FB217FF3EBEF65D3F275DFC3E9E
:10D2600005BE5E3F2DA0F93E27835F3FCBE0F63E33
:10D270002146603F071FF43EF206613FEA5AF13E45
:10D2800098C5613F7994EE3E1082623FBBCBEB3E86
:10D290005A3C633FB700E93E73F4633F7533E63EA3
:10D2A00059AA643FFA63E33E0B5E653F4F92E03E4E
:10D2B000880F663F79BEDD3ECCBE663F80E8DA3E31
:10D2C000D86B673F6B10D83EA816683F4136D53EF5
:10D2D0003CBF683F095AD23E9165693FCA7BCF3E49
:10D2E000A7096A3F8B9BCC3E7BAB6A3F53B9C93ED3
:10D2F0000C4B6B3F29D5C63E58E86B3F15EFC33E3C
:10D300005E836C3F1E07C13E1D1C6D3F4A1DBE3E25
:10D3100093B26D3FA031BB3EBE466E3F2A44B83E3D
:10D320009ED86E3FEC54B53E30686F3FEF63B23E1F
:10D3300073F56F3F3A71AF3E6680703FD47CAC3E70
:10D340000809713FC486A93E578F713F128FA63ED0
:10D350005213723FC595A33EF894723FE59AA03EE2
:10D360004714733F789E9D3E3F91733F86A09A3E3F
:10D37000DD0B743F17A1973E2284743F31A0943E89
:10D380000BFA743FDD9D913E976D753F229A8E3E5C
:10D39000C6DE753F07958B3E974D763F938E883E50
:10D3A00007BA763FCE86853E1724773FC07D823E02
:10D3B000C58B773FE1E67E3E10F1773FCCCF783EDC
:10D3C000F853783F51B6723E7BB4783F7F9A6C3EFB
:10D3D0009812793F667C663E4E6E793F135C603EE4
:10D3E0009DC7793F97395A3E841E7A3F0115543EB6
:10D3F00002737A3F60EE4D3E16C57A3FC2C5473E86
:10D40000BE147B3F379B413EFC617B3FCF6E3B3E72
:10D41000CDAC7B3F9840353E31F57B3FA2102F3E8F
:10D42000283B7C3FFCDE283EB07E7C3FB6AB223EF4
:10D43000C9BF7C3FDE761C3E73FE7C3F8340163EB8
:10D44000AC3A7D3FB708103E74747D3F86CF093EED
:10D45000CCAB7D3F0295033EB1E07D3F73B2FA3D18
:10D4600024137E3F7638EE3D23437E3F2EBCE13DC4
:10D47000B0707E3FB93DD53DC99B7E3F36BDC83DAE
:10D480006DC47E3FC33ABC3D9DEA7E3F80B6AF3D52
:10D49000580E7F3F8C30A33D9D2F7F3F05A9963DC1
:10D4A0006D4E7F3F0A208A3DC76A7F3F742B7B3DCC
:10D4B000AB847F3F6814623D189C7F3F2FFB483D43
:10D4C0000FB17F3F07E02F3D8FC37F3F2CC3163D39
:10D4D00098D37F3FB949FB3C29E17F3FB00AC93C63
:10D4E00043EC7F3FB6C9963CE6F47F3F900E493C43
:10D4F00011FB7F3F890FC93BC4FE7F3F0000000046
:10D500000000803F890FC9BBC4FE7F3F900E49BC1D
:10D5100011FB7F3FB6C996BCE6F47F3FB00AC9BC99
:10D5200043EC7F3FB949FBBC29E17F3F2CC316BDCB
:10D5300098D37F3F07E02FBD8FC37F3F2FFB48BDB0
:10D540000FB17F3F681462BD189C7F3F742B7BBD79
:10D55000AB847F3F0A208ABDC76A7F3F05A996BD7D
:10D560006D4E7F3F8C30A3BD9D2F7F3F80B6AFBDFA
:10D57000580E7F3FC33ABCBD9DEA7E3F36BDC8BD55
:10D580006DC47E3FB93DD5BDC99B7E3F2EBCE1BD7C
:10D59000B0707E3F7638EEBD23437E3F73B2FABD56
:10D5A00024137E3F029503BEB1E07D3F86CF09BEC6
:10D5B000CCAB7D3FB70810BE74747D3F834016BE70
:10D5C000AC3A7D3FDE761CBE73FE7C3FB6AB22BE1E
:10D5D000C9BF7C3FFCDE28BEB07E7C3FA2102FBEC0
:10D5E000283B7C3F984035BE31F57B3FCF6E3BBE3C
:10D5F000CDAC7B3F379B41BEFC617B3FC2C547BE84
:10D60000BE147B3F60EE4DBE16C57A3F011554BE79
:10D6100002737A3F97395ABE841E7A3F135C60BE0C
:10D620009DC7793F667C66BE4E6E793F7F9A6CBE21
:10D630009812793F51B672BE7BB4783FCCCF78BE9A
:10D64000F853783FE1E67EBE10F1773FC07D82BEA1
:10D65000C58B773FCE8685BE1724773F938E88BED5
:10D6600007BA763F07958BBE974D763F229A8EBEBE
:10D67000C6DE753FDD9D91BE976D753F31A094BEAE
:10D680000BFA743F17A197BE2284743F86A09ABEFE
:10D69000DD0B743F789E9DBE3F91733FE59AA0BE1F
:10D6A0004714733FC595A3BEF894723F128FA6BE70
:10D6B0005213723FC486A9BE578F713FD47CACBE53
:10D6C0000809713F3A71AFBE6680703FEF63B2BE2A
:10D6D00073F56F3FEC54B5BE30686F3F2A44B8BE57
:10D6E0009ED86E3FA031BBBEBE466E3F4A1DBEBE39
:10D6F00093B26D3F1E07C1BE1D1C6D3F15EFC3BE2B
:10D700005E836C3F29D5C6BE58E86B3F53B9C9BE8E
:10D710000C4B6B3F8B9BCCBE7BAB6A3FCA7BCFBEB7
:10D72000A7096A3F095AD2BE9165693F4136D5BE05
:10D730003CBF683F6B10D8BEA816683F80E8DABED1
:10D74000D86B673F79BEDDBECCBE663F4F92E0BE70
:10D75000880F663FFA63E3BE0B5E653F7533E6BE36
:10D7600059AA643FB700E9BE73F4633FBBCBEBBE7D
:10D770005A3C633F7994EEBE1082623FEA5AF1BE92
:10D7800098C5613F071FF4BEF206613FCBE0F6BECD
:10D790002146603F2DA0F9BE27835F3F275DFCBE79
:10D7A00005BE5E3FB217FFBEBEF65D3FE4E700BFB9
:10D7B000532D5D3FB14202BFC7615C3F3D9C03BF3B
:10D7C0001A945B3F84F404BF50C45A3F824B06BF97
:10D7D0006AF2593F36A107BF6A1E593F9BF508BF41
:10D7E0005348583FAD480ABF2670573F6B9A0BBF4E
:10D7F000E595563FD0EA0CBF93B9553FDA390EBFD5
:10D8000031DB543F84870FBFC3FA533FCDD310BFE2
:10D810004918533FB01E12BFC633523F2A6813BF88
:10D820003D4D513F39B014BFAF64503FD9F615BFDD
:10D830001F7A4F3F073C17BF908D4E3FC07F18BFE8
:10D84000029F4D3F00C219BF79AE4C3FC6021BBFBD
:10D85000F8BB4B3F0C421CBF7FC74A3FD17F1DBF67
:10D8600012D1493F12BC1EBFB3D8483FCBF61FBFF1
:10D8700065DE473FF92F21BF2AE2463F996722BF65
:10D8800003E4453FA99D23BFF5E3443F25D224BFD0
:10D8900000E2433F0A0526BF29DE423F563627BF36
:10D8A00070D8413F056628BFDAD0403F159429BFA4
:10D8B00067C73F3F82C02ABF1BBC3E3F4AEB2BBF1E
:10D8C000F9AE3D3F69142DBF03A03C3FDE3B2EBFA8
:10D8D0003B8F3B3FA5612FBFA47C3A3FBB8530BF48
:10D8E0004268393F1DA831BF1652383FC9C832BF00
:10D8F000233A373FBCE733BF6C20363FF30435BFD4
:10D90000F304353F6C2036BFBCE7333F233A37BFC3
:10D91000C9C8323F165238BF1DA8313F426839BFCF
:10D92000BB85303FA47C3ABFA5612F3F3B8F3BBFF7
:10D93000DE3B2E3F03A03CBF69142D3FF9AE3DBF37
:10D940004AEB2B3F1BBC3EBF82C02A3F67C73FBF8D
:10D950001594293FDAD040BF0566283F70D841BFF3
:10D960005636273F29DE42BF0A05263F00E243BF65
:10D9700025D2243FF5E344BFA99D233F03E445BFDF
:10D980009967223F2AE246BFF92F213F65DE47BF54
:10D99000CBF61F3FB3D848BF12BC1E3F12D149BFC0
:10D9A000D17F1D3F7FC74ABF0C421C3FF8BB4BBF16
:10D9B000C6021B3F79AE4CBF00C2193F029F4DBF4C
:10D9C000C07F183F908D4EBF073C173F1F7A4FBF57
:10D9D000D9F6153FAF6450BF39B0143F3D4D51BF2C
:10D9E0002A68133FC63352BFB01E123F491853BFB7
:10D9F000CDD3103FC3FA53BF84870F3F31DB54BFF1
:10DA0000DA390E3F93B955BFD0EA0C3FE59556BFC2
:10DA10006B9A0B3F267057BFAD480A3F534858BF1B
:10DA20009BF5083F6A1E59BF36A1073F6AF259BFEE
:10DA3000824B063F50C45ABF84F4043F1A945BBF24
:10DA40003D9C033FC7615CBFB142023F532D5DBFA8
:10DA5000E4E7003FBEF65DBFB217FF3E05BE5EBF06
:10DA6000275DFC3E27835FBF2DA0F93E214660BFA6
:10DA7000CBE0F63EF20661BF071FF43E98C561BFDA
:10DA8000EA5AF13E108262BF7994EE3E5A3C63BF7F
:10DA9000BBCBEB3E73F463BFB700E93E59AA64BF4A
:10DAA0007533E63E0B5E65BFFA63E33E880F66BFE3
:10DAB0004F92E03ECCBE66BF79BEDD3ED86B67BFFD
:10DAC00080E8DA3EA81668BF6B10D83E3CBF68BF3E
:10DAD0004136D53E916569BF095AD23EA7096ABF52
:10DAE000CA7BCF3E7BAB6ABF8B9BCC3E0C4B6BBFE4
:10DAF00053B9C93E58E86BBF29D5C63E5E836CBF9B
:10DB000015EFC33E1D1C6DBF1E07C13E93B26DBF16
:10DB10004A1DBE3EBE466EBFA031BB3E9ED86EBF04
:10DB20002A44B83E30686FBFEC54B53E73F56FBF02
:10DB3000EF63B23E668070BF3A71AF3E080971BFB5
:10DB4000D47CAC3E578F71BFC486A93E521372BFBE
:10DB5000128FA63EF89472BFC595A33E471473BFBB
:10DB6000E59AA03E3F9173BF789E9D3EDD0B74BF4A
:10DB700086A09A3E228474BF17A1973E0BFA74BF09
:10DB800031A0943E976D75BFDD9D913EC6DE75BF99
:10DB9000229A8E3E974D76BF07958B3E07BA76BF89
:10DBA000938E883E172477BFCE86853EC58B77BF80
:10DBB000C07D823E10F177BFE1E67E3EF85378BF2C
:10DBC000CCCF783E7BB478BF51B6723E981279BF05
:10DBD0007F9A6C3E4E6E79BF667C663E9DC779BF6C
:10DBE000135C603E841E7ABF97395A3E02737ABF37
:10DBF0000115543E16C57ABF60EE4D3EBE147BBF84
:10DC0000C2C5473EFC617BBF379B413ECDAC7BBF6D
:10DC1000CF6E3B3E31F57BBF9840353E283B7CBF05
:10DC2000A2102F3EB07E7CBFFCDE283EC9BF7CBF69
:10DC3000B6AB223E73FE7CBFDE761C3EAC3A7DBFA7
:10DC40008340163E74747DBFB708103ECCAB7DBFD9
:10DC500086CF093EB1E07DBF0295033E24137EBF0F
:10DC600073B2FA3D23437EBF7638EE3DB0707EBF7F
:10DC70002EBCE13DC99B7EBFB93DD53D6DC47EBF85
:10DC800036BDC83D9DEA7EBFC33ABC3D580E7FBF3E
:10DC900080B6AF3D9D2F7FBF8C30A33D6D4E7FBFC3
:10DCA00005A9963DC76A7FBF0A208A3DAB847FBF26
:10DCB000742B7B3D189C7FBF6814623D0FB17FBF02
:10DCC0002FFB483D8FC37FBF07E02F3D98D37FBF19
:10DCD0002CC3163D29E17FBFB949FB3C43EC7FBF14
:10DCE000B00AC93CE6F47FBFB6C9963C11FB7FBFC2
:10DCF000900E493CC4FE7FBF890FC93B000080BF26
:10DD000000000000C4FE7FBF890FC9BB11FB7FBFAD
:10DD1000900E49BCE6F47FBFB6C996BC43EC7FBF0A
:10DD2000B00AC9BC29E17FBFB949FBBC98D37FBF0A
:10DD30002CC316BD8FC37FBF07E02FBD0FB17FBFC0
:10DD40002FFB48BD189C7FBF681462BDAB847FBFAA
:10DD5000742B7BBDC76A7FBF0A208ABD6D4E7FBF13
:10DD600005A996BD9D2F7FBF8C30A3BD580E7FBFE8
:10DD700080B6AFBD9DEA7EBFC33ABCBD6DC47EBF59
:10DD800036BDC8BDC99B7EBFB93DD5BDB0707EBF95
:10DD90002EBCE1BD23437EBF7638EEBD24137EBF8B
:10DDA00073B2FABDB1E07DBF029503BECCAB7DBFBF
:10DDB00086CF09BE74747DBFB70810BEAC3A7DBF74
:10DDC000834016BE73FE7CBFDE761CBEC9BF7CBF1F
:10DDD000B6AB22BEB07E7CBFFCDE28BE283B7CBF3B
:10DDE000A2102FBE31F57BBF984035BECDAC7BBFB6
:10DDF000CF6E3BBEFC617BBF379B41BEBE147BBF79
:10DE0000C2C547BE16C57ABF60EE4DBE02737ABF6B
:10DE1000011554BE841E7ABF97395ABE9DC779BF7B
:10DE2000135C60BE4E6E79BF667C66BE981279BF89
:10DE30007F9A6CBE7BB478BF51B672BEF85378BF80
:10DE4000CCCF78BE10F177BFE1E67EBEC58B77BF41
:10DE5000C07D82BE172477BFCE8685BE07BA76BF47
:10DE6000938E88BE974D76BF07958BBEC6DE75BF75
:10DE7000229A8EBE976D75BFDD9D91BE0BFA74BF61
:10DE800031A094BE228474BF17A197BEDD0B74BF6E
:10DE900086A09ABE3F9173BF789E9DBE471473BF04
:10DEA000E59AA0BEF89472BFC595A3BE521372BF87
:10DEB000128FA6BE578F71BFC486A9BE080971BF55
:10DEC000D47CACBE668070BF3A71AFBE73F56FBFD5
:10DED000EF63B2BE30686FBFEC54B5BE9ED86EBF64
:10DEE0002A44B8BEBE466EBFA031BBBE93B26DBF62
:10DEF0004A1DBEBE1D1C6DBF1E07C1BE5E836CBF2A
:10DF000015EFC3BE58E86BBF29D5C6BE0C4B6BBF1F
:10DF100053B9C9BE7BAB6ABF8B9BCCBEA7096ABF96
:10DF2000CA7BCFBE916569BF095AD2BE3CBF68BFEC
:10DF30004136D5BEA81668BF6B10D8BED86B67BF78
:10DF400080E8DABECCBE66BF79BEDDBE880F66BF94
:10DF50004F92E0BE0B5E65BFFA63E3BE59AA64BF91
:10DF60007533E6BE73F463BFB700E9BE5A3C63BFC6
:10DF7000BBCBEBBE108262BF7994EEBE98C561BF89
:10DF8000EA5AF1BEF20661BF071FF4BE214660BF28
:10DF9000CBE0F6BE27835FBF2DA0F9BE05BE5EBFF6
:10DFA000275DFCBEBEF65DBFB217FFBE532D5DBF41
:10DFB000E4E700BFC7615CBFB14202BF1A945BBF18
:10DFC0003D9C03BF50C45ABF84F404BF6AF259BFDA
:10DFD000824B06BF6A1E59BF36A107BF534858BFC0
:10DFE0009BF508BF267057BFAD480ABFE59556BFE1
:10DFF0006B9A0BBF93B955BFD0EA0CBF31DB54BF4E
:10E00000DA390EBFC3FA53BF84870FBF491853BF15
:10E01000CDD310BFC63352BFB01E12BF3D4D51BF4E
:10E020002A6813BFAF6450BF39B014BF1F7A4FBF07
:10E03000D9F615BF908D4EBF073C17BF029F4DBF4D
:10E04000C07F18BF79AE4CBF00C219BFF8BB4BBF31
:10E05000C6021BBF7FC74ABF0C421CBF12D149BFBB
:10E06000D17F1DBFB3D848BF12BC1EBF65DE47BFFE
:10E07000CBF61FBF2AE246BFF92F21BF03E445BFFD
:10E08000996722BFF5E344BFA99D23BF00E243BFC8
:10E0900025D224BF29DE42BF0A0526BF70D841BF62
:10E0A000563627BFDAD040BF056628BF67C73FBFD7
:10E0B000159429BF1BBC3EBF82C02ABFF9AE3DBF2D
:10E0C0004AEB2BBF03A03CBF69142DBF3B8F3BBF66
:10E0D000DE3B2EBFA47C3ABFA5612FBF426839BF8B
:10E0E000BB8530BF165238BF1DA831BF233A37BF9A
:10E0F000C9C832BF6C2036BFBCE733BFF30435BF9D
:10E10000F30435BFBCE733BF6C2036BFC9C832BF8C
:10E11000233A37BF1DA831BF165238BFBB8530BF69
:10E12000426839BFA5612FBFA47C3ABFDE3B2EBF3A
:10E130003B8F3BBF69142DBF03A03CBF4AEB2BBFF5
:10E14000F9AE3DBF82C02ABF1BBC3EBF159429BF9C
:10E1500067C73FBF056628BFDAD040BF563627BF26
:10E1600070D841BF0A0526BF29DE42BF25D224BF91
:10E1700000E243BFA99D23BFF5E344BF996722BFD7
:10E1800003E445BFF92F21BF2AE246BFCBF61FBFEC
:10E1900065DE47BF12BC1EBFB3D848BFD17F1DBFCD
:10E1A00012D149BF0C421CBF7FC74ABFC6021BBF6A
:10E1B000F8BB4BBF00C219BF79AE4CBFC07F18BFC0
:10E1C000029F4DBF073C17BF908D4EBFD9F615BFBC
:10E1D0001F7A4FBF39B014BFAF6450BF2A6813BF56
:10E1E0003D4D51BFB01E12BFC63352BFCDD310BF7D
:10E1F000491853BF84870FBFC3FA53BFDA390EBF24
:10E2000031DB54BFD0EA0CBF93B955BF6B9A0BBF3B
:10E21000E59556BFAD480ABF267057BF9BF508BFAE
:10E22000534858BF36A107BF6A1E59BF824B06BF6D
:10E230006AF259BF84F404BF50C45ABF3D9C03BF67
:10E240001A945BBFB14202BFC7615CBFE4E700BF85
:10E25000532D5DBFB217FFBEBEF65DBF275DFCBE8E
:10E2600005BE5EBF2DA0F9BE27835FBFCBE0F6BE23
:10E27000214660BF071FF4BEF20661BFEA5AF1BE35
:10E2800098C561BF7994EEBE108262BFBBCBEBBE76
:10E290005A3C63BFB700E9BE73F463BF7533E6BE93
:10E2A00059AA64BFFA63E3BE0B5E65BF4F92E0BE3E
:10E2B000880F66BF79BEDDBECCBE66BF80E8DABE21
:10E2C000D86B67BF6B10D8BEA81668BF4136D5BEE5
:10E2D0003CBF68BF095AD2BE916569BFCA7BCFBE39
:10E2E000A7096ABF8B9BCCBE7BAB6ABF53B9C9BEC3
:10E2F0000C4B6BBF29D5C6BE58E86BBF15EFC3BE2C
:10E300005E836CBF1E07C1BE1D1C6DBF4A1DBEBE15
:10E3100093B26DBFA031BBBEBE466EBF2A44B8BE2D
:10E320009ED86EBFEC54B5BE30686FBFEF63B2BE0F
:10E3300073F56FBF3A71AFBE668070BFD47CACBE60
:10E34000080971BFC486A9BE578F71BF128FA6BEC0
:10E35000521372BFC595A3BEF89472BFE59AA0BED2
:10E36000471473BF789E9DBE3F9173BF86A09ABE2F
:10E37000DD0B74BF17A197BE228474BF31A094BE79
:10E380000BFA74BFDD9D91BE976D75BF229A8EBE4C
:10E39000C6DE75BF07958BBE974D76BF938E88BE40
:10E3A00007BA76BFCE8685BE172477BFC07D82BEF2
:10E3B000C58B77BFE1E67EBE10F177BFCCCF78BECC
:10E3C000F85378BF51B672BE7BB478BF7F9A6CBEEB
:10E3D000981279BF667C66BE4E6E79BF135C60BED4
:10E3E0009DC779BF97395ABE841E7ABF011554BEA6
:10E3F00002737ABF60EE4DBE16C57ABFC2C547BE76
:10E40000BE147BBF379B41BEFC617BBFCF6E3BBE62
:10E41000CDAC7BBF984035BE31F57BBFA2102FBE7F
:10E42000283B7CBFFCDE28BEB07E7CBFB6AB22BEE4
:10E43000C9BF7CBFDE761CBE73FE7CBF834016BEA8
:10E44000AC3A7DBFB70810BE74747DBF86CF09BEDD
:10E45000CCAB7DBF029503BEB1E07DBF73B2FABD08
:10E4600024137EBF7638EEBD23437EBF2EBCE1BDB4
:10E47000B0707EBFB93DD5BDC99B7EBF36BDC8BD9E
:10E480006DC47EBFC33ABCBD9DEA7EBF80B6AFBD42
:10E49000580E7FBF8C30A3BD9D2F7FBF05A996BDB1
:10E4A0006D4E7FBF0A208ABDC76A7FBF742B7BBDBC
:10E4B000AB847FBF681462BD189C7FBF2FFB48BD33
:10E4C0000FB17FBF07E02FBD8FC37FBF2CC316BD29
:10E4D00098D37FBFB949FBBC29E17FBFB00AC9BC53
:10E4E00043EC7FBFB6C996BCE6F47FBF900E49BC33
:10E4F00011FB7FBF890FC9BBC4FE7FBF0000008036
:10E50000000080BF890FC93BC4FE7FBF900E493C0D
:10E5100011FB7FBFB6C9963CE6F47FBFB00AC93C89
:10E5200043EC7FBFB949FB3C29E17FBF2CC3163DBB
:10E5300098D37FBF07E02F3D8FC37FBF2FFB483DA0
:10E540000FB17FBF6814623D189C7FBF742B7B3D69
:10E55000AB847FBF0A208A3DC76A7FBF05A9963D6D
:10E560006D4E7FBF8C30A33D9D2F7FBF80B6AF3DEA
:10E57000580E7FBFC33ABC3D9DEA7EBF36BDC83D45
:10E580006DC47EBFB93DD53DC99B7EBF2EBCE13D6C
:10E59000B0707EBF7638EE3D23437EBF73B2FA3D46
:10E5A00024137EBF0295033EB1E07DBF86CF093EB6
:10E5B000CCAB7DBFB708103E74747DBF8340163E60
:10E5C000AC3A7DBFDE761C3E73FE7CBFB6AB223E0E
:10E5D000C9BF7CBFFCDE283EB07E7CBFA2102F3EB0
:10E5E000283B7CBF9840353E31F57BBFCF6E3B3E2C
:10E5F000CDAC7BBF379B413EFC617BBFC2C5473E74
:10E60000BE147BBF60EE4D3E16C57ABF0115543E69
:10E6100002737ABF97395A3E841E7ABF135C603EFC
:10E620009DC779BF667C663E4E6E79BF7F9A6C3E11
:10E63000981279BF51B6723E7BB478BFCCCF783E8A
:10E64000F85378BFE1E67E3E10F177BFC07D823E91
:10E65000C58B77BFCE86853E172477BF938E883EC5
:10E6600007BA76BF07958B3E974D76BF229A8E3EAE
:10E67000C6DE75BFDD9D913E976D75BF31A0943E9E
:10E680000BFA74BF17A1973E228474BF86A09A3EEE
:10E69000DD0B74BF789E9D3E3F9173BFE59AA03E0F
:10E6A000471473BFC595A33EF89472BF128FA63E60
:10E6B000521372BFC486A93E578F71BFD47CAC3E43
:10E6C000080971BF3A71AF3E668070BFEF63B23E1A
:10E6D00073F56FBFEC54B53E30686FBF2A44B83E47
:10E6E0009ED86EBFA031BB3EBE466EBF4A1DBE3E29
:10E6F00093B26DBF1E07C13E1D1C6DBF15EFC33E1B
:10E700005E836CBF29D5C63E58E86BBF53B9C93E7E
:10E710000C4B6BBF8B9BCC3E7BAB6ABFCA7BCF3EA7
:10E72000A7096ABF095AD23E916569BF4136D53EF5
:10E730003CBF68BF6B10D83EA81668BF80E8DA3EC1
:10E74000D86B67BF79BEDD3ECCBE66BF4F92E03E60
:10E75000880F66BFFA63E33E0B5E65BF7533E63E26
:10E7600059AA64BFB700E93E73F463BFBBCBEB3E6D
:10E770005A3C63BF7994EE3E108262BFEA5AF13E82
:10E7800098C561BF071FF43EF20661BFCBE0F63EBD
:10E79000214660BF2DA0F93E27835FBF275DFC3E69
:10E7A00005BE5EBFB217FF3EBEF65DBFE4E7003FA9
:10E7B000532D5DBFB142023FC7615CBF3D9C033F2B
:10E7C0001A945BBF84F4043F50C45ABF824B063F87
:10E7D0006AF259BF36A1073F6A1E59BF9BF5083F31
:10E7E000534858BFAD480A3F267057BF6B9A0B3F3E
:10E7F000E59556BFD0EA0C3F93B955BFDA390E3FC5
:10E8000031DB54BF84870F3FC3FA53BFCDD3103FD2
:10E81000491853BFB01E123FC63352BF2A68133F78
:10E820003D4D51BF39B0143FAF6450BFD9F6153FCD
:10E830001F7A4FBF073C173F908D4EBFC07F183FD8
:10E84000029F4DBF00C2193F79AE4CBFC6021B3FAD
:10E85000F8BB4BBF0C421C3F7FC74ABFD17F1D3F57
:10E8600012D149BF12BC1E3FB3D848BFCBF61F3FE1
:10E8700065DE47BFF92F213F2AE246BF9967223F55
:10E8800003E445BFA99D233FF5E344BF25D2243FC0
:10E8900000E243BF0A05263F29DE42BF5636273F26
:10E8A00070D841BF0566283FDAD040BF1594293F94
:10E8B00067C73FBF82C02A3F1BBC3EBF4AEB2B3F0E
:10E8C000F9AE3DBF69142D3F03A03CBFDE3B2E3F98
:10E8D0003B8F3BBFA5612F3FA47C3ABFBB85303F38
:10E8E000426839BF1DA8313F165238BFC9C8323FF0
:10E8F000233A37BFBCE7333F6C2036BFF304353FC4
:10E90000F30435BF6C20363FBCE733BF233A373FB3
:10E91000C9C832BF1652383F1DA831BF4268393FBF
:10E92000BB8530BFA47C3A3FA5612FBF3B8F3B3FE7
:10E93000DE3B2EBF03A03C3F69142DBFF9AE3D3F27
:10E940004AEB2BBF1BBC3E3F82C02ABF67C73F3F7D
:10E95000159429BFDAD0403F056628BF70D8413FE3
:10E96000563627BF29DE423F0A0526BF00E2433F55
:10E9700025D224BFF5E3443FA99D23BF03E4453FCF
:10E98000996722BF2AE2463FF92F21BF65DE473F44
:10E99000CBF61FBFB3D8483F12BC1EBF12D1493FB0
:10E9A000D17F1DBF7FC74A3F0C421CBFF8BB4B3F06
:10E9B000C6021BBF79AE4C3F00C219BF029F4D3F3C
:10E9C000C07F18BF908D4E3F073C17BF1F7A4F3F47
:10E9D000D9F615BFAF64503F39B014BF3D4D513F1C
:10E9E0002A6813BFC633523FB01E12BF4918533FA7
:10E9F000CDD310BFC3FA533F84870FBF31DB543FE1
:10EA0000DA390EBF93B9553FD0EA0CBFE595563FB2
:10EA10006B9A0BBF2670573FAD480ABF5348583F0B
:10EA20009BF508BF6A1E593F36A107BF6AF2593FDE
:10EA3000824B06BF50C45A3F84F404BF1A945B3F14
:10EA40003D9C03BFC7615C3FB14202BF532D5D3F98
:10EA5000E4E700BFBEF65D3FB217FFBE05BE5E3FF6
:10EA6000275DFCBE27835F3F2DA0F9BE2146603F96
:10EA7000CBE0F6BEF206613F071FF4BE98C5613FCA
:10EA8000EA5AF1BE1082623F7994EEBE5A3C633F6F
:10EA9000BBCBEBBE73F4633FB700E9BE59AA643F3A
:10EAA0007533E6BE0B5E653FFA63E3BE880F663FD3
:10EAB0004F92E0BECCBE663F79BEDDBED86B673FED
:10EAC00080E8DABEA816683F6B10D8BE3CBF683F2E
:10EAD0004136D5BE9165693F095AD2BEA7096A3F42
:10EAE000CA7BCFBE7BAB6A3F8B9BCCBE0C4B6B3FD4
:10EAF00053B9C9BE58E86B3F29D5C6BE5E836C3F8B
:10EB000015EFC3BE1D1C6D3F1E07C1BE93B26D3F06
:10EB10004A1DBEBEBE466E3FA031BBBE9ED86E3FF4
:10EB20002A44B8BE30686F3FEC54B5BE73F56F3FF2
:10EB3000EF63B2BE6680703F3A71AFBE0809713FA5
:10EB4000D47CACBE578F713FC486A9BE5213723FAE
:10EB5000128FA6BEF894723FC595A3BE4714733FAB
:10EB6000E59AA0BE3F91733F789E9DBEDD0B743F3A
:10EB700086A09ABE2284743F17A197BE0BFA743FF9
:10EB800031A094BE976D753FDD9D91BEC6DE753F89
:10EB9000229A8EBE974D763F07958BBE07BA763F79
:10EBA000938E88BE1724773FCE8685BEC58B773F70
:10EBB000C07D82BE10F1773FE1E67EBEF853783F1C
:10EBC000CCCF78BE7BB4783F51B672BE9812793FF5
:10EBD0007F9A6CBE4E6E793F667C66BE9DC7793F5C
:10EBE000135C60BE841E7A3F97395ABE02737A3F27
:10EBF000011554BE16C57A3F60EE4DBEBE147B3F74
:10EC0000C2C547BEFC617B3F379B41BECDAC7B3F5D
:10EC1000CF6E3BBE31F57B3F984035BE283B7C3FF5
:10EC2000A2102FBEB07E7C3FFCDE28BEC9BF7C3F59
:10EC3000B6AB22BE73FE7C3FDE761CBEAC3A7D3F97
:10EC4000834016BE74747D3FB70810BECCAB7D3FC9
:10EC500086CF09BEB1E07D3F029503BE24137E3FFF
:10EC600073B2FABD23437E3F7638EEBDB0707E3F6F
:10EC70002EBCE1BDC99B7E3FB93DD5BD6DC47E3F75
:10EC800036BDC8BD9DEA7E3FC33ABCBD580E7F3F2E
:10EC900080B6AFBD9D2F7F3F8C30A3BD6D4E7F3FB3
:10ECA00005A996BDC76A7F3F0A208ABDAB847F3F16
:10ECB000742B7BBD189C7F3F681462BD0FB17F3FF2
:10ECC0002FFB48BD8FC37F3F07E02FBD98D37F3F09
:10ECD0002CC316BD29E17F3FB949FBBC43EC7F3F04
:10ECE000B00AC9BCE6F47F3FB6C996BC11FB7F3FB2
:10ECF000900E49BCC4FE7F3F890FC9BB0000803F16
:10ED0000000000000FB17F3F2FFB483D6DC47E3FE8
:10ED100036BDC83DAC3A7D3F8340163EBE147B3FB6
:10ED2000C2C5473EF853783FCCCF783E0BFA743FCC
:10ED300031A0943E0809713FD47CAC3E5E836C3FA9
:10ED400015EFC33ED86B673F80E8DA3E98C5613F58
:10ED5000EA5AF13E1A945B3F3D9C033F31DB543F3E
:10ED6000DA390E3F029F4D3FC07F183F03E4453F15
:10ED70009967223FF9AE3D3F4AEB2B3FF304353F05
:10ED8000F304353F4AEB2B3FF9AE3D3F9967223FF5
:10ED900003E4453FC07F183F029F4D3FDA390E3FE5
:10EDA00031DB543F3D9C033F1A945B3FEA5AF13EEE
:10EDB00098C5613F80E8DA3ED86B673F15EFC33EE8
:10EDC0005E836C3FD47CAC3E0809713F31A0943E19
:10EDD0000BFA743FCCCF783EF853783FC2C5473E1C
:10EDE000BE147B3F8340163EAC3A7D3F36BDC83DE6
:10EDF0006DC47E3F2FFB483D0FB17F3F00000000F8
:10EE00000000803F2FFB48BD0FB17F3F36BDC8BD1E
:10EE10006DC47E3F834016BEAC3A7D3FC2C547BE3F
:10EE2000BE147B3FCCCF78BEF853783F31A094BE60
:10EE30000BFA743FD47CACBE0809713F15EFC3BE1A
:10EE40005E836C3F80E8DABED86B673FEA5AF1BE5A
:10EE500098C5613F3D9C03BF1A945B3FDA390EBFF2
:10EE600031DB543FC07F18BF029F4D3F996722BFDF
:10EE700003E4453F4AEB2BBFF9AE3D3FF30435BFFA
:10EE8000F304353FF9AE3DBF4AEB2B3F03E445BFEA
:10EE90009967223F029F4DBFC07F183F31DB54BFAF
:10EEA000DA390E3F1A945BBF3D9C033F98C561BFA2
:10EEB000EA5AF13ED86B67BF80E8DA3E5E836CBFEA
:10EEC00015EFC33E080971BFD47CAC3E0BFA74BF8A
:10EED00031A0943EF85378BFCCCF783EBE147BBFB0
:10EEE000C2C5473EAC3A7DBF8340163E6DC47EBF6F
:10EEF00036BDC83D0FB17FBF2FFB483D000080BF2E
:10EF0000000000000FB17FBF2FFB48BD6DC47EBF66
:10EF100036BDC8BDAC3A7DBF834016BEBE147BBFB4
:10EF2000C2C547BEF85378BFCCCF78BE0BFA74BFCA
:10EF300031A094BE080971BFD47CACBE5E836CBFA7
:10EF400015EFC3BED86B67BF80E8DABE98C561BF56
:10EF5000EA5AF1BE1A945BBF3D9C03BF31DB54BF3C
:10EF6000DA390EBF029F4DBFC07F18BF03E445BF13
:10EF7000996722BFF9AE3DBF4AEB2BBFF30435BF03
:10EF8000F30435BF4AEB2BBFF9AE3DBF996722BFF3
:10EF900003E445BFC07F18BF029F4DBFDA390EBFE3
:10EFA00031DB54BF3D9C03BF1A945BBFEA5AF1BEEC
:10EFB00098C561BF80E8DABED86B67BF15EFC3BEE6
:10EFC0005E836CBFD47CACBE080971BF31A094BE17
:10EFD0000BFA74BFCCCF78BEF85378BFC2C547BE1A
:10EFE000BE147BBF834016BEAC3A7DBF36BDC8BDE4
:10EFF0006DC47EBF2FFB48BD0FB17FBF00000080F6
:10F00000000080BF2FFB483D0FB17FBF36BDC83D1C
:10F010006DC47EBF8340163EAC3A7DBFC2C5473E3D
:10F02000BE147BBFCCCF783EF85378BF31A0943E5E
:10F030000BFA74BFD47CAC3E080971BF15EFC33E18
:10F040005E836CBF80E8DA3ED86B67BFEA5AF13E58
:10F0500098C561BF3D9C033F1A945BBFDA390E3FF0
:10F0600031DB54BFC07F183F029F4DBF9967223FDD
:10F0700003E445BF4AEB2B3FF9AE3DBFF304353FF8
:10F08000F30435BFF9AE3D3F4AEB2BBF03E4453FE8
:10F09000996722BF029F4D3FC07F18BF31DB543FAD
:10F0A000DA390EBF1A945B3F3D9C03BF98C5613FA0
:10F0B000EA5AF1BED86B673F80E8DABE5E836C3FE8
:10F0C00015EFC3BE0809713FD47CACBE0BFA743F88
:10F0D00031A094BEF853783FCCCF78BEBE147B3FAE
:10F0E000C2C547BEAC3A7D3F834016BE6DC47E3F6D
:10F0F00036BDC8BD0FB17F3F2FFB48BD0000803F2C
:10F10000000000005E836C3F15EFC33EF304353F03
:10F11000F304353F15EFC33E5E836C3F00000000F3
:10F120000000803F15EFC3BE5E836C3FF30435BF24
:10F13000F304353F5E836CBF15EFC33E000080BF14
:10F14000000000005E836CBF15EFC3BEF30435BF43
:10F15000F30435BF15EFC3BE5E836CBF00000080B3
:10F16000000080BF15EFC33E5E836CBFF304353FE4
:10F17000F30435BF5E836C3F15EFC3BE0000803FD4
:10F1800000000000B1FF7F3FC70F493BC4FE7F3F37
:10F19000890FC93B39FD7F3F59CB163C11FB7F3F9F
:10F1A000900E493C4AF87F3F4B517B3CE6F47F3F51
:10F1B000B6C9963CE3F07F3F69EAAF3C43EC7F3F42
:10F1C000B00AC93C05E77F3F7B2AE23C29E17F3F4B
:10F1D000B949FB3CAFDA7F3F2F340A3D98D37F3FDC
:10F1E0002CC3163DE2CB7F3FCC51233D8FC37F3FE5
:10F1F00007E02F3D9EBA7F3FD56D3C3D0FB17F3F6D
:10F200002FFB483DE3A67F3F0E88553D189C7F3F6E
:10F210006814623DB1907F3F38A06E3DAB847F3F64
:10F22000742B7B3D08787F3F0ADB833DC76A7F3FB5
:10F230000A208A3DE95C7F3FB464903D6D4E7F3F7C
:10F2400005A9963D543F7F3FF9EC9C3D9D2F7F3FA4
:10F250008C30A33D491F7F3FBA73A93D580E7F3FB5
:10F2600080B6AF3DC9FC7E3FDAF8B53D9DEA7E3FF2
:10F27000C33ABC3DD4D77E3F397CC23D6DC47E3F8E
:10F2800036BDC83D69B07E3FB7FDCE3DC99B7E3FD0
:10F29000B93DD53D8B867E3F377DDB3DB0707E3FEF
:10F2A0002EBCE13D385A7E3F9AFAE73D23437E3F2C
:10F2B0007638EE3D722B7E3FC075F43D24137E3FC1
:10F2C00073B2FA3D38FA7D3F4577003EB1E07D3FAD
:10F2D0000295033E8CC67D3F6EB2063ECCAB7D3FB1
:10F2E00086CF093E6E907D3F4AEC0C3E74747D3FA4
:10F2F000B708103EDE577D3FCA24133EAC3A7D3F2F
:10F300008340163EDD1C7D3FE05B193E73FE7C3F73
:10F31000DE761C3E6CDF7C3F7B911F3EC9BF7C3F8D
:10F32000B6AB223E8A9F7C3F8CC5253EB07E7C3F9B
:10F33000FCDE283E3A5D7C3F04F82B3E283B7C3FB8
:10F34000A2102F3E7A187C3FD428323E31F57B3F05
:10F350009840353E4DD17B3FEC57383ECDAC7B3F9E
:10F36000CF6E3B3EB2877B3F3E853E3EFC617B3F9E
:10F37000379B413EAB3B7B3FB9B0443EBE147B3F25
:10F38000C2C5473E37ED7A3F4FDA4A3E16C57A3F4F
:10F3900060EE4D3E599C7A3FF101513E02737A3F37
:10F3A0000115543E10497A3F8F27573E841E7A3FFD
:10F3B00097395A3E5EF3793F1A4B5D3E9DC7793FC0
:10F3C000135C603E439B793F836C633E4E6E793F96
:10F3D000667C663EC040793FBA8B693E9812793FA1
:10F3E0007F9A6C3ED6E3783FB2A86F3E7BB4783FFD
:10F3F00051B6723E8684783F5AC3753EF853783FC3
:10F40000CCCF783ED122783FA4DB7B3E10F1773F12
:10F41000E1E67E3EB7BE773FC0F8803EC58B773FC2
:10F42000C07D823E3A58773F7002843E1724773F72
:10F43000CE86853E5BEF763FDA0A873E07BA763F97
:10F44000938E883E1B84763FF8118A3E974D763F17
:10F4500007958B3E7A16763FC0178D3EC6DE753F08
:10F46000229A8E3E7BA6753F2C1C903E976D753F71
:10F47000DD9D913E1D34753F351F933E0BFA743F61
:10F4800031A0943E62BF743FD220963E2284743FE6
:10F4900017A1973E4B48743FFE20993EDD0B743F09
:10F4A00086A09A3ED9CE733FAF1F9C3E3F91733FDB
:10F4B000789E9D3E0E53733FDF1C9F3E4714733F63
:10F4C000E59AA03EEBD4723F8718A23EF894723FB3
:10F4D000C595A33E7054723F9F12A53E5213723FD2
:10F4E000128FA63E9FD1713F1F0BA83E578F713FD1
:10F4F000C486A93E7A4C713F0102AB3E0809713FB8
:10F50000D47CAC3E02C5703F3CF7AD3E6680703F98
:10F510003A71AF3E373B703FCBEAB03E73F56F3F79
:10F52000EF63B23E1BAF6F3FA5DCB33E30686F3F69
:10F53000EC54B53EB0206F3FC3CCB63E9ED86E3F74
:10F540002A44B83EF88F6E3F1EBBB93EBE466E3FA2
:10F55000A031BB3EF2FC6D3FAFA7BC3E93B26D3F06
:10F560004A1DBE3EA1676D3F6F92BF3E1D1C6D3FA1
:10F570001E07C13E07D06C3F557BC23E5E836C3F89
:10F5800015EFC33E24366C3F5C62C53E58E86B3FC6
:10F5900029D5C63EFB996B3F7C47C83E0C4B6B3F61
:10F5A00053B9C93E8CFB6A3FAE2ACB3E7BAB6A3F68
:10F5B0008B9BCC3ED95A6A3FEA0BCE3EA7096A3FE5
:10F5C000CA7BCF3EE4B7693F2AEBD03E9165693FE5
:10F5D000095AD23EAE12693F67C8D33E3CBF683F6E
:10F5E0004136D53E396B683F99A3D63EA816683F91
:10F5F0006B10D83E87C1673FB97CD93ED86B673F57
:10F6000080E8DA3E9915673FC153DC3ECCBE663FC9
:10F6100079BEDD3E7167663FA928DF3E880F663FF1
:10F620004F92E03E10B7653F6AFBE13E0B5E653FDF
:10F63000FA63E33E7904653FFECBE43E59AA643F9A
:10F640007533E63EAC4F643F5D9AE73E73F4633F2B
:10F65000B700E93EAC98633F8166EA3E5A3C633F9F
:10F66000BBCBEB3E7BDF623F6330ED3E1082623FFF
:10F670007994EE3E1A24623FFBF7EF3E98C5613F56
:10F68000EA5AF13E8A66613F43BDF23EF206613FAF
:10F69000071FF43ECFA6603F3580F53E2146603F10
:10F6A000CBE0F63EE9E45F3FC840F83E27835F3F8A
:10F6B0002DA0F93EDB205F3FF7FEFA3E05BE5E3F20
:10F6C000275DFC3EA65A5E3FBBBAFD3EBEF65D3FDF
:10F6D000B217FF3E4D925D3F063A003F532D5D3F0E
:10F6E000E4E7003FD1C75C3F7395013FC7615C3FD2
:10F6F000B142023F34FB5B3F9FEF023F1A945B3FF6
:10F700003D9C033F792C5B3F8948043F50C45A3FDE
:10F7100084F4043FA05B5A3F2CA0053F6AF2593F96
:10F72000824B063FAD88593F86F6063F6A1E593F19
:10F7300036A1073FA1B3583F924B083F5348583F6B
:10F740009BF5083F7FDC573F4E9F093F2670573F90
:10F75000AD480A3F4803573FB7F10A3FE595563F8A
:10F760006B9A0B3FFE27563FC9420C3F93B9553F5A
:10F77000D0EA0C3FA44A553F81920D3F31DB543F04
:10F78000DA390E3F3B6B543FDBE00E3FC3FA533F89
:10F7900084870F3FC789533FD52D103F4918533FEA
:10F7A000CDD3103F49A6523F6B79113FC633523F2C
:10F7B000B01E123FC2C0513F9AC3123F3D4D513F50
:10F7C0002A68133F37D9503F5F0C143FAF64503F56
:10F7D00039B0143FA8EF4F3FB753153F1F7A4F3F43
:10F7E000D9F6153F17044F3F9F99163F908D4E3F16
:10F7F000073C173F89164E3F12DE173F029F4D3FD1
:10F80000C07F183FFD264D3F0F21193F79AE4C3F79
:10F8100000C2193F78354C3F93621A3FF8BB4B3F0B
:10F82000C6021B3FFA414B3F99A21B3F7FC74A3F8D
:10F830000C421C3F874C4A3F1FE11C3F12D1493FFD
:10F84000D17F1D3F2155493F221E1E3FB3D8483F5F
:10F8500012BC1E3FCA5B483F9F591F3F65DE473FB2
:10F86000CBF61F3F8560473F9393203F2AE2463FF8
:10F87000F92F213F5463463FFBCB213F03E4453F33
:10F880009967223F3964453FD302233FF5E3443F64
:10F89000A99D233F3763443F1A38243F00E2433F8A
:10F8A00025D2243F5160433FCB6B253F29DE423FA9
:10F8B0000A05263F895B423FE39D263F70D8413FC2
:10F8C0005636273FE154413F61CE273FDAD0403FD3
:10F8D0000566283F5C4C403F41FD283F67C73F3FDE
:10F8E0001594293FFC413F3F802A2A3F1BBC3E3FE5
:10F8F00082C02A3FC5353E3F1B562B3FF9AE3D3FE8
:10F900004AEB2B3FB8273D3F0F802C3F03A03C3FE5
:10F9100069142D3FD9173C3F59A82D3F3B8F3B3FE2
:10F92000DE3B2E3F29063B3FF7CE2E3FA47C3A3FDD
:10F93000A5612F3FACF2393FE6F32F3F4268393FD4
:10F94000BB85303F65DD383F2217313F1652383FC7
:10F950001DA8313F55C6373FAA38323F233A373FBB
:10F96000C9C8323F7FAD363F7A58333F6C20363FAF
:10F97000BCE7333FE792353F8F76343FF304353FA2
:10F98000F304353F8F76343FE792353FBCE7333F92
:10F990006C20363F7A58333F7FAD363FC9C8323F7F
:10F9A000233A373FAA38323F55C6373F1DA8313F6B
:10F9B0001652383F2217313F65DD383FBB85303F57
:10F9C0004268393FE6F32F3FACF2393FA5612F3F44
:10F9D000A47C3A3FF7CE2E3F29063B3FDE3B2E3F2D
:10F9E0003B8F3B3F59A82D3FD9173C3F69142D3F12
:10F9F00003A03C3F0F802C3FB8273D3F4AEB2B3FF5
:10FA0000F9AE3D3F1B562B3FC5353E3F82C02A3FD6
:10FA10001BBC3E3F802A2A3FFC413F3F1594293FB3
:10FA200067C73F3F41FD283F5C4C403F0566283F8C
:10FA3000DAD0403F61CE273FE154413F5636273F61
:10FA400070D8413FE39D263F895B423F0A05263F30
:10FA500029DE423FCB6B253F5160433F25D2243FF7
:10FA600000E2433F1A38243F3763443FA99D233FB8
:10FA7000F5E3443FD302233F3964453F9967223F72
:10FA800003E4453FFBCB213F5463463FF92F213F21
:10FA90002AE2463F9393203F8560473FCBF61F3FC6
:10FAA00065DE473F9F591F3FCA5B483F12BC1E3F60
:10FAB000B3D8483F221E1E3F2155493FD17F1D3FED
:10FAC00012D1493F1FE11C3F874C4A3F0C421C3F6B
:10FAD0007FC74A3F99A21B3FFA414B3FC6021B3FDB
:10FAE000F8BB4B3F93621A3F78354C3F00C2193F39
:10FAF00079AE4C3F0F21193FFD264D3FC07F183F87
:10FB0000029F4D3F12DE173F89164E3F073C173FBD
:10FB1000908D4E3F9F99163F17044F3FD9F6153FE2
:10FB20001F7A4F3FB753153FA8EF4F3F39B0143FEF
:10FB3000AF64503F5F0C143F37D9503F2A68133FE2
:10FB40003D4D513F9AC3123FC2C0513FB01E123FBC
:10FB5000C633523F6B79113F49A6523FCDD3103F78
:10FB60004918533FD52D103FC789533F84870F3F16
:10FB7000C3FA533FDBE00E3F3B6B543FDA390E3F95
:10FB800031DB543F81920D3FA44A553FD0EA0C3FF0
:10FB900093B9553FC9420C3FFE27563F6B9A0B3F26
:10FBA000E595563FB7F10A3F4803573FAD480A3F36
:10FBB0002670573F4E9F093F7FDC573F9BF5083F1C
:10FBC0005348583F924B083FA1B3583F36A1073FD7
:10FBD0006A1E593F86F6063FAD88593F824B063F65
:10FBE0006AF2593F2CA0053FA05B5A3F84F4043FC2
:10FBF00050C45A3F8948043F792C5B3F3D9C033FEA
:10FC00001A945B3F9FEF023F34FB5B3FB142023FE0
:10FC1000C7615C3F7395013FD1C75C3FE4E7003F9C
:10FC2000532D5D3F063A003F4D925D3FB217FF3EB8
:10FC3000BEF65D3FBBBAFD3EA65A5E3F275DFC3E69
:10FC400005BE5E3FF7FEFA3EDB205F3F2DA0F93E8A
:10FC500027835F3FC840F83EE9E45F3FCBE0F63ED4
:10FC60002146603F3580F53ECFA6603F071FF43E3A
:10FC7000F206613F43BDF23E8A66613FEA5AF13EB9
:10FC800098C5613FFBF7EF3E1A24623F7994EE3E40
:10FC90001082623F6330ED3E7BDF623FBBCBEB3EC9
:10FCA0005A3C633F8166EA3EAC98633FB700E93E49
:10FCB00073F4633F5D9AE73EAC4F643F7533E63EB5
:10FCC00059AA643FFECBE43E7904653FFA63E33E04
:10FCD0000B5E653F6AFBE13E10B7653F4F92E03E29
:10FCE000880F663FA928DF3E7167663F79BEDD3E1B
:10FCF000CCBE663FC153DC3E9915673F80E8DA3ED3
:10FD0000D86B673FB97CD93E87C1673F6B10D83E3F
:10FD1000A816683F99A3D63E396B683F4136D53E59
:10FD20003CBF683F67C8D33EAE12693F095AD23E16
:10FD30009165693F2AEBD03EE4B7693FCA7BCF3E6D
:10FD4000A7096A3FEA0BCE3ED95A6A3F8B9BCC3E4D
:10FD50007BAB6A3FAE2ACB3E8CFB6A3F53B9C93EB0
:10FD60000C4B6B3F7C47C83EFB996B3F29D5C63E89
:10FD700058E86B3F5C62C53E24366C3F15EFC33ECE
:10FD80005E836C3F557BC23E07D06C3F1E07C13E71
:10FD90001D1C6D3F6F92BF3EA1676D3F4A1DBE3E69
:10FDA00093B26D3FAFA7BC3EF2FC6D3FA031BB3EAE
:10FDB000BE466E3F1EBBB93EF88F6E3F2A44B83E2A
:10FDC0009ED86E3FC3CCB63EB0206F3FEC54B53EDC
:10FDD00030686F3FA5DCB33E1BAF6F3FEF63B23EB1
:10FDE00073F56F3FCBEAB03E373B703F3A71AF3EA1
:10FDF0006680703F3CF7AD3E02C5703FD47CAC3EA0
:10FE00000809713F0102AB3E7A4C713FC486A93E9E
:10FE1000578F713F1F0BA83E9FD1713F128FA63E97
:10FE20005213723F9F12A53E7054723FC595A33E78
:10FE3000F894723F8718A23EEBD4723FE59AA03E39
:10FE40004714733FDF1C9F3E0E53733F789E9D3EC9
:10FE50003F91733FAF1F9C3ED9CE733F86A09A3E21
:10FE6000DD0B743FFE20993E4B48743F17A1973E2F
:10FE70002284743FD220963E62BF743F31A0943EEC
:10FE80000BFA743F351F933E1D34753FDD9D913E47
:10FE9000976D753F2C1C903E7BA6753F229A8E3E37
:10FEA000C6DE753FC0178D3E7A16763F07958B3EAE
:10FEB000974D763FF8118A3E1B84763F938E883E9D
:10FEC00007BA763FDA0A873E5BEF763FCE86853EFD
:10FED0001724773F7002843E3A58773FC07D823EB8
:10FEE000C58B773FC0F8803EB7BE773FE1E67E3EE8
:10FEF00010F1773FA4DB7B3ED122783FCCCF783E18
:10FF0000F853783F5AC3753E8684783F51B6723EA7
:10FF10007BB4783FB2A86F3ED6E3783F7F9A6C3EC1
:10FF20009812793FBA8B693EC040793F667C663E45
:10FF30004E6E793F836C633E439B793F135C603E1A
:10FF40009DC7793F1A4B5D3E5EF3793F97395A3E24
:10FF5000841E7A3F8F27573E10497A3F0115543E41
:10FF600002737A3FF101513E599C7A3F60EE4D3E5B
:10FF700016C57A3F4FDA4A3E37ED7A3FC2C5473E53
:10FF8000BE147B3FB9B0443EAB3B7B3F379B413E09
:10FF9000FC617B3F3E853E3EB2877B3FCF6E3B3E62
:10FFA000CDAC7B3FEC57383E4DD17B3F9840353E42
:10FFB00031F57B3FD428323E7A187C3FA2102F3E89
:10FFC000283B7C3F04F82B3E3A5D7C3FFCDE283E1C
:10FFD000B07E7C3F8CC5253E8A9F7C3FB6AB223EDF
:10FFE000C9BF7C3F7B911F3E6CDF7C3FDE761C3EB1
:10FFF00073FE7C3FE05B193EDD1C7D3F8340163E77
:020000040801F1
:10000000AC3A7D3FCA24133EDE577D3FB708103E11
:1000100074747D3F4AEC0C3E6E907D3F86CF093E66
:10002000CCAB7D3F6EB2063E8CC67D3F0295033E53
:10003000B1E07D3F4577003E38FA7D3F73B2FA3D2F
:1000400024137E3FC075F43D722B7E3F7638EE3D23
:1000500023437E3F9AFAE73D385A7E3F2EBCE13D6E
:10006000B0707E3F377DDB3D8B867E3FB93DD53D11
:10007000C99B7E3FB7FDCE3D69B07E3F36BDC83DD2
:100080006DC47E3F397CC23DD4D77E3FC33ABC3D70
:100090009DEA7E3FDAF8B53DC9FC7E3F80B6AF3DB4
:1000A000580E7F3FBA73A93D491F7F3F8C30A33D57
:1000B0009D2F7F3FF9EC9C3D543F7F3F05A9963D26
:1000C0006D4E7F3FB464903DE95C7F3F0A208A3DDE
:1000D000C76A7F3F0ADB833D08787F3F742B7B3DF7
:1000E000AB847F3F38A06E3DB1907F3F6814623D86
:1000F000189C7F3F0E88553DE3A67F3F2FFB483D70
:100100000FB17F3FD56D3C3D9EBA7F3F07E02F3D4D
:100110008FC37F3FCC51233DE2CB7F3F2CC3163DA5
:1001200098D37F3F2F340A3DAFDA7F3FB949FB3C7C
:1001300029E17F3F7B2AE23C05E77F3FB00AC93CCB
:1001400043EC7F3F69EAAF3CE3F07F3FB6C9963CA2
:10015000E6F47F3F4B517B3C4AF87F3F900E493C91
:1001600011FB7F3F59CB163C39FD7F3F890FC93BBF
:10017000C4FE7F3FC70F493BB1FF7F3F0000000037
:100180000000803FC70F49BBB1FF7F3F890FC9BB4C
:10019000C4FE7F3F59CB16BC39FD7F3F900E49BC52
:1001A00011FB7F3F4B517BBC4AF87F3FB6C996BCE1
:1001B000E6F47F3F69EAAFBCE3F07F3FB00AC9BC19
:1001C00043EC7F3F7B2AE2BC05E77F3FB949FBBC9C
:1001D00029E17F3F2F340ABDAFDA7F3F2CC316BD24
:1001E00098D37F3FCC5123BDE2CB7F3F07E02FBDAB
:1001F0008FC37F3FD56D3CBD9EBA7F3F2FFB48BD6F
:100200000FB17F3F0E8855BDE3A67F3F681462BDE6
:10021000189C7F3F38A06EBDB1907F3F742B7BBD93
:10022000AB847F3F0ADB83BD08787F3F0A208ABD0D
:10023000C76A7F3FB46490BDE95C7F3F05A996BD66
:100240006D4E7F3FF9EC9CBD543F7F3F8C30A3BD8A
:100250009D2F7F3FBA73A9BD491F7F3F80B6AFBDB9
:10026000580E7F3FDAF8B5BDC9FC7E3FC33ABCBD2E
:100270009DEA7E3F397CC2BDD4D77E3F36BDC8BD26
:100280006DC47E3FB7FDCEBD69B07E3FB93DD5BDE3
:10029000C99B7E3F377DDBBD8B867E3F2EBCE1BD9B
:1002A000B0707E3F9AFAE7BD385A7E3F7638EEBD91
:1002B00023437E3FC075F4BD722B7E3F73B2FABDFF
:1002C00024137E3F457700BE38FA7D3F029503BE7A
:1002D000B1E07D3F6EB206BE8CC67D3F86CF09BEC3
:1002E000CCAB7D3F4AEC0CBE6E907D3FB70810BE94
:1002F00074747D3FCA2413BEDE577D3F834016BE13
:10030000AC3A7D3FE05B19BEDD1C7D3FDE761CBE56
:1003100073FE7C3F7B911FBE6CDF7C3FB6AB22BE81
:10032000C9BF7C3F8CC525BE8A9F7C3FFCDE28BEB2
:10033000B07E7C3F04F82BBE3A5D7C3FA2102FBEFE
:10034000283B7C3FD42832BE7A187C3F984035BE8B
:1003500031F57B3FEC5738BE4DD17B3FCF6E3BBE76
:10036000CDAC7B3F3E853EBEB2877B3F379B41BED7
:10037000FC617B3FB9B044BEAB3B7B3FC2C547BECF
:10038000BE147B3F4FDA4ABE37ED7A3F60EE4DBE7A
:1003900016C57A3FF10151BE599C7A3F011554BEF2
:1003A00002737A3F8F2757BE10497A3F97395ABE5A
:1003B000841E7A3F1A4B5DBE5EF3793F135C60BECC
:1003C0009DC7793F836C63BE439B793F667C66BE65
:1003D0004E6E793FBA8B69BEC040793F7F9A6CBE42
:1003E0009812793FB2A86FBED6E3783F51B672BE7D
:1003F0007BB4783F5AC375BE8684783FCCCF78BE35
:10040000F853783FA4DB7BBED122783FE1E67EBE85
:1004100010F1773FC0F880BEB7BE773FC07D82BE87
:10042000C58B773F700284BE3A58773FCE8685BE33
:100430001724773FDA0A87BE5BEF763F938E88BE3C
:1004400007BA763FF8118ABE1B84763F07958BBEAC
:10045000974D763FC0178DBE7A16763F229A8EBE94
:10046000C6DE753F2C1C90BE7BA6753FDD9D91BE00
:10047000976D753F351F93BE1D34753F31A094BEF7
:100480000BFA743FD22096BE62BF743F17A197BE8D
:100490002284743FFE2099BE4B48743F86A09ABECA
:1004A000DD0B743FAF1F9CBED9CE733F789E9DBEBF
:1004B0003F91733FDF1C9FBE0E53733FE59AA0BE72
:1004C0004714733F8718A2BEEBD4723FC595A3BEF5
:1004D000F894723F9F12A5BE7054723F128FA6BE51
:1004E0005213723F1F0BA8BE9FD1713FC486A9BE95
:1004F000578F713F0102ABBE7A4C713FD47CACBECA
:100500000809713F3CF7ADBE02C5703F3A71AFBEFE
:100510006680703FCBEAB0BE373B703FEF63B2BE40
:1005200073F56F3FA5DCB3BE1BAF6F3FEC54B5BE98
:1005300030686F3FC3CCB6BEB0206F3F2A44B8BE10
:100540009ED86E3F1EBBB9BEF88F6E3FA031BBBEBA
:10055000BE466E3FAFA7BCBEF2FC6D3F4A1DBEBE9D
:1005600093B26D3F6F92BFBEA1676D3F1E07C1BEC4
:100570001D1C6D3F557BC2BE07D06C3F15EFC3BE3F
:100580005E836C3F5C62C5BE24366C3F29D5C6BE17
:1005900058E86B3F7C47C8BEFB996B3F53B9C9BE57
:1005A0000C4B6B3FAE2ACBBE8CFB6A3F8B9BCCBE09
:1005B0007BAB6A3FEA0BCEBED95A6A3FCA7BCFBE3D
:1005C000A7096A3F2AEBD0BEE4B7693F095AD2BEF9
:1005D0009165693F67C8D3BEAE12693F4136D5BE4B
:1005E0003CBF683F99A3D6BE396B683F6B10D8BE3D
:1005F000A816683FB97CD9BE87C1673F80E8DABEDC
:10060000D86B673FC153DCBE9915673F79BEDDBE2D
:10061000CCBE663FA928DFBE7167663F4F92E0BE41
:10062000880F663F6AFBE1BE10B7653FFA63E3BE21
:100630000B5E653FFECBE4BE7904653F7533E6BED5
:1006400059AA643F5D9AE7BEAC4F643FB700E9BE6C
:1006500073F4633F8166EABEAC98633FBBCBEBBEED
:100660005A3C633F6330EDBE7BDF623F7994EEBE60
:100670001082623FFBF7EFBE1A24623FEA5AF1BED6
:1006800098C5613F43BDF2BE8A66613F071FF4BE55
:10069000F206613F3580F5BECFA6603FCBE0F6BEE7
:1006A0002146603FC840F8BEE9E45F3F2DA0F9BE97
:1006B00027835F3FF7FEFABEDB205F3F275DFCBE6E
:1006C00005BE5E3FBBBAFDBEA65A5E3FB217FFBE77
:1006D000BEF65D3F063A00BF4D925D3FE4E700BFC6
:1006E000532D5D3F739501BFD1C75C3FB14202BF3F
:1006F000C7615C3F9FEF02BF34FB5B3F3D9C03BF84
:100700001A945B3F894804BF792C5B3F84F404BF93
:1007100050C45A3F2CA005BFA05B5A3F824B06BF76
:100720006AF2593F86F606BFAD88593F36A107BF2A
:100730006A1E593F924B08BFA1B3583F9BF508BFB3
:100740005348583F4E9F09BF7FDC573FAD480ABF13
:100750002670573FB7F10ABF4803573F6B9A0BBF4C
:10076000E595563FC9420CBFFE27563FD0EA0CBF65
:1007700093B9553F81920DBFA44A553FDA390EBF58
:1007800031DB543FDBE00EBF3B6B543F84870FBF30
:10079000C3FA533FD52D10BFC789533FCDD310BFE8
:1007A0004918533F6B7911BF49A6523FB01E12BF83
:1007B000C633523F9AC312BFC2C0513F2A6813BF0B
:1007C0003D4D513F5F0C14BF37D9503F39B014BF76
:1007D000AF64503FB75315BFA8EF4F3FD9F615BFD1
:1007E0001F7A4F3F9F9916BF17044F3F073C17BF13
:1007F000908D4E3F12DE17BF89164E3FC07F18BF47
:10080000029F4D3F0F2119BFFD264D3F00C219BF6A
:1008100079AE4C3F93621ABF78354C3FC6021BBF7E
:10082000F8BB4B3F99A21BBFFA414B3F0C421CBF88
:100830007FC74A3F1FE11CBF874C4A3FD17F1DBF86
:1008400012D1493F221E1EBF2155493F12BC1EBF77
:10085000B3D8483F9F591FBFCA5B483FCBF61FBF65
:1008600065DE473F939320BF8560473FF92F21BF47
:100870002AE2463FFBCB21BF5463463F996722BF24
:1008800003E4453FD30223BF3964453FA99D23BFFD
:10089000F5E3443F1A3824BF3763443F25D224BFD1
:1008A00000E2433FCB6B25BF5160433F0A0526BFA3
:1008B00029DE423FE39D26BF895B423F563627BF74
:1008C00070D8413F61CE27BFE154413F056628BF44
:1008D000DAD0403F41FD28BF5C4C403F159429BF12
:1008E00067C73F3F802A2ABFFC413F3F82C02ABFE3
:1008F0001BBC3E3F1B562BBFC5353E3F4AEB2BBFB3
:10090000F9AE3D3F0F802CBFB8273D3F69142DBF86
:1009100003A03C3F59A82DBFD9173C3FDE3B2EBF5B
:100920003B8F3B3FF7CE2EBF29063B3FA5612FBF34
:10093000A47C3A3FE6F32FBFACF2393FBB8530BF12
:100940004268393F221731BF65DD383F1DA831BFEE
:100950001652383FAA3832BF55C6373FC9C832BFD2
:10096000233A373F7A5833BF7FAD363FBCE733BFBA
:100970006C20363F8F7634BFE792353FF30435BFA6
:10098000F304353FE79235BF8F76343F6C2036BF96
:10099000BCE7333F7FAD36BF7A58333F233A37BF8A
:1009A000C9C8323F55C637BFAA38323F165238BF82
:1009B0001DA8313F65DD38BF2217313F426839BF7E
:1009C000BB85303FACF239BFE6F32F3FA47C3ABF82
:1009D000A5612F3F29063BBFF7CE2E3F3B8F3BBF84
:1009E000DE3B2E3FD9173CBF59A82D3F03A03CBF8B
:1009F00069142D3FB8273DBF0F802C3FF9AE3DBF96
:100A00004AEB2B3FC5353EBF1B562B3F1BBC3EBFA1
:100A100082C02A3FFC413FBF802A2A3F67C73FBFB1
:100A20001594293F5C4C40BF41FD283FDAD040BFC0
:100A30000566283FE15441BF61CE273F70D841BFD2
:100A40005636273F895B42BFE39D263F29DE42BFE2
:100A50000A05263F516043BFCB6B253F00E243BFF1
:100A600025D2243F376344BF1A38243FF5E344BFFF
:100A7000A99D233F396445BFD302233F03E445BF0B
:100A80009967223F546346BFFBCB213F2AE246BF12
:100A9000F92F213F856047BF9393203F65DE47BF15
:100AA000CBF61F3FCA5B48BF9F591F3FB3D848BF13
:100AB00012BC1E3F215549BF221E1E3F12D149BF05
:100AC000D17F1D3F874C4ABF1FE11C3F7FC74ABFF4
:100AD0000C421C3FFA414BBF99A21B3FF8BB4BBFD6
:100AE000C6021B3F78354CBF93621A3F79AE4CBFAC
:100AF00000C2193FFD264DBF0F21193F029F4DBF78
:100B0000C07F183F89164EBF12DE173F908D4EBF33
:100B1000073C173F17044FBF9F99163F1F7A4FBFDF
:100B2000D9F6153FA8EF4FBFB753153FAF6450BF7D
:100B300039B0143F37D950BF5F0C143F3D4D51BF02
:100B40002A68133FC2C051BF9AC3123FC63352BF77
:100B5000B01E123F49A652BF6B79113F491853BFCF
:100B6000CDD3103FC78953BFD52D103FC3FA53BF14
:100B700084870F3F3B6B54BFDBE00E3F31DB54BF3C
:100B8000DA390E3FA44A55BF81920D3F93B955BF44
:100B9000D0EA0C3FFE2756BFC9420C3FE59556BF31
:100BA0006B9A0B3F480357BFB7F10A3F267057BFF8
:100BB000AD480A3F7FDC57BF4E9F093F534858BF9F
:100BC0009BF5083FA1B358BF924B083F6A1E59BF1F
:100BD00036A1073FAD8859BF86F6063F6AF259BF76
:100BE000824B063FA05B5ABF2CA0053F50C45ABFA2
:100BF00084F4043F792C5BBF8948043F1A945BBF9F
:100C00003D9C033F34FB5BBF9FEF023FC7615CBF6E
:100C1000B142023FD1C75CBF7395013F532D5DBF09
:100C2000E4E7003F4D925DBF063A003FBEF65DBF70
:100C3000B217FF3EA65A5EBFBBBAFD3E05BE5EBF01
:100C4000275DFC3EDB205FBFF7FEFA3E27835FBFD8
:100C50002DA0F93EE9E45FBFC840F83E214660BFE1
:100C6000CBE0F63ECFA660BF3580F53EF20661BF11
:100C7000071FF43E8A6661BF43BDF23E98C561BF5F
:100C8000EA5AF13E1A2462BFFBF7EF3E108262BFC0
:100C90007994EE3E7BDF62BF6330ED3E5A3C63BF2A
:100CA000BBCBEB3EAC9863BF8166EA3E73F463BF97
:100CB000B700E93EAC4F64BF5D9AE73E59AA64BFF6
:100CC0007533E63E790465BFFECBE43E0B5E65BF3F
:100CD000FA63E33E10B765BF6AFBE13E880F66BF6B
:100CE0004F92E03E716766BFA928DF3ECCBE66BF6B
:100CF00079BEDD3E991567BFC153DC3ED86B67BF37
:100D000080E8DA3E87C167BFB97CD93EA81668BFC4
:100D10006B10D83E396B68BF99A3D63E3CBF68BF05
:100D20004136D53EAE1269BF67C8D33E916569BFF3
:100D3000095AD23EE4B769BF2AEBD03EA7096ABF81
:100D4000CA7BCF3ED95A6ABFEA0BCE3E7BAB6ABFA5
:100D50008B9BCC3E8CFB6ABFAE2ACB3E0C4B6BBF51
:100D600053B9C93EFB996BBF7C47C83E58E86BBF7F
:100D700029D5C63E24366CBF5C62C53E5E836CBF1F
:100D800015EFC33E07D06CBF557BC23E1D1C6DBF27
:100D90001E07C13EA1676DBF6F92BF3E93B26DBF8C
:100DA0004A1DBE3EF2FC6DBFAFA7BC3EBE466EBF45
:100DB000A031BB3EF88F6EBF1EBBB93E9ED86EBF42
:100DC0002A44B83EB0206FBFC3CCB63E30686FBF78
:100DD000EC54B53E1BAF6FBFA5DCB33E73F56FBFE0
:100DE000EF63B23E373B70BFCBEAB03E668070BF68
:100DF0003A71AF3E02C570BF3CF7AD3E080971BF06
:100E0000D47CAC3E7A4C71BF0102AB3E578F71BFB0
:100E1000C486A93E9FD171BF1F0BA83E521372BF5B
:100E2000128FA63E705472BF9F12A53EF89472BFF7
:100E3000C595A33EEBD472BF8718A23E471473BF7B
:100E4000E59AA03E0E5373BFDF1C9F3E3F9173BFD8
:100E5000789E9D3ED9CE73BFAF1F9C3EDD0B74BF05
:100E600086A09A3E4B4874BFFE20993E228474BFF0
:100E700017A1973E62BF74BFD220963E0BFA74BF93
:100E800031A0943E1D3475BF351F933E976D75BFDD
:100E9000DD9D913E7BA675BF2C1C903EC6DE75BFC6
:100EA000229A8E3E7A1676BFC0178D3E974D76BF3A
:100EB00007958B3E1B8476BFF8118A3E07BA76BF32
:100EC000938E883E5BEF76BFDA0A873E172477BFA2
:100ED000CE86853E3A5877BF7002843EC58B77BF79
:100EE000C07D823EB7BE77BFC0F8803E10F177BFAD
:100EF000E1E67E3ED12278BFA4DB7B3EF85378BF8B
:100F0000CCCF783E868478BF5AC3753E7BB478BF19
:100F100051B6723ED6E378BFB2A86F3E981279BF41
:100F20007F9A6C3EC04079BFBA8B693E4E6E79BFE6
:100F3000667C663E439B79BF836C633E9DC779BFE9
:100F4000135C603E5EF379BF1A4B5D3E841E7ABF30
:100F500097395A3E10497ABF8F27573E02737ABF9E
:100F60000115543E599C7ABFF101513E16C57ABF16
:100F700060EE4D3E37ED7ABF4FDA4A3EBE147BBF7E
:100F8000C2C5473EAB3B7BBFB9B0443EFC617BBFB3
:100F9000379B413EB2877BBF3E853E3ECDAC7BBF9B
:100FA000CF6E3B3E4DD17BBFEC57383E31F57BBF1A
:100FB0009840353E7A187CBFD428323E283B7CBF0F
:100FC000A2102F3E3A5D7CBF04F82B3EB07E7CBF62
:100FD000FCDE283E8A9F7CBF8CC5253EC9BF7CBFF6
:100FE000B6AB223E6CDF7CBF7B911F3E73FE7CBFA5
:100FF000DE761C3EDD1C7DBFE05B193EAC3A7DBF5A
:101000008340163EDE577DBFCA24133E74747DBFF5
:10101000B708103E6E907DBF4AEC0C3ECCAB7DBF56
:1010200086CF093E8CC67DBF6EB2063EB1E07DBF65
:101030000295033E38FA7DBF4577003E24137EBFFC
:1010400073B2FA3D722B7EBFC075F43D23437EBF61
:101050007638EE3D385A7EBF9AFAE73DB0707EBFD3
:101060002EBCE13D8B867EBF377DDB3DC99B7EBFBD
:10107000B93DD53D69B07EBFB7FDCE3D6DC47EBFE5
:1010800036BDC83DD4D77EBF397CC23D9DEA7EBF08
:10109000C33ABC3DC9FC7EBFDAF8B53D580E7FBFF0
:1010A00080B6AF3D491F7FBFBA73A93D9D2F7FBF5B
:1010B0008C30A33D543F7FBFF9EC9C3D6D4E7FBF0C
:1010C00005A9963DE95C7FBFB464903DC76A7FBFC8
:1010D0000A208A3D08787FBF0ADB833DAB847FBF4F
:1010E000742B7B3DB1907FBF38A06E3D189C7FBFB5
:1010F0006814623DE3A67FBF0E88553D0FB17FBFE8
:101100002FFB483D9EBA7FBFD56D3C3D8FC37FBF4F
:1011100007E02F3DE2CB7FBFCC51233D98D37FBF6B
:101120002CC3163DAFDA7FBF2F340A3D29E17FBFC4
:10113000B949FB3C05E77FBF7B2AE23C43EC7FBF1C
:10114000B00AC93CE3F07FBF69EAAF3CE6F47FBF79
:10115000B6C9963C4AF87FBF4B517B3C11FB7FBF21
:10116000900E493C39FD7FBF59CB163CC4FE7FBF72
:10117000890FC93BB1FF7FBFC70F493B000080BF4C
:1011800000000000B1FF7FBFC70F49BBC4FE7FBF97
:10119000890FC9BB39FD7FBF59CB16BC11FB7FBF7F
:1011A000900E49BC4AF87FBF4B517BBCE6F47FBF31
:1011B000B6C996BCE3F07FBF69EAAFBC43EC7FBF22
:1011C000B00AC9BC05E77FBF7B2AE2BC29E17FBF2B
:1011D000B949FBBCAFDA7FBF2F340ABD98D37FBFBC
:1011E0002CC316BDE2CB7FBFCC5123BD8FC37FBFC5
:1011F00007E02FBD9EBA7FBFD56D3CBD0FB17FBF4D
:101200002FFB48BDE3A67FBF0E8855BD189C7FBF4E
:10121000681462BDB1907FBF38A06EBDAB847FBF44
:10122000742B7BBD08787FBF0ADB83BDC76A7FBF95
:101230000A208ABDE95C7FBFB46490BD6D4E7FBF5C
:1012400005A996BD543F7FBFF9EC9CBD9D2F7FBF84
:101250008C30A3BD491F7FBFBA73A9BD580E7FBF95
:1012600080B6AFBDC9FC7EBFDAF8B5BD9DEA7EBFD2
:10127000C33ABCBDD4D77EBF397CC2BD6DC47EBF6E
:1012800036BDC8BD69B07EBFB7FDCEBDC99B7EBFB0
:10129000B93DD5BD8B867EBF377DDBBDB0707EBFCF
:1012A0002EBCE1BD385A7EBF9AFAE7BD23437EBF0C
:1012B0007638EEBD722B7EBFC075F4BD24137EBFA1
:1012C00073B2FABD38FA7DBF457700BEB1E07DBF8D
:1012D000029503BE8CC67DBF6EB206BECCAB7DBF91
:1012E00086CF09BE6E907DBF4AEC0CBE74747DBF84
:1012F000B70810BEDE577DBFCA2413BEAC3A7DBF0F
:10130000834016BEDD1C7DBFE05B19BE73FE7CBF53
:10131000DE761CBE6CDF7CBF7B911FBEC9BF7CBF6D
:10132000B6AB22BE8A9F7CBF8CC525BEB07E7CBF7B
:10133000FCDE28BE3A5D7CBF04F82BBE283B7CBF98
:10134000A2102FBE7A187CBFD42832BE31F57BBFE5
:10135000984035BE4DD17BBFEC5738BECDAC7BBF7E
:10136000CF6E3BBEB2877BBF3E853EBEFC617BBF7E
:10137000379B41BEAB3B7BBFB9B044BEBE147BBF05
:10138000C2C547BE37ED7ABF4FDA4ABE16C57ABF2F
:1013900060EE4DBE599C7ABFF10151BE02737ABF17
:1013A000011554BE10497ABF8F2757BE841E7ABFDD
:1013B00097395ABE5EF379BF1A4B5DBE9DC779BFA0
:1013C000135C60BE439B79BF836C63BE4E6E79BF76
:1013D000667C66BEC04079BFBA8B69BE981279BF81
:1013E0007F9A6CBED6E378BFB2A86FBE7BB478BFDD
:1013F00051B672BE868478BF5AC375BEF85378BFA3
:10140000CCCF78BED12278BFA4DB7BBE10F177BFF2
:10141000E1E67EBEB7BE77BFC0F880BEC58B77BFA2
:10142000C07D82BE3A5877BF700284BE172477BF52
:10143000CE8685BE5BEF76BFDA0A87BE07BA76BF77
:10144000938E88BE1B8476BFF8118ABE974D76BFF7
:1014500007958BBE7A1676BFC0178DBEC6DE75BFE8
:10146000229A8EBE7BA675BF2C1C90BE976D75BF51
:10147000DD9D91BE1D3475BF351F93BE0BFA74BF41
:1014800031A094BE62BF74BFD22096BE228474BFC6
:1014900017A197BE4B4874BFFE2099BEDD0B74BFE9
:1014A00086A09ABED9CE73BFAF1F9CBE3F9173BFBB
:1014B000789E9DBE0E5373BFDF1C9FBE471473BF43
:1014C000E59AA0BEEBD472BF8718A2BEF89472BF93
:1014D000C595A3BE705472BF9F12A5BE521372BFB2
:1014E000128FA6BE9FD171BF1F0BA8BE578F71BFB1
:1014F000C486A9BE7A4C71BF0102ABBE080971BF98
:10150000D47CACBE02C570BF3CF7ADBE668070BF78
:101510003A71AFBE373B70BFCBEAB0BE73F56FBF59
:10152000EF63B2BE1BAF6FBFA5DCB3BE30686FBF49
:10153000EC54B5BEB0206FBFC3CCB6BE9ED86EBF54
:101540002A44B8BEF88F6EBF1EBBB9BEBE466EBF82
:10155000A031BBBEF2FC6DBFAFA7BCBE93B26DBFE6
:101560004A1DBEBEA1676DBF6F92BFBE1D1C6DBF81
:101570001E07C1BE07D06CBF557BC2BE5E836CBF69
:1015800015EFC3BE24366CBF5C62C5BE58E86BBFA6
:1015900029D5C6BEFB996BBF7C47C8BE0C4B6BBF41
:1015A00053B9C9BE8CFB6ABFAE2ACBBE7BAB6ABF48
:1015B0008B9BCCBED95A6ABFEA0BCEBEA7096ABFC5
:1015C000CA7BCFBEE4B769BF2AEBD0BE916569BFC5
:1015D000095AD2BEAE1269BF67C8D3BE3CBF68BF4E
:1015E0004136D5BE396B68BF99A3D6BEA81668BF71
:1015F0006B10D8BE87C167BFB97CD9BED86B67BF37
:1016000080E8DABE991567BFC153DCBECCBE66BFA9
:1016100079BEDDBE716766BFA928DFBE880F66BFD1
:101620004F92E0BE10B765BF6AFBE1BE0B5E65BFBF
:10163000FA63E3BE790465BFFECBE4BE59AA64BF7A
:101640007533E6BEAC4F64BF5D9AE7BE73F463BF0B
:10165000B700E9BEAC9863BF8166EABE5A3C63BF7F
:10166000BBCBEBBE7BDF62BF6330EDBE108262BFDF
:101670007994EEBE1A2462BFFBF7EFBE98C561BF36
:10168000EA5AF1BE8A6661BF43BDF2BEF20661BF8F
:10169000071FF4BECFA660BF3580F5BE214660BFF0
:1016A000CBE0F6BEE9E45FBFC840F8BE27835FBF6A
:1016B0002DA0F9BEDB205FBFF7FEFABE05BE5EBF00
:1016C000275DFCBEA65A5EBFBBBAFDBEBEF65DBFBF
:1016D000B217FFBE4D925DBF063A00BF532D5DBFEE
:1016E000E4E700BFD1C75CBF739501BFC7615CBFB2
:1016F000B14202BF34FB5BBF9FEF02BF1A945BBFD6
:101700003D9C03BF792C5BBF894804BF50C45ABFBE
:1017100084F404BFA05B5ABF2CA005BF6AF259BF76
:10172000824B06BFAD8859BF86F606BF6A1E59BFF9
:1017300036A107BFA1B358BF924B08BF534858BF4B
:101740009BF508BF7FDC57BF4E9F09BF267057BF70
:10175000AD480ABF480357BFB7F10ABFE59556BF6A
:101760006B9A0BBFFE2756BFC9420CBF93B955BF3A
:10177000D0EA0CBFA44A55BF81920DBF31DB54BFE4
:10178000DA390EBF3B6B54BFDBE00EBFC3FA53BF69
:1017900084870FBFC78953BFD52D10BF491853BFCA
:1017A000CDD310BF49A652BF6B7911BFC63352BF0C
:1017B000B01E12BFC2C051BF9AC312BF3D4D51BF30
:1017C0002A6813BF37D950BF5F0C14BFAF6450BF36
:1017D00039B014BFA8EF4FBFB75315BF1F7A4FBF23
:1017E000D9F615BF17044FBF9F9916BF908D4EBFF6
:1017F000073C17BF89164EBF12DE17BF029F4DBFB1
:10180000C07F18BFFD264DBF0F2119BF79AE4CBF59
:1018100000C219BF78354CBF93621ABFF8BB4BBFEB
:10182000C6021BBFFA414BBF99A21BBF7FC74ABF6D
:101830000C421CBF874C4ABF1FE11CBF12D149BFDD
:10184000D17F1DBF215549BF221E1EBFB3D848BF3F
:1018500012BC1EBFCA5B48BF9F591FBF65DE47BF92
:10186000CBF61FBF856047BF939320BF2AE246BFD8
:10187000F92F21BF546346BFFBCB21BF03E445BF13
:10188000996722BF396445BFD30223BFF5E344BF44
:10189000A99D23BF376344BF1A3824BF00E243BF6A
:1018A00025D224BF516043BFCB6B25BF29DE42BF89
:1018B0000A0526BF895B42BFE39D26BF70D841BFA2
:1018C000563627BFE15441BF61CE27BFDAD040BFB3
:1018D000056628BF5C4C40BF41FD28BF67C73FBFBE
:1018E000159429BFFC413FBF802A2ABF1BBC3EBFC5
:1018F00082C02ABFC5353EBF1B562BBFF9AE3DBFC8
:101900004AEB2BBFB8273DBF0F802CBF03A03CBFC5
:1019100069142DBFD9173CBF59A82DBF3B8F3BBFC2
:10192000DE3B2EBF29063BBFF7CE2EBFA47C3ABFBD
:10193000A5612FBFACF239BFE6F32FBF426839BFB4
:10194000BB8530BF65DD38BF221731BF165238BFA7
:101950001DA831BF55C637BFAA3832BF233A37BF9B
:10196000C9C832BF7FAD36BF7A5833BF6C2036BF8F
:10197000BCE733BFE79235BF8F7634BFF30435BF82
:10198000F30435BF8F7634BFE79235BFBCE733BF72
:101990006C2036BF7A5833BF7FAD36BFC9C832BF5F
:1019A000233A37BFAA3832BF55C637BF1DA831BF4B
:1019B000165238BF221731BF65DD38BFBB8530BF37
:1019C000426839BFE6F32FBFACF239BFA5612FBF24
:1019D000A47C3ABFF7CE2EBF29063BBFDE3B2EBF0D
:1019E0003B8F3BBF59A82DBFD9173CBF69142DBFF2
:1019F00003A03CBF0F802CBFB8273DBF4AEB2BBFD5
:101A0000F9AE3DBF1B562BBFC5353EBF82C02ABFB6
:101A10001BBC3EBF802A2ABFFC413FBF159429BF93
:101A200067C73FBF41FD28BF5C4C40BF056628BF6C
:101A3000DAD040BF61CE27BFE15441BF563627BF41
:101A400070D841BFE39D26BF895B42BF0A0526BF10
:101A500029DE42BFCB6B25BF516043BF25D224BFD7
:101A600000E243BF1A3824BF376344BFA99D23BF98
:101A7000F5E344BFD30223BF396445BF996722BF52
:101A800003E445BFFBCB21BF546346BFF92F21BF01
:101A90002AE246BF939320BF856047BFCBF61FBFA6
:101AA00065DE47BF9F591FBFCA5B48BF12BC1EBF40
:101AB000B3D848BF221E1EBF215549BFD17F1DBFCD
:101AC00012D149BF1FE11CBF874C4ABF0C421CBF4B
:101AD0007FC74ABF99A21BBFFA414BBFC6021BBFBB
:101AE000F8BB4BBF93621ABF78354CBF00C219BF19
:101AF00079AE4CBF0F2119BFFD264DBFC07F18BF67
:101B0000029F4DBF12DE17BF89164EBF073C17BF9D
:101B1000908D4EBF9F9916BF17044FBFD9F615BFC2
:101B20001F7A4FBFB75315BFA8EF4FBF39B014BFCF
:101B3000AF6450BF5F0C14BF37D950BF2A6813BFC2
:101B40003D4D51BF9AC312BFC2C051BFB01E12BF9C
:101B5000C63352BF6B7911BF49A652BFCDD310BF58
:101B6000491853BFD52D10BFC78953BF84870FBFF6
:101B7000C3FA53BFDBE00EBF3B6B54BFDA390EBF75
:101B800031DB54BF81920DBFA44A55BFD0EA0CBFD0
:101B900093B955BFC9420CBFFE2756BF6B9A0BBF06
:101BA000E59556BFB7F10ABF480357BFAD480ABF16
:101BB000267057BF4E9F09BF7FDC57BF9BF508BFFC
:101BC000534858BF924B08BFA1B358BF36A107BFB7
:101BD0006A1E59BF86F606BFAD8859BF824B06BF45
:101BE0006AF259BF2CA005BFA05B5ABF84F404BFA2
:101BF00050C45ABF894804BF792C5BBF3D9C03BFCA
:101C00001A945BBF9FEF02BF34FB5BBFB14202BFC0
:101C1000C7615CBF739501BFD1C75CBFE4E700BF7C
:101C2000532D5DBF063A00BF4D925DBFB217FFBE98
:101C3000BEF65DBFBBBAFDBEA65A5EBF275DFCBE49
:101C400005BE5EBFF7FEFABEDB205FBF2DA0F9BE6A
:101C500027835FBFC840F8BEE9E45FBFCBE0F6BEB4
:101C6000214660BF3580F5BECFA660BF071FF4BE1A
:101C7000F20661BF43BDF2BE8A6661BFEA5AF1BE99
:101C800098C561BFFBF7EFBE1A2462BF7994EEBE20
:101C9000108262BF6330EDBE7BDF62BFBBCBEBBEA9
:101CA0005A3C63BF8166EABEAC9863BFB700E9BE29
:101CB00073F463BF5D9AE7BEAC4F64BF7533E6BE95
:101CC00059AA64BFFECBE4BE790465BFFA63E3BEE4
:101CD0000B5E65BF6AFBE1BE10B765BF4F92E0BE09
:101CE000880F66BFA928DFBE716766BF79BEDDBEFB
:101CF000CCBE66BFC153DCBE991567BF80E8DABEB3
:101D0000D86B67BFB97CD9BE87C167BF6B10D8BE1F
:101D1000A81668BF99A3D6BE396B68BF4136D5BE39
:101D20003CBF68BF67C8D3BEAE1269BF095AD2BEF6
:101D3000916569BF2AEBD0BEE4B769BFCA7BCFBE4D
:101D4000A7096ABFEA0BCEBED95A6ABF8B9BCCBE2D
:101D50007BAB6ABFAE2ACBBE8CFB6ABF53B9C9BE90
:101D60000C4B6BBF7C47C8BEFB996BBF29D5C6BE69
:101D700058E86BBF5C62C5BE24366CBF15EFC3BEAE
:101D80005E836CBF557BC2BE07D06CBF1E07C1BE51
:101D90001D1C6DBF6F92BFBEA1676DBF4A1DBEBE49
:101DA00093B26DBFAFA7BCBEF2FC6DBFA031BBBE8E
:101DB000BE466EBF1EBBB9BEF88F6EBF2A44B8BE0A
:101DC0009ED86EBFC3CCB6BEB0206FBFEC54B5BEBC
:101DD00030686FBFA5DCB3BE1BAF6FBFEF63B2BE91
:101DE00073F56FBFCBEAB0BE373B70BF3A71AFBE81
:101DF000668070BF3CF7ADBE02C570BFD47CACBE80
:101E0000080971BF0102ABBE7A4C71BFC486A9BE7E
:101E1000578F71BF1F0BA8BE9FD171BF128FA6BE77
:101E2000521372BF9F12A5BE705472BFC595A3BE58
:101E3000F89472BF8718A2BEEBD472BFE59AA0BE19
:101E4000471473BFDF1C9FBE0E5373BF789E9DBEA9
:101E50003F9173BFAF1F9CBED9CE73BF86A09ABE01
:101E6000DD0B74BFFE2099BE4B4874BF17A197BE0F
:101E7000228474BFD22096BE62BF74BF31A094BECC
:101E80000BFA74BF351F93BE1D3475BFDD9D91BE27
:101E9000976D75BF2C1C90BE7BA675BF229A8EBE17
:101EA000C6DE75BFC0178DBE7A1676BF07958BBE8E
:101EB000974D76BFF8118ABE1B8476BF938E88BE7D
:101EC00007BA76BFDA0A87BE5BEF76BFCE8685BEDD
:101ED000172477BF700284BE3A5877BFC07D82BE98
:101EE000C58B77BFC0F880BEB7BE77BFE1E67EBEC8
:101EF00010F177BFA4DB7BBED12278BFCCCF78BEF8
:101F0000F85378BF5AC375BE868478BF51B672BE87
:101F10007BB478BFB2A86FBED6E378BF7F9A6CBEA1
:101F2000981279BFBA8B69BEC04079BF667C66BE25
:101F30004E6E79BF836C63BE439B79BF135C60BEFA
:101F40009DC779BF1A4B5DBE5EF379BF97395ABE04
:101F5000841E7ABF8F2757BE10497ABF011554BE21
:101F600002737ABFF10151BE599C7ABF60EE4DBE3B
:101F700016C57ABF4FDA4ABE37ED7ABFC2C547BE33
:101F8000BE147BBFB9B044BEAB3B7BBF379B41BEE9
:101F9000FC617BBF3E853EBEB2877BBFCF6E3BBE42
:101FA000CDAC7BBFEC5738BE4DD17BBF984035BE22
:101FB00031F57BBFD42832BE7A187CBFA2102FBE69
:101FC000283B7CBF04F82BBE3A5D7CBFFCDE28BEFC
:101FD000B07E7CBF8CC525BE8A9F7CBFB6AB22BEBF
:101FE000C9BF7CBF7B911FBE6CDF7CBFDE761CBE91
:101FF00073FE7CBFE05B19BEDD1C7DBF834016BE57
:10200000AC3A7DBFCA2413BEDE577DBFB70810BEF1
:1020100074747DBF4AEC0CBE6E907DBF86CF09BE46
:10202000CCAB7DBF6EB206BE8CC67DBF029503BE33
:10203000B1E07DBF457700BE38FA7DBF73B2FABD0F
:1020400024137EBFC075F4BD722B7EBF7638EEBD03
:1020500023437EBF9AFAE7BD385A7EBF2EBCE1BD4E
:10206000B0707EBF377DDBBD8B867EBFB93DD5BDF1
:10207000C99B7EBFB7FDCEBD69B07EBF36BDC8BDB2
:102080006DC47EBF397CC2BDD4D77EBFC33ABCBD50
:102090009DEA7EBFDAF8B5BDC9FC7EBF80B6AFBD94
:1020A000580E7FBFBA73A9BD491F7FBF8C30A3BD37
:1020B0009D2F7FBFF9EC9CBD543F7FBF05A996BD06
:1020C0006D4E7FBFB46490BDE95C7FBF0A208ABDBE
:1020D000C76A7FBF0ADB83BD08787FBF742B7BBDD7
:1020E000AB847FBF38A06EBDB1907FBF681462BD66
:1020F000189C7FBF0E8855BDE3A67FBF2FFB48BD50
:102100000FB17FBFD56D3CBD9EBA7FBF07E02FBD2D
:102110008FC37FBFCC5123BDE2CB7FBF2CC316BD85
:1021200098D37FBF2F340ABDAFDA7FBFB949FBBC5C
:1021300029E17FBF7B2AE2BC05E77FBFB00AC9BCAB
:1021400043EC7FBF69EAAFBCE3F07FBFB6C996BC82
:10215000E6F47FBF4B517BBC4AF87FBF900E49BC71
:1021600011FB7FBF59CB16BC39FD7FBF890FC9BB9F
:10217000C4FE7FBFC70F49BBB1FF7FBF0000008017
:10218000000080BFC70F493BB1FF7FBF890FC93B2C
:10219000C4FE7FBF59CB163C39FD7FBF900E493C32
:1021A00011FB7FBF4B517B3C4AF87FBFB6C9963CC1
:1021B000E6F47FBF69EAAF3CE3F07FBFB00AC93CF9
:1021C00043EC7FBF7B2AE23C05E77FBFB949FB3C7C
:1021D00029E17FBF2F340A3DAFDA7FBF2CC3163D04
:1021E00098D37FBFCC51233DE2CB7FBF07E02F3D8B
:1021F0008FC37FBFD56D3C3D9EBA7FBF2FFB483D4F
:102200000FB17FBF0E88553DE3A67FBF6814623DC6
:10221000189C7FBF38A06E3DB1907FBF742B7B3D73
:10222000AB847FBF0ADB833D08787FBF0A208A3DED
:10223000C76A7FBFB464903DE95C7FBF05A9963D46
:102240006D4E7FBFF9EC9C3D543F7FBF8C30A33D6A
:102250009D2F7FBFBA73A93D491F7FBF80B6AF3D99
:10226000580E7FBFDAF8B53DC9FC7EBFC33ABC3D0E
:102270009DEA7EBF397CC23DD4D77EBF36BDC83D06
:102280006DC47EBFB7FDCE3D69B07EBFB93DD53DC3
:10229000C99B7EBF377DDB3D8B867EBF2EBCE13D7B
:1022A000B0707EBF9AFAE73D385A7EBF7638EE3D71
:1022B00023437EBFC075F43D722B7EBF73B2FA3DDF
:1022C00024137EBF4577003E38FA7DBF0295033E5A
:1022D000B1E07DBF6EB2063E8CC67DBF86CF093EA3
:1022E000CCAB7DBF4AEC0C3E6E907DBFB708103E74
:1022F00074747DBFCA24133EDE577DBF8340163EF3
:10230000AC3A7DBFE05B193EDD1C7DBFDE761C3E36
:1023100073FE7CBF7B911F3E6CDF7CBFB6AB223E61
:10232000C9BF7CBF8CC5253E8A9F7CBFFCDE283E92
:10233000B07E7CBF04F82B3E3A5D7CBFA2102F3EDE
:10234000283B7CBFD428323E7A187CBF9840353E6B
:1023500031F57BBFEC57383E4DD17BBFCF6E3B3E56
:10236000CDAC7BBF3E853E3EB2877BBF379B413EB7
:10237000FC617BBFB9B0443EAB3B7BBFC2C5473EAF
:10238000BE147BBF4FDA4A3E37ED7ABF60EE4D3E5A
:1023900016C57ABFF101513E599C7ABF0115543ED2
:1023A00002737ABF8F27573E10497ABF97395A3E3A
:1023B000841E7ABF1A4B5D3E5EF379BF135C603EAC
:1023C0009DC779BF836C633E439B79BF667C663E45
:1023D0004E6E79BFBA8B693EC04079BF7F9A6C3E22
:1023E000981279BFB2A86F3ED6E378BF51B6723E5D
:1023F0007BB478BF5AC3753E868478BFCCCF783E15
:10240000F85378BFA4DB7B3ED12278BFE1E67E3E65
:1024100010F177BFC0F8803EB7BE77BFC07D823E67
:10242000C58B77BF7002843E3A5877BFCE86853E13
:10243000172477BFDA0A873E5BEF76BF938E883E1C
:1024400007BA76BFF8118A3E1B8476BF07958B3E8C
:10245000974D76BFC0178D3E7A1676BF229A8E3E74
:10246000C6DE75BF2C1C903E7BA675BFDD9D913EE0
:10247000976D75BF351F933E1D3475BF31A0943ED7
:102480000BFA74BFD220963E62BF74BF17A1973E6D
:10249000228474BFFE20993E4B4874BF86A09A3EAA
:1024A000DD0B74BFAF1F9C3ED9CE73BF789E9D3E9F
:1024B0003F9173BFDF1C9F3E0E5373BFE59AA03E52
:1024C000471473BF8718A23EEBD472BFC595A33ED5
:1024D000F89472BF9F12A53E705472BF128FA63E31
:1024E000521372BF1F0BA83E9FD171BFC486A93E75
:1024F000578F71BF0102AB3E7A4C71BFD47CAC3EAA
:10250000080971BF3CF7AD3E02C570BF3A71AF3EDE
:10251000668070BFCBEAB03E373B70BFEF63B23E20
:1025200073F56FBFA5DCB33E1BAF6FBFEC54B53E78
:1025300030686FBFC3CCB63EB0206FBF2A44B83EF0
:102540009ED86EBF1EBBB93EF88F6EBFA031BB3E9A
:10255000BE466EBFAFA7BC3EF2FC6DBF4A1DBE3E7D
:1025600093B26DBF6F92BF3EA1676DBF1E07C13EA4
:102570001D1C6DBF557BC23E07D06CBF15EFC33E1F
:102580005E836CBF5C62C53E24366CBF29D5C63EF7
:1025900058E86BBF7C47C83EFB996BBF53B9C93E37
:1025A0000C4B6BBFAE2ACB3E8CFB6ABF8B9BCC3EE9
:1025B0007BAB6ABFEA0BCE3ED95A6ABFCA7BCF3E1D
:1025C000A7096ABF2AEBD03EE4B769BF095AD23ED9
:1025D000916569BF67C8D33EAE1269BF4136D53E2B
:1025E0003CBF68BF99A3D63E396B68BF6B10D83E1D
:1025F000A81668BFB97CD93E87C167BF80E8DA3EBC
:10260000D86B67BFC153DC3E991567BF79BEDD3E0D
:10261000CCBE66BFA928DF3E716766BF4F92E03E21
:10262000880F66BF6AFBE13E10B765BFFA63E33E01
:102630000B5E65BFFECBE43E790465BF7533E63EB5
:1026400059AA64BF5D9AE73EAC4F64BFB700E93E4C
:1026500073F463BF8166EA3EAC9863BFBBCBEB3ECD
:102660005A3C63BF6330ED3E7BDF62BF7994EE3E40
:10267000108262BFFBF7EF3E1A2462BFEA5AF13EB6
:1026800098C561BF43BDF23E8A6661BF071FF43E35
:10269000F20661BF3580F53ECFA660BFCBE0F63EC7
:1026A000214660BFC840F83EE9E45FBF2DA0F93E77
:1026B00027835FBFF7FEFA3EDB205FBF275DFC3E4E
:1026C00005BE5EBFBBBAFD3EA65A5EBFB217FF3E57
:1026D000BEF65DBF063A003F4D925DBFE4E7003FA6
:1026E000532D5DBF7395013FD1C75CBFB142023F1F
:1026F000C7615CBF9FEF023F34FB5BBF3D9C033F64
:102700001A945BBF8948043F792C5BBF84F4043F73
:1027100050C45ABF2CA0053FA05B5ABF824B063F56
:102720006AF259BF86F6063FAD8859BF36A1073F0A
:102730006A1E59BF924B083FA1B358BF9BF5083F93
:10274000534858BF4E9F093F7FDC57BFAD480A3FF3
:10275000267057BFB7F10A3F480357BF6B9A0B3F2C
:10276000E59556BFC9420C3FFE2756BFD0EA0C3F45
:1027700093B955BF81920D3FA44A55BFDA390E3F38
:1027800031DB54BFDBE00E3F3B6B54BF84870F3F10
:10279000C3FA53BFD52D103FC78953BFCDD3103FC8
:1027A000491853BF6B79113F49A652BFB01E123F63
:1027B000C63352BF9AC3123FC2C051BF2A68133FEB
:1027C0003D4D51BF5F0C143F37D950BF39B0143F56
:1027D000AF6450BFB753153FA8EF4FBFD9F6153FB1
:1027E0001F7A4FBF9F99163F17044FBF073C173FF3
:1027F000908D4EBF12DE173F89164EBFC07F183F27
:10280000029F4DBF0F21193FFD264DBF00C2193F4A
:1028100079AE4CBF93621A3F78354CBFC6021B3F5E
:10282000F8BB4BBF99A21B3FFA414BBF0C421C3F68
:102830007FC74ABF1FE11C3F874C4ABFD17F1D3F66
:1028400012D149BF221E1E3F215549BF12BC1E3F57
:10285000B3D848BF9F591F3FCA5B48BFCBF61F3F45
:1028600065DE47BF9393203F856047BFF92F213F27
:102870002AE246BFFBCB213F546346BF9967223F04
:1028800003E445BFD302233F396445BFA99D233FDD
:10289000F5E344BF1A38243F376344BF25D2243FB1
:1028A00000E243BFCB6B253F516043BF0A05263F83
:1028B00029DE42BFE39D263F895B42BF5636273F54
:1028C00070D841BF61CE273FE15441BF0566283F24
:1028D000DAD040BF41FD283F5C4C40BF1594293FF2
:1028E00067C73FBF802A2A3FFC413FBF82C02A3FC3
:1028F0001BBC3EBF1B562B3FC5353EBF4AEB2B3F93
:10290000F9AE3DBF0F802C3FB8273DBF69142D3F66
:1029100003A03CBF59A82D3FD9173CBFDE3B2E3F3B
:102920003B8F3BBFF7CE2E3F29063BBFA5612F3F14
:10293000A47C3ABFE6F32F3FACF239BFBB85303FF2
:10294000426839BF2217313F65DD38BF1DA8313FCE
:10295000165238BFAA38323F55C637BFC9C8323FB2
:10296000233A37BF7A58333F7FAD36BFBCE7333F9A
:102970006C2036BF8F76343FE79235BFF304353F86
:10298000F30435BFE792353F8F7634BF6C20363F76
:10299000BCE733BF7FAD363F7A5833BF233A373F6A
:1029A000C9C832BF55C6373FAA3832BF1652383F62
:1029B0001DA831BF65DD383F221731BF4268393F5E
:1029C000BB8530BFACF2393FE6F32FBFA47C3A3F62
:1029D000A5612FBF29063B3FF7CE2EBF3B8F3B3F64
:1029E000DE3B2EBFD9173C3F59A82DBF03A03C3F6B
:1029F00069142DBFB8273D3F0F802CBFF9AE3D3F76
:102A00004AEB2BBFC5353E3F1B562BBF1BBC3E3F81
:102A100082C02ABFFC413F3F802A2ABF67C73F3F91
:102A2000159429BF5C4C403F41FD28BFDAD0403FA0
:102A3000056628BFE154413F61CE27BF70D8413FB2
:102A4000563627BF895B423FE39D26BF29DE423FC2
:102A50000A0526BF5160433FCB6B25BF00E2433FD1
:102A600025D224BF3763443F1A3824BFF5E3443FDF
:102A7000A99D23BF3964453FD30223BF03E4453FEB
:102A8000996722BF5463463FFBCB21BF2AE2463FF2
:102A9000F92F21BF8560473F939320BF65DE473FF5
:102AA000CBF61FBFCA5B483F9F591FBFB3D8483FF3
:102AB00012BC1EBF2155493F221E1EBF12D1493FE5
:102AC000D17F1DBF874C4A3F1FE11CBF7FC74A3FD4
:102AD0000C421CBFFA414B3F99A21BBFF8BB4B3FB6
:102AE000C6021BBF78354C3F93621ABF79AE4C3F8C
:102AF00000C219BFFD264D3F0F2119BF029F4D3F58
:102B0000C07F18BF89164E3F12DE17BF908D4E3F13
:102B1000073C17BF17044F3F9F9916BF1F7A4F3FBF
:102B2000D9F615BFA8EF4F3FB75315BFAF64503F5D
:102B300039B014BF37D9503F5F0C14BF3D4D513FE2
:102B40002A6813BFC2C0513F9AC312BFC633523F57
:102B5000B01E12BF49A6523F6B7911BF4918533FAF
:102B6000CDD310BFC789533FD52D10BFC3FA533FF4
:102B700084870FBF3B6B543FDBE00EBF31DB543F1C
:102B8000DA390EBFA44A553F81920DBF93B9553F24
:102B9000D0EA0CBFFE27563FC9420CBFE595563F11
:102BA0006B9A0BBF4803573FB7F10ABF2670573FD8
:102BB000AD480ABF7FDC573F4E9F09BF5348583F7F
:102BC0009BF508BFA1B3583F924B08BF6A1E593FFF
:102BD00036A107BFAD88593F86F606BF6AF2593F56
:102BE000824B06BFA05B5A3F2CA005BF50C45A3F82
:102BF00084F404BF792C5B3F894804BF1A945B3F7F
:102C00003D9C03BF34FB5B3F9FEF02BFC7615C3F4E
:102C1000B14202BFD1C75C3F739501BF532D5D3FE9
:102C2000E4E700BF4D925D3F063A00BFBEF65D3F50
:102C3000B217FFBEA65A5E3FBBBAFDBE05BE5E3FE1
:102C4000275DFCBEDB205F3FF7FEFABE27835F3FB8
:102C50002DA0F9BEE9E45F3FC840F8BE2146603FC1
:102C6000CBE0F6BECFA6603F3580F5BEF206613FF1
:102C7000071FF4BE8A66613F43BDF2BE98C5613F3F
:102C8000EA5AF1BE1A24623FFBF7EFBE1082623FA0
:102C90007994EEBE7BDF623F6330EDBE5A3C633F0A
:102CA000BBCBEBBEAC98633F8166EABE73F4633F77
:102CB000B700E9BEAC4F643F5D9AE7BE59AA643FD6
:102CC0007533E6BE7904653FFECBE4BE0B5E653F1F
:102CD000FA63E3BE10B7653F6AFBE1BE880F663F4B
:102CE0004F92E0BE7167663FA928DFBECCBE663F4B
:102CF00079BEDDBE9915673FC153DCBED86B673F17
:102D000080E8DABE87C1673FB97CD9BEA816683FA4
:102D10006B10D8BE396B683F99A3D6BE3CBF683FE5
:102D20004136D5BEAE12693F67C8D3BE9165693FD3
:102D3000095AD2BEE4B7693F2AEBD0BEA7096A3F61
:102D4000CA7BCFBED95A6A3FEA0BCEBE7BAB6A3F85
:102D50008B9BCCBE8CFB6A3FAE2ACBBE0C4B6B3F31
:102D600053B9C9BEFB996B3F7C47C8BE58E86B3F5F
:102D700029D5C6BE24366C3F5C62C5BE5E836C3FFF
:102D800015EFC3BE07D06C3F557BC2BE1D1C6D3F07
:102D90001E07C1BEA1676D3F6F92BFBE93B26D3F6C
:102DA0004A1DBEBEF2FC6D3FAFA7BCBEBE466E3F25
:102DB000A031BBBEF88F6E3F1EBBB9BE9ED86E3F22
:102DC0002A44B8BEB0206F3FC3CCB6BE30686F3F58
:102DD000EC54B5BE1BAF6F3FA5DCB3BE73F56F3FC0
:102DE000EF63B2BE373B703FCBEAB0BE6680703F48
:102DF0003A71AFBE02C5703F3CF7ADBE0809713FE6
:102E0000D47CACBE7A4C713F0102ABBE578F713F90
:102E1000C486A9BE9FD1713F1F0BA8BE5213723F3B
:102E2000128FA6BE7054723F9F12A5BEF894723FD7
:102E3000C595A3BEEBD4723F8718A2BE4714733F5B
:102E4000E59AA0BE0E53733FDF1C9FBE3F91733FB8
:102E5000789E9DBED9CE733FAF1F9CBEDD0B743FE5
:102E600086A09ABE4B48743FFE2099BE2284743FD0
:102E700017A197BE62BF743FD22096BE0BFA743F73
:102E800031A094BE1D34753F351F93BE976D753FBD
:102E9000DD9D91BE7BA6753F2C1C90BEC6DE753FA6
:102EA000229A8EBE7A16763FC0178DBE974D763F1A
:102EB00007958BBE1B84763FF8118ABE07BA763F12
:102EC000938E88BE5BEF763FDA0A87BE1724773F82
:102ED000CE8685BE3A58773F700284BEC58B773F59
:102EE000C07D82BEB7BE773FC0F880BE10F1773F8D
:102EF000E1E67EBED122783FA4DB7BBEF853783F6B
:102F0000CCCF78BE8684783F5AC375BE7BB4783FF9
:102F100051B672BED6E3783FB2A86FBE9812793F21
:102F20007F9A6CBEC040793FBA8B69BE4E6E793FC6
:102F3000667C66BE439B793F836C63BE9DC7793FC9
:102F4000135C60BE5EF3793F1A4B5DBE841E7A3F10
:102F500097395ABE10497A3F8F2757BE02737A3F7E
:102F6000011554BE599C7A3FF10151BE16C57A3FF6
:102F700060EE4DBE37ED7A3F4FDA4ABEBE147B3F5E
:102F8000C2C547BEAB3B7B3FB9B044BEFC617B3F93
:102F9000379B41BEB2877B3F3E853EBECDAC7B3F7B
:102FA000CF6E3BBE4DD17B3FEC5738BE31F57B3FFA
:102FB000984035BE7A187C3FD42832BE283B7C3FEF
:102FC000A2102FBE3A5D7C3F04F82BBEB07E7C3F42
:102FD000FCDE28BE8A9F7C3F8CC525BEC9BF7C3FD6
:102FE000B6AB22BE6CDF7C3F7B911FBE73FE7C3F85
:102FF000DE761CBEDD1C7D3FE05B19BEAC3A7D3F3A
:10300000834016BEDE577D3FCA2413BE74747D3FD5
:10301000B70810BE6E907D3F4AEC0CBECCAB7D3F36
:1030200086CF09BE8CC67D3F6EB206BEB1E07D3F45
:10303000029503BE38FA7D3F457700BE24137E3FDC
:1030400073B2FABD722B7E3FC075F4BD23437E3F41
:103050007638EEBD385A7E3F9AFAE7BDB0707E3FB3
:103060002EBCE1BD8B867E3F377DDBBDC99B7E3F9D
:10307000B93DD5BD69B07E3FB7FDCEBD6DC47E3FC5
:1030800036BDC8BDD4D77E3F397CC2BD9DEA7E3FE8
:10309000C33ABCBDC9FC7E3FDAF8B5BD580E7F3FD0
:1030A00080B6AFBD491F7F3FBA73A9BD9D2F7F3F3B
:1030B0008C30A3BD543F7F3FF9EC9CBD6D4E7F3FEC
:1030C00005A996BDE95C7F3FB46490BDC76A7F3FA8
:1030D0000A208ABD08787F3F0ADB83BDAB847F3F2F
:1030E000742B7BBDB1907F3F38A06EBD189C7F3F95
:1030F000681462BDE3A67F3F0E8855BD0FB17F3FC8
:103100002FFB48BD9EBA7F3FD56D3CBD8FC37F3F2F
:1031100007E02FBDE2CB7F3FCC5123BD98D37F3F4B
:103120002CC316BDAFDA7F3F2F340ABD29E17F3FA4
:10313000B949FBBC05E77F3F7B2AE2BC43EC7F3FFC
:10314000B00AC9BCE3F07F3F69EAAFBCE6F47F3F59
:10315000B6C996BC4AF87F3F4B517BBC11FB7F3F01
:10316000900E49BC39FD7F3F59CB16BCC4FE7F3F52
:10317000890FC9BBB1FF7F3FC70F49BB0000803F2C
:103180000000000043EC7F3FB00AC93C0FB17F3F15
:103190002FFB483D6D4E7F3F05A9963D6DC47E3F98
:1031A00036BDC83D24137E3F73B2FA3DAC3A7D3F35
:1031B0008340163E283B7C3FA2102F3EBE147B3F2F
:1031C000C2C5473E9DC7793F135C603EF853783FC8
:1031D000CCCF783E07BA763F938E883E0BFA743F89
:1031E00031A0943E4714733FE59AA03E0809713F11
:1031F000D47CAC3E9ED86E3F2A44B83E5E836C3F82
:1032000015EFC33EA7096A3FCA7BCF3ED86B673F25
:1032100080E8DA3E59AA643F7533E63E98C5613FBF
:10322000EA5AF13E05BE5E3F275DFC3E1A945B3FC5
:103230003D9C033F5348583F9BF5083F31DB543FCB
:10324000DA390E3F3D4D513F2A68133F029F4D3FF3
:10325000C07F183F12D1493FD17F1D3F03E4453F56
:103260009967223F70D8413F5636273FF9AE3D3F20
:103270004AEB2B3F4268393FBB85303FF304353F73
:10328000F304353FBB85303F4268393F4AEB2B3F63
:10329000F9AE3D3F5636273F70D8413F9967223FF0
:1032A00003E4453FD17F1D3F12D1493FC07F183F06
:1032B000029F4D3F2A68133F3D4D513FDA390E3F83
:1032C00031DB543F9BF5083F5348583F3D9C033F3B
:1032D0001A945B3F275DFC3E05BE5E3FEA5AF13E15
:1032E00098C5613F7533E63E59AA643F80E8DA3EEF
:1032F000D86B673FCA7BCF3EA7096A3F15EFC33E35
:103300005E836C3F2A44B83E9ED86E3FD47CAC3E70
:103310000809713FE59AA03E4714733F31A0943EDF
:103320000BFA743F938E883E07BA763FCCCF783E37
:10333000F853783F135C603E9DC7793FC2C5473E56
:10334000BE147B3FA2102F3E283B7C3F8340163E9D
:10335000AC3A7D3F73B2FA3D24137E3F36BDC83D83
:103360006DC47E3F05A9963D6D4E7F3F2FFB483DC6
:103370000FB17F3FB00AC93C43EC7F3F0000000023
:103380000000803FB00AC9BC43EC7F3F2FFB48BD23
:103390000FB17F3F05A996BD6D4E7F3F36BDC8BDBD
:1033A0006DC47E3F73B2FABD24137E3F834016BEC8
:1033B000AC3A7D3FA2102FBE283B7C3FC2C547BE22
:1033C000BE147B3F135C60BE9DC7793FCCCF78BEF7
:1033D000F853783F938E88BE07BA763F31A094BEEB
:1033E0000BFA743FE59AA0BE4714733FD47CACBE81
:1033F0000809713F2A44B8BE9ED86E3F15EFC3BE80
:103400005E836C3FCA7BCFBEA7096A3F80E8DABE05
:10341000D86B673F7533E6BE59AA643FEA5AF1BEDE
:1034200098C5613F275DFCBE05BE5E3F3D9C03BF66
:103430001A945B3F9BF508BF5348583FDA390EBFDB
:1034400031DB543F2A6813BF3D4D513FC07F18BF49
:10345000029F4D3FD17F1DBF12D1493F996722BFC7
:1034600003E4453F563627BF70D8413F4AEB2BBF98
:10347000F9AE3D3FBB8530BF4268393FF30435BFED
:10348000F304353F426839BFBB85303FF9AE3DBFDD
:103490004AEB2B3F70D841BF5636273F03E445BF68
:1034A0009967223F12D149BFD17F1D3F029F4DBF77
:1034B000C07F183F3D4D51BF2A68133F31DB54BFD9
:1034C000DA390E3F534858BF9BF5083F1A945BBF4B
:1034D0003D9C033F05BE5EBF275DFC3E98C561BFB6
:1034E000EA5AF13E59AA64BF7533E63ED86B67BF0E
:1034F00080E8DA3EA7096ABFCA7BCF3E5E836CBF15
:1035000015EFC33E9ED86EBF2A44B83E080971BF6E
:10351000D47CAC3E471473BFE59AA03E0BFA74BF4F
:1035200031A0943E07BA76BF938E883EF85378BF99
:10353000CCCF783E9DC779BF135C603EBE147BBF85
:10354000C2C5473E283B7CBFA2102F3EAC3A7DBF90
:103550008340163E24137EBF73B2FA3D6DC47EBF16
:1035600036BDC83D6D4E7FBF05A9963D0FB17FBFEB
:103570002FFB483D43EC7FBFB00AC93C000080BF31
:103580000000000043EC7FBFB00AC9BC0FB17FBF91
:103590002FFB48BD6D4E7FBF05A996BD6DC47EBF94
:1035A00036BDC8BD24137EBF73B2FABDAC3A7DBF31
:1035B000834016BE283B7CBFA2102FBEBE147BBF2B
:1035C000C2C547BE9DC779BF135C60BEF85378BFC4
:1035D000CCCF78BE07BA76BF938E88BE0BFA74BF85
:1035E00031A094BE471473BFE59AA0BE080971BF0D
:1035F000D47CACBE9ED86EBF2A44B8BE5E836CBF7E
:1036000015EFC3BEA7096ABFCA7BCFBED86B67BF21
:1036100080E8DABE59AA64BF7533E6BE98C561BFBB
:10362000EA5AF1BE05BE5EBF275DFCBE1A945BBFC1
:103630003D9C03BF534858BF9BF508BF31DB54BFC7
:10364000DA390EBF3D4D51BF2A6813BF029F4DBFEF
:10365000C07F18BF12D149BFD17F1DBF03E445BF52
:10366000996722BF70D841BF563627BFF9AE3DBF1C
:103670004AEB2BBF426839BFBB8530BFF30435BF6F
:10368000F30435BFBB8530BF426839BF4AEB2BBF5F
:10369000F9AE3DBF563627BF70D841BF996722BFEC
:1036A00003E445BFD17F1DBF12D149BFC07F18BF02
:1036B000029F4DBF2A6813BF3D4D51BFDA390EBF7F
:1036C00031DB54BF9BF508BF534858BF3D9C03BF37
:1036D0001A945BBF275DFCBE05BE5EBFEA5AF1BE11
:1036E00098C561BF7533E6BE59AA64BF80E8DABEEB
:1036F000D86B67BFCA7BCFBEA7096ABF15EFC3BE31
:103700005E836CBF2A44B8BE9ED86EBFD47CACBE6C
:10371000080971BFE59AA0BE471473BF31A094BEDB
:103720000BFA74BF938E88BE07BA76BFCCCF78BE33
:10373000F85378BF135C60BE9DC779BFC2C547BE52
:10374000BE147BBFA2102FBE283B7CBF834016BE99
:10375000AC3A7DBF73B2FABD24137EBF36BDC8BD7F
:103760006DC47EBF05A996BD6D4E7FBF2FFB48BDC2
:103770000FB17FBFB00AC9BC43EC7FBF000000801F
:10378000000080BFB00AC93C43EC7FBF2FFB483D1F
:103790000FB17FBF05A9963D6D4E7FBF36BDC83DB9
:1037A0006DC47EBF73B2FA3D24137EBF8340163EC4
:1037B000AC3A7DBFA2102F3E283B7CBFC2C5473E1E
:1037C000BE147BBF135C603E9DC779BFCCCF783EF3
:1037D000F85378BF938E883E07BA76BF31A0943EE7
:1037E0000BFA74BFE59AA03E471473BFD47CAC3E7D
:1037F000080971BF2A44B83E9ED86EBF15EFC33E7C
:103800005E836CBFCA7BCF3EA7096ABF80E8DA3E01
:10381000D86B67BF7533E63E59AA64BFEA5AF13EDA
:1038200098C561BF275DFC3E05BE5EBF3D9C033F62
:103830001A945BBF9BF5083F534858BFDA390E3FD7
:1038400031DB54BF2A68133F3D4D51BFC07F183F45
:10385000029F4DBFD17F1D3F12D149BF9967223FC3
:1038600003E445BF5636273F70D841BF4AEB2B3F94
:10387000F9AE3DBFBB85303F426839BFF304353FE9
:10388000F30435BF4268393FBB8530BFF9AE3D3FD9
:103890004AEB2BBF70D8413F563627BF03E4453F64
:1038A000996722BF12D1493FD17F1DBF029F4D3F73
:1038B000C07F18BF3D4D513F2A6813BF31DB543FD5
:1038C000DA390EBF5348583F9BF508BF1A945B3F47
:1038D0003D9C03BF05BE5E3F275DFCBE98C5613FB2
:1038E000EA5AF1BE59AA643F7533E6BED86B673F0A
:1038F00080E8DABEA7096A3FCA7BCFBE5E836C3F11
:1039000015EFC3BE9ED86E3F2A44B8BE0809713F6A
:10391000D47CACBE4714733FE59AA0BE0BFA743F4B
:1039200031A094BE07BA763F938E88BEF853783F95
:10393000CCCF78BE9DC7793F135C60BEBE147B3F81
:10394000C2C547BE283B7C3FA2102FBEAC3A7D3F8C
:10395000834016BE24137E3F73B2FABD6DC47E3F12
:1039600036BDC8BD6D4E7F3F05A996BD0FB17F3FE7
:103970002FFB48BD43EC7F3FB00AC9BC0000803F2D
:1039800000000000BE147B3FC2C5473E5E836C3F13
:1039900015EFC33E31DB543FDA390E3FF304353FB8
:1039A000F304353FDA390E3F31DB543F15EFC33EA8
:1039B0005E836C3FC2C5473EBE147B3F00000000E3
:1039C0000000803FC2C547BEBE147B3F15EFC3BE9B
:1039D0005E836C3FDA390EBF31DB543FF30435BFF1
:1039E000F304353F31DB54BFDA390E3F5E836CBFE1
:1039F00015EFC33EBE147BBFC2C5473E000080BF6B
:103A000000000000BE147BBFC2C547BE5E836CBF12
:103A100015EFC3BE31DB54BFDA390EBFF30435BF37
:103A2000F30435BFDA390EBF31DB54BF15EFC3BE27
:103A30005E836CBFC2C547BEBE147BBF0000008062
:103A4000000080BFC2C5473EBE147BBF15EFC33E1A
:103A50005E836CBFDA390E3F31DB54BFF304353F70
:103A6000F30435BF31DB543FDA390EBF5E836C3F60
:103A700015EFC3BEBE147B3FC2C547BE0000803FEA
:103A80000000000011FB7F3F900E493C43EC7F3F5C
:103A9000B00AC93C98D37F3F2CC3163D0FB17F3F7E
:103AA0002FFB483DAB847F3F742B7B3D6D4E7F3FAA
:103AB00005A9963D580E7F3F80B6AF3D6DC47E3F51
:103AC00036BDC83DB0707E3F2EBCE13D24137E3F25
:103AD00073B2FA3DCCAB7D3F86CF093EAC3A7D3F19
:103AE0008340163EC9BF7C3FB6AB223E283B7C3F9D
:103AF000A2102F3ECDAC7B3FCF6E3B3EBE147B3F32
:103B0000C2C5473E02737A3F0115543E9DC7793FB7
:103B1000135C603E9812793F7F9A6C3EF853783F71
:103B2000CCCF783EC58B773FC07D823E07BA763FCB
:103B3000938E883EC6DE753F229A8E3E0BFA743F06
:103B400031A0943EDD0B743F86A09A3E4714733F2C
:103B5000E59AA03E5213723F128FA63E0809713FAC
:103B6000D47CAC3E73F56F3FEF63B23E9ED86E3FA0
:103B70002A44B83E93B26D3F4A1DBE3E5E836C3F01
:103B800015EFC33E0C4B6B3F53B9C93EA7096A3FC3
:103B9000CA7BCF3E3CBF683F4136D53ED86B673FBE
:103BA00080E8DA3E880F663F4F92E03E59AA643FB4
:103BB0007533E63E5A3C633FBBCBEB3E98C5613F55
:103BC000EA5AF13E2146603FCBE0F63E05BE5E3F3D
:103BD000275DFC3E532D5D3FE4E7003F1A945B3FB9
:103BE0003D9C033F6AF2593F824B063F5348583F82
:103BF0009BF5083FE595563F6B9A0B3F31DB543FF1
:103C0000DA390E3F4918533FCDD3103F3D4D513F58
:103C10002A68133F1F7A4F3FD9F6153F029F4D3F49
:103C2000C07F183FF8BB4B3FC6021B3F12D1493F34
:103C3000D17F1D3F65DE473FCBF61F3F03E4453F85
:103C40009967223F00E2433F25D2243F70D8413F8D
:103C50005636273F67C73F3F1594293FF9AE3D3F92
:103C60004AEB2B3F3B8F3B3FDE3B2E3F4268393FC9
:103C7000BB85303F233A373FC9C8323FF304353F55
:103C8000F304353FC9C8323F233A373FBB85303F45
:103C90004268393FDE3B2E3F3B8F3B3F4AEB2B3F99
:103CA000F9AE3D3F1594293F67C73F3F5636273F42
:103CB00070D8413F25D2243F00E2433F9967223F1D
:103CC00003E4453FCBF61F3F65DE473FD17F1D3FF5
:103CD00012D1493FC6021B3FF8BB4B3FC07F183F84
:103CE000029F4D3FD9F6153F1F7A4F3F2A68133F79
:103CF0003D4D513FCDD3103F4918533FDA390E3F68
:103D000031DB543F6B9A0B3FE595563F9BF5083FDF
:103D10005348583F824B063F6AF2593F3D9C033F50
:103D20001A945B3FE4E7003F532D5D3F275DFC3E67
:103D300005BE5E3FCBE0F63E2146603FEA5AF13ECB
:103D400098C5613FBBCBEB3E5A3C633F7533E63EC3
:103D500059AA643F4F92E03E880F663F80E8DA3E02
:103D6000D86B673F4136D53E3CBF683FCA7BCF3EEC
:103D7000A7096A3F53B9C93E0C4B6B3F15EFC33ED1
:103D80005E836C3F4A1DBE3E93B26D3F2A44B83EEF
:103D90009ED86E3FEF63B23E73F56F3FD47CAC3E6E
:103DA0000809713F128FA63E5213723FE59AA03E5A
:103DB0004714733F86A09A3EDD0B743F31A0943EBA
:103DC0000BFA743F229A8E3EC6DE753F938E883E74
:103DD00007BA763FC07D823EC58B773FCCCF783E19
:103DE000F853783F7F9A6C3E9812793F135C603E9F
:103DF0009DC7793F0115543E02737A3FC2C5473EC5
:103E0000BE147B3FCF6E3B3ECDAC7B3FA2102F3E1E
:103E1000283B7C3FB6AB223EC9BF7C3F8340163E69
:103E2000AC3A7D3F86CF093ECCAB7D3F73B2FA3DC5
:103E300024137E3F2EBCE13DB0707E3F36BDC83DB1
:103E40006DC47E3F80B6AF3D580E7F3F05A9963DBD
:103E50006D4E7F3F742B7B3DAB847F3F2FFB483DF6
:103E60000FB17F3F2CC3163D98D37F3FB00AC93CAA
:103E700043EC7F3F900E493C11FB7F3F0000000068
:103E80000000803F900E49BC11FB7F3FB00AC9BCC7
:103E900043EC7F3F2CC316BD98D37F3F2FFB48BD1B
:103EA0000FB17F3F742B7BBDAB847F3F05A996BDCF
:103EB0006D4E7F3F80B6AFBD580E7F3F36BDC8BD4B
:103EC0006DC47E3F2EBCE1BDB0707E3F73B2FABDC3
:103ED00024137E3F86CF09BECCAB7D3F834016BE08
:103EE000AC3A7D3FB6AB22BEC9BF7C3FA2102FBE0D
:103EF000283B7C3FCF6E3BBECDAC7B3FC2C547BEAF
:103F0000BE147B3F011554BE02737A3F135C60BE42
:103F10009DC7793F7F9A6CBE9812793FCCCF78BE0F
:103F2000F853783FC07D82BEC58B773F938E88BEA5
:103F300007BA763F229A8EBEC6DE753F31A094BE88
:103F40000BFA743F86A09ABEDD0B743FE59AA0BEC3
:103F50004714733F128FA6BE5213723FD47CACBE7F
:103F60000809713FEF63B2BE73F56F3F2A44B8BED4
:103F70009ED86E3F4A1DBEBE93B26D3F15EFC3BEC5
:103F80005E836C3F53B9C9BE0C4B6B3FCA7BCFBE3F
:103F9000A7096A3F4136D5BE3CBF683F80E8DABE1C
:103FA000D86B673F4F92E0BE880F663F7533E6BE21
:103FB00059AA643FBBCBEBBE5A3C633FEA5AF1BE01
:103FC00098C5613FCBE0F6BE2146603F275DFCBE51
:103FD00005BE5E3FE4E700BF532D5D3F3D9C03BF40
:103FE0001A945B3F824B06BF6AF2593F9BF508BFAC
:103FF0005348583F6B9A0BBFE595563FDA390EBFD1
:1040000031DB543FCDD310BF4918533F2A6813BF4B
:104010003D4D513FD9F615BF1F7A4F3FC07F18BFA6
:10402000029F4D3FC6021BBFF8BB4B3FD17F1DBF58
:1040300012D1493FCBF61FBF65DE473F996722BFCC
:1040400003E4453F25D224BF00E2433F563627BF55
:1040500070D8413F159429BF67C73F3F4AEB2BBF3C
:10406000F9AE3D3FDE3B2EBF3B8F3B3FBB8530BFB4
:104070004268393FC9C832BF233A373FF30435BFDE
:10408000F304353F233A37BFC9C8323F426839BFCE
:10409000BB85303F3B8F3BBFDE3B2E3FF9AE3DBF84
:1040A0004AEB2B3F67C73FBF1594293F70D841BFEC
:1040B0005636273F00E243BF25D2243F03E445BFE5
:1040C0009967223F65DE47BFCBF61F3F12D149BF3C
:1040D000D17F1D3FF8BB4BBFC6021B3F029F4DBFA8
:1040E000C07F183F1F7A4FBFD9F6153F3D4D51BFD6
:1040F0002A68133F491853BFCDD3103F31DB54BF5B
:10410000DA390E3FE59556BF6B9A0B3F534858BFBF
:104110009BF5083F6AF259BF824B063F1A945BBF7A
:104120003D9C033F532D5DBFE4E7003F05BE5EBFEE
:10413000275DFC3E214660BFCBE0F63E98C561BFDF
:10414000EA5AF13E5A3C63BFBBCBEB3E59AA64BF6F
:104150007533E63E880F66BF4F92E03ED86B67BF6F
:1041600080E8DA3E3CBF68BF4136D53EA7096ABF4A
:10417000CA7BCF3E0C4B6BBF53B9C93E5E836CBF4D
:1041800015EFC33E93B26DBF4A1DBE3E9ED86EBFB3
:104190002A44B83E73F56FBFEF63B23E080971BFA2
:1041A000D47CAC3E521372BF128FA63E471473BF2D
:1041B000E59AA03EDD0B74BF86A09A3E0BFA74BF51
:1041C00031A0943EC6DE75BF229A8E3E07BA76BFF6
:1041D000938E883EC58B77BFC07D823EF85378BFF3
:1041E000CCCF783E981279BF7F9A6C3E9DC779BF3D
:1041F000135C603E02737ABF0115543EBE147BBF50
:10420000C2C5473ECDAC7BBFCF6E3B3E283B7CBF9B
:10421000A2102F3EC9BF7CBFB6AB223EAC3A7DBFD9
:104220008340163ECCAB7DBF86CF093E24137EBFB4
:1042300073B2FA3DB0707EBF2EBCE13D6DC47EBF4F
:1042400036BDC83D580E7FBF80B6AF3D6D4E7FBFB7
:1042500005A9963DAB847FBF742B7B3D0FB17FBF1B
:104260002FFB483D98D37FBF2CC3163D43EC7FBF47
:10427000B00AC93C11FB7FBF900E493C000080BFD3
:104280000000000011FB7FBF900E49BC43EC7FBFD4
:10429000B00AC9BC98D37FBF2CC316BD0FB17FBF76
:1042A0002FFB48BDAB847FBF742B7BBD6D4E7FBFA2
:1042B00005A996BD580E7FBF80B6AFBD6DC47EBF49
:1042C00036BDC8BDB0707EBF2EBCE1BD24137EBF1D
:1042D00073B2FABDCCAB7DBF86CF09BEAC3A7DBF11
:1042E000834016BEC9BF7CBFB6AB22BE283B7CBF95
:1042F000A2102FBECDAC7BBFCF6E3BBEBE147BBF2A
:10430000C2C547BE02737ABF011554BE9DC779BFAF
:10431000135C60BE981279BF7F9A6CBEF85378BF69
:10432000CCCF78BEC58B77BFC07D82BE07BA76BFC3
:10433000938E88BEC6DE75BF229A8EBE0BFA74BFFE
:1043400031A094BEDD0B74BF86A09ABE471473BF24
:10435000E59AA0BE521372BF128FA6BE080971BFA4
:10436000D47CACBE73F56FBFEF63B2BE9ED86EBF98
:104370002A44B8BE93B26DBF4A1DBEBE5E836CBFF9
:1043800015EFC3BE0C4B6BBF53B9C9BEA7096ABFBB
:10439000CA7BCFBE3CBF68BF4136D5BED86B67BFB6
:1043A00080E8DABE880F66BF4F92E0BE59AA64BFAC
:1043B0007533E6BE5A3C63BFBBCBEBBE98C561BF4D
:1043C000EA5AF1BE214660BFCBE0F6BE05BE5EBF35
:1043D000275DFCBE532D5DBFE4E700BF1A945BBFB1
:1043E0003D9C03BF6AF259BF824B06BF534858BF7A
:1043F0009BF508BFE59556BF6B9A0BBF31DB54BFE9
:10440000DA390EBF491853BFCDD310BF3D4D51BF50
:104410002A6813BF1F7A4FBFD9F615BF029F4DBF41
:10442000C07F18BFF8BB4BBFC6021BBF12D149BF2C
:10443000D17F1DBF65DE47BFCBF61FBF03E445BF7D
:10444000996722BF00E243BF25D224BF70D841BF85
:10445000563627BF67C73FBF159429BFF9AE3DBF8A
:104460004AEB2BBF3B8F3BBFDE3B2EBF426839BFC1
:10447000BB8530BF233A37BFC9C832BFF30435BF4D
:10448000F30435BFC9C832BF233A37BFBB8530BF3D
:10449000426839BFDE3B2EBF3B8F3BBF4AEB2BBF91
:1044A000F9AE3DBF159429BF67C73FBF563627BF3A
:1044B00070D841BF25D224BF00E243BF996722BF15
:1044C00003E445BFCBF61FBF65DE47BFD17F1DBFED
:1044D00012D149BFC6021BBFF8BB4BBFC07F18BF7C
:1044E000029F4DBFD9F615BF1F7A4FBF2A6813BF71
:1044F0003D4D51BFCDD310BF491853BFDA390EBF60
:1045000031DB54BF6B9A0BBFE59556BF9BF508BFD7
:10451000534858BF824B06BF6AF259BF3D9C03BF48
:104520001A945BBFE4E700BF532D5DBF275DFCBE5F
:1045300005BE5EBFCBE0F6BE214660BFEA5AF1BEC3
:1045400098C561BFBBCBEBBE5A3C63BF7533E6BEBB
:1045500059AA64BF4F92E0BE880F66BF80E8DABEFA
:10456000D86B67BF4136D5BE3CBF68BFCA7BCFBEE4
:10457000A7096ABF53B9C9BE0C4B6BBF15EFC3BEC9
:104580005E836CBF4A1DBEBE93B26DBF2A44B8BEE7
:104590009ED86EBFEF63B2BE73F56FBFD47CACBE66
:1045A000080971BF128FA6BE521372BFE59AA0BE52
:1045B000471473BF86A09ABEDD0B74BF31A094BEB2
:1045C0000BFA74BF229A8EBEC6DE75BF938E88BE6C
:1045D00007BA76BFC07D82BEC58B77BFCCCF78BE11
:1045E000F85378BF7F9A6CBE981279BF135C60BE97
:1045F0009DC779BF011554BE02737ABFC2C547BEBD
:10460000BE147BBFCF6E3BBECDAC7BBFA2102FBE16
:10461000283B7CBFB6AB22BEC9BF7CBF834016BE61
:10462000AC3A7DBF86CF09BECCAB7DBF73B2FABDBD
:1046300024137EBF2EBCE1BDB0707EBF36BDC8BDA9
:104640006DC47EBF80B6AFBD580E7FBF05A996BDB5
:104650006D4E7FBF742B7BBDAB847FBF2FFB48BDEE
:104660000FB17FBF2CC316BD98D37FBFB00AC9BCA2
:1046700043EC7FBF900E49BC11FB7FBF0000008060
:10468000000080BF900E493C11FB7FBFB00AC93CBF
:1046900043EC7FBF2CC3163D98D37FBF2FFB483D13
:1046A0000FB17FBF742B7B3DAB847FBF05A9963DC7
:1046B0006D4E7FBF80B6AF3D580E7FBF36BDC83D43
:1046C0006DC47EBF2EBCE13DB0707EBF73B2FA3DBB
:1046D00024137EBF86CF093ECCAB7DBF8340163E00
:1046E000AC3A7DBFB6AB223EC9BF7CBFA2102F3E05
:1046F000283B7CBFCF6E3B3ECDAC7BBFC2C5473EA7
:10470000BE147BBF0115543E02737ABF135C603E3A
:104710009DC779BF7F9A6C3E981279BFCCCF783E07
:10472000F85378BFC07D823EC58B77BF938E883E9D
:1047300007BA76BF229A8E3EC6DE75BF31A0943E80
:104740000BFA74BF86A09A3EDD0B74BFE59AA03EBB
:10475000471473BF128FA63E521372BFD47CAC3E77
:10476000080971BFEF63B23E73F56FBF2A44B83ECC
:104770009ED86EBF4A1DBE3E93B26DBF15EFC33EBD
:104780005E836CBF53B9C93E0C4B6BBFCA7BCF3E37
:10479000A7096ABF4136D53E3CBF68BF80E8DA3E14
:1047A000D86B67BF4F92E03E880F66BF7533E63E19
:1047B00059AA64BFBBCBEB3E5A3C63BFEA5AF13EF9
:1047C00098C561BFCBE0F63E214660BF275DFC3E49
:1047D00005BE5EBFE4E7003F532D5DBF3D9C033F38
:1047E0001A945BBF824B063F6AF259BF9BF5083FA4
:1047F000534858BF6B9A0B3FE59556BFDA390E3FC9
:1048000031DB54BFCDD3103F491853BF2A68133F43
:104810003D4D51BFD9F6153F1F7A4FBFC07F183F9E
:10482000029F4DBFC6021B3FF8BB4BBFD17F1D3F50
:1048300012D149BFCBF61F3F65DE47BF9967223FC4
:1048400003E445BF25D2243F00E243BF5636273F4D
:1048500070D841BF1594293F67C73FBF4AEB2B3F34
:10486000F9AE3DBFDE3B2E3F3B8F3BBFBB85303FAC
:10487000426839BFC9C8323F233A37BFF304353FD6
:10488000F30435BF233A373FC9C832BF4268393FC6
:10489000BB8530BF3B8F3B3FDE3B2EBFF9AE3D3F7C
:1048A0004AEB2BBF67C73F3F159429BF70D8413FE4
:1048B000563627BF00E2433F25D224BF03E4453FDD
:1048C000996722BF65DE473FCBF61FBF12D1493F34
:1048D000D17F1DBFF8BB4B3FC6021BBF029F4D3FA0
:1048E000C07F18BF1F7A4F3FD9F615BF3D4D513FCE
:1048F0002A6813BF4918533FCDD310BF31DB543F53
:10490000DA390EBFE595563F6B9A0BBF5348583FB7
:104910009BF508BF6AF2593F824B06BF1A945B3F72
:104920003D9C03BF532D5D3FE4E700BF05BE5E3FE6
:10493000275DFCBE2146603FCBE0F6BE98C5613FD7
:10494000EA5AF1BE5A3C633FBBCBEBBE59AA643F67
:104950007533E6BE880F663F4F92E0BED86B673F67
:1049600080E8DABE3CBF683F4136D5BEA7096A3F42
:10497000CA7BCFBE0C4B6B3F53B9C9BE5E836C3F45
:1049800015EFC3BE93B26D3F4A1DBEBE9ED86E3FAB
:104990002A44B8BE73F56F3FEF63B2BE0809713F9A
:1049A000D47CACBE5213723F128FA6BE4714733F25
:1049B000E59AA0BEDD0B743F86A09ABE0BFA743F49
:1049C00031A094BEC6DE753F229A8EBE07BA763FEE
:1049D000938E88BEC58B773FC07D82BEF853783FEB
:1049E000CCCF78BE9812793F7F9A6CBE9DC7793F35
:1049F000135C60BE02737A3F011554BEBE147B3F48
:104A0000C2C547BECDAC7B3FCF6E3BBE283B7C3F93
:104A1000A2102FBEC9BF7C3FB6AB22BEAC3A7D3FD1
:104A2000834016BECCAB7D3F86CF09BE24137E3FAC
:104A300073B2FABDB0707E3F2EBCE1BD6DC47E3F47
:104A400036BDC8BD580E7F3F80B6AFBD6D4E7F3FAF
:104A500005A996BDAB847F3F742B7BBD0FB17F3F13
:104A60002FFB48BD98D37F3F2CC316BD43EC7F3F3F
:104A7000B00AC9BC11FB7F3F900E49BC0000803FCB
:104A8000000000006DC47E3F36BDC83DBE147B3FB4
:104A9000C2C5473E0BFA743F31A0943E5E836C3F23
:104AA00015EFC33E98C5613FEA5AF13E31DB543FF2
:104AB000DA390E3F03E4453F9967223FF304353F5F
:104AC000F304353F9967223F03E4453FDA390E3F4F
:104AD00031DB543FEA5AF13E98C5613F15EFC33EC2
:104AE0005E836C3F31A0943E0BFA743FC2C5473ED3
:104AF000BE147B3F36BDC83D6DC47E3F0000000044
:104B00000000803F36BDC8BD6DC47E3FC2C547BEF4
:104B1000BE147B3F31A094BE0BFA743F15EFC3BEA9
:104B20005E836C3FEA5AF1BE98C5613FDA390EBF29
:104B300031DB543F996722BF03E4453FF30435BF9F
:104B4000F304353F03E445BF9967223F31DB54BF8F
:104B5000DA390E3F98C561BFEA5AF13E5E836CBFF9
:104B600015EFC33E0BFA74BF31A0943EBE147BBF59
:104B7000C2C5473E6DC47EBF36BDC83D000080BF84
:104B8000000000006DC47EBF36BDC8BDBE147BBF33
:104B9000C2C547BE0BFA74BF31A094BE5E836CBF22
:104BA00015EFC3BE98C561BFEA5AF1BE31DB54BFF1
:104BB000DA390EBF03E445BF996722BFF30435BF5E
:104BC000F30435BF996722BF03E445BFDA390EBF4E
:104BD00031DB54BFEA5AF1BE98C561BF15EFC3BEC1
:104BE0005E836CBF31A094BE0BFA74BFC2C547BED2
:104BF000BE147BBF36BDC8BD6DC47EBF0000008043
:104C0000000080BF36BDC83D6DC47EBFC2C5473EF3
:104C1000BE147BBF31A0943E0BFA74BF15EFC33EA8
:104C20005E836CBFEA5AF13E98C561BFDA390E3F28
:104C300031DB54BF9967223F03E445BFF304353F9E
:104C4000F30435BF03E4453F996722BF31DB543F8E
:104C5000DA390EBF98C5613FEA5AF1BE5E836C3FF8
:104C600015EFC3BE0BFA743F31A094BEBE147B3F58
:104C7000C2C547BE6DC47E3F36BDC8BD0000000042
:104C80000000803F890FC93BC4FE7F3F900E493C26
:104C900011FB7F3FB6C9963CE6F47F3FB00AC93CA2
:104CA00043EC7F3FB949FB3C29E17F3F2CC3163DD4
:104CB00098D37F3F07E02F3D8FC37F3F2FFB483DB9
:104CC0000FB17F3F6814623D189C7F3F742B7B3D82
:104CD000AB847F3F0A208A3DC76A7F3F05A9963D86
:104CE0006D4E7F3F8C30A33D9D2F7F3F80B6AF3D03
:104CF000580E7F3FC33ABC3D9DEA7E3F36BDC83D5E
:104D00006DC47E3FB93DD53DC99B7E3F2EBCE13D84
:104D1000B0707E3F7638EE3D23437E3F73B2FA3D5E
:104D200024137E3F0295033EB1E07D3F86CF093ECE
:104D3000CCAB7D3FB708103E74747D3F8340163E78
:104D4000AC3A7D3FDE761C3E73FE7C3FB6AB223E26
:104D5000C9BF7C3FFCDE283EB07E7C3FA2102F3EC8
:104D6000283B7C3F9840353E31F57B3FCF6E3B3E44
:104D7000CDAC7B3F379B413EFC617B3FC2C5473E8C
:104D8000BE147B3F60EE4D3E16C57A3F0115543E82
:104D900002737A3F97395A3E841E7A3F135C603E15
:104DA0009DC7793F667C663E4E6E793F7F9A6C3E2A
:104DB0009812793F51B6723E7BB4783FCCCF783EA3
:104DC000F853783FE1E67E3E10F1773FC07D823EAA
:104DD000C58B773FCE86853E1724773F938E883EDE
:104DE00007BA763F07958B3E974D763F229A8E3EC7
:104DF000C6DE753FDD9D913E976D753F31A0943EB7
:104E00000BFA743F17A1973E2284743F86A09A3E06
:104E1000DD0B743F789E9D3E3F91733FE59AA03E27
:104E20004714733FC595A33EF894723F128FA63E78
:104E30005213723FC486A93E578F713FD47CAC3E5B
:104E40000809713F3A71AF3E6680703FEF63B23E32
:104E500073F56F3FEC54B53E30686F3F2A44B83E5F
:104E60009ED86E3FA031BB3EBE466E3F4A1DBE3E41
:104E700093B26D3F1E07C13E1D1C6D3F15EFC33E33
:104E80005E836C3F29D5C63E58E86B3F53B9C93E97
:104E90000C4B6B3F8B9BCC3E7BAB6A3FCA7BCF3EC0
:104EA000A7096A3F095AD23E9165693F4136D53E0E
:104EB0003CBF683F6B10D83EA816683F80E8DA3EDA
:104EC000D86B673F79BEDD3ECCBE663F4F92E03E79
:104ED000880F663FFA63E33E0B5E653F7533E63E3F
:104EE00059AA643FB700E93E73F4633FBBCBEB3E86
:104EF0005A3C633F7994EE3E1082623FEA5AF13E9B
:104F000098C5613F071FF43EF206613FCBE0F63ED5
:104F10002146603F2DA0F93E27835F3F275DFC3E81
:104F200005BE5E3FB217FF3EBEF65D3FE4E7003FC1
:104F3000532D5D3FB142023FC7615C3F3D9C033F43
:104F40001A945B3F84F4043F50C45A3F824B063F9F
:104F50006AF2593F36A1073F6A1E593F9BF5083F49
:104F60005348583FAD480A3F2670573F6B9A0B3F56
:104F7000E595563FD0EA0C3F93B9553FDA390E3FDD
:104F800031DB543F84870F3FC3FA533FCDD3103FEB
:104F90004918533FB01E123FC633523F2A68133F91
:104FA0003D4D513F39B0143FAF64503FD9F6153FE6
:104FB0001F7A4F3F073C173F908D4E3FC07F183FF1
:104FC000029F4D3F00C2193F79AE4C3FC6021B3FC6
:104FD000F8BB4B3F0C421C3F7FC74A3FD17F1D3F70
:104FE00012D1493F12BC1E3FB3D8483FCBF61F3FFA
:104FF00065DE473FF92F213F2AE2463F9967223F6E
:1050000003E4453FA99D233FF5E3443F25D2243FD8
:1050100000E2433F0A05263F29DE423F5636273F3E
:1050200070D8413F0566283FDAD0403F1594293FAC
:1050300067C73F3F82C02A3F1BBC3E3F4AEB2B3F26
:10504000F9AE3D3F69142D3F03A03C3FDE3B2E3FB0
:105050003B8F3B3FA5612F3FA47C3A3FBB85303F50
:105060004268393F1DA8313F1652383FC9C8323F08
:10507000233A373FBCE7333F6C20363FF304353FDC
:10508000F304353F6C20363FBCE7333F233A373FCC
:10509000C9C8323F1652383F1DA8313F4268393FD8
:1050A000BB85303FA47C3A3FA5612F3F3B8F3B3F00
:1050B000DE3B2E3F03A03C3F69142D3FF9AE3D3F40
:1050C0004AEB2B3F1BBC3E3F82C02A3F67C73F3F96
:1050D0001594293FDAD0403F0566283F70D8413FFC
:1050E0005636273F29DE423F0A05263F00E2433F6E
:1050F00025D2243FF5E3443FA99D233F03E4453FE8
:105100009967223F2AE2463FF92F213F65DE473F5C
:10511000CBF61F3FB3D8483F12BC1E3F12D1493FC8
:10512000D17F1D3F7FC74A3F0C421C3FF8BB4B3F1E
:10513000C6021B3F79AE4C3F00C2193F029F4D3F54
:10514000C07F183F908D4E3F073C173F1F7A4F3F5F
:10515000D9F6153FAF64503F39B0143F3D4D513F34
:105160002A68133FC633523FB01E123F4918533FBF
:10517000CDD3103FC3FA533F84870F3F31DB543FF9
:10518000DA390E3F93B9553FD0EA0C3FE595563FCB
:105190006B9A0B3F2670573FAD480A3F5348583F24
:1051A0009BF5083F6A1E593F36A1073F6AF2593FF7
:1051B000824B063F50C45A3F84F4043F1A945B3F2D
:1051C0003D9C033FC7615C3FB142023F532D5D3FB1
:1051D000E4E7003FBEF65D3FB217FF3E05BE5E3F0F
:1051E000275DFC3E27835F3F2DA0F93E2146603FAF
:1051F000CBE0F63EF206613F071FF43E98C5613FE3
:10520000EA5AF13E1082623F7994EE3E5A3C633F87
:10521000BBCBEB3E73F4633FB700E93E59AA643F52
:105220007533E63E0B5E653FFA63E33E880F663FEB
:105230004F92E03ECCBE663F79BEDD3ED86B673F05
:1052400080E8DA3EA816683F6B10D83E3CBF683F46
:105250004136D53E9165693F095AD23EA7096A3F5A
:10526000CA7BCF3E7BAB6A3F8B9BCC3E0C4B6B3FEC
:1052700053B9C93E58E86B3F29D5C63E5E836C3FA3
:1052800015EFC33E1D1C6D3F1E07C13E93B26D3F1F
:105290004A1DBE3EBE466E3FA031BB3E9ED86E3F0D
:1052A0002A44B83E30686F3FEC54B53E73F56F3F0B
:1052B000EF63B23E6680703F3A71AF3E0809713FBE
:1052C000D47CAC3E578F713FC486A93E5213723FC7
:1052D000128FA63EF894723FC595A33E4714733FC4
:1052E000E59AA03E3F91733F789E9D3EDD0B743F53
:1052F00086A09A3E2284743F17A1973E0BFA743F12
:1053000031A0943E976D753FDD9D913EC6DE753FA1
:10531000229A8E3E974D763F07958B3E07BA763F91
:10532000938E883E1724773FCE86853EC58B773F88
:10533000C07D823E10F1773FE1E67E3EF853783F34
:10534000CCCF783E7BB4783F51B6723E9812793F0D
:105350007F9A6C3E4E6E793F667C663E9DC7793F74
:10536000135C603E841E7A3F97395A3E02737A3F3F
:105370000115543E16C57A3F60EE4D3EBE147B3F8C
:10538000C2C5473EFC617B3F379B413ECDAC7B3F76
:10539000CF6E3B3E31F57B3F9840353E283B7C3F0E
:1053A000A2102F3EB07E7C3FFCDE283EC9BF7C3F72
:1053B000B6AB223E73FE7C3FDE761C3EAC3A7D3FB0
:1053C0008340163E74747D3FB708103ECCAB7D3FE2
:1053D00086CF093EB1E07D3F0295033E24137E3F18
:1053E00073B2FA3D23437E3F7638EE3DB0707E3F88
:1053F0002EBCE13DC99B7E3FB93DD53D6DC47E3F8E
:1054000036BDC83D9DEA7E3FC33ABC3D580E7F3F46
:1054100080B6AF3D9D2F7F3F8C30A33D6D4E7F3FCB
:1054200005A9963DC76A7F3F0A208A3DAB847F3F2E
:10543000742B7B3D189C7F3F6814623D0FB17F3F0A
:105440002FFB483D8FC37F3F07E02F3D98D37F3F21
:105450002CC3163D29E17F3FB949FB3C43EC7F3F1C
:10546000B00AC93CE6F47F3FB6C9963C11FB7F3FCA
:10547000900E493CC4FE7F3F890FC93B0000803F2E
:1054800000000000C4FE7F3F890FC9BB11FB7F3FB6
:10549000900E49BCE6F47F3FB6C996BC43EC7F3F13
:1054A000B00AC9BC29E17F3FB949FBBC98D37F3F13
:1054B0002CC316BD8FC37F3F07E02FBD0FB17F3FC9
:1054C0002FFB48BD189C7F3F681462BDAB847F3FB3
:1054D000742B7BBDC76A7F3F0A208ABD6D4E7F3F1C
:1054E00005A996BD9D2F7F3F8C30A3BD580E7F3FF1
:1054F00080B6AFBD9DEA7E3FC33ABCBD6DC47E3F62
:1055000036BDC8BDC99B7E3FB93DD5BDB0707E3F9D
:105510002EBCE1BD23437E3F7638EEBD24137E3F93
:1055200073B2FABDB1E07D3F029503BECCAB7D3FC7
:1055300086CF09BE74747D3FB70810BEAC3A7D3F7C
:10554000834016BE73FE7C3FDE761CBEC9BF7C3F27
:10555000B6AB22BEB07E7C3FFCDE28BE283B7C3F43
:10556000A2102FBE31F57B3F984035BECDAC7B3FBE
:10557000CF6E3BBEFC617B3F379B41BEBE147B3F81
:10558000C2C547BE16C57A3F60EE4DBE02737A3F74
:10559000011554BE841E7A3F97395ABE9DC7793F84
:1055A000135C60BE4E6E793F667C66BE9812793F92
:1055B0007F9A6CBE7BB4783F51B672BEF853783F89
:1055C000CCCF78BE10F1773FE1E67EBEC58B773F4A
:1055D000C07D82BE1724773FCE8685BE07BA763F50
:1055E000938E88BE974D763F07958BBEC6DE753F7E
:1055F000229A8EBE976D753FDD9D91BE0BFA743F6A
:1056000031A094BE2284743F17A197BEDD0B743F76
:1056100086A09ABE3F91733F789E9DBE4714733F0C
:10562000E59AA0BEF894723FC595A3BE5213723F8F
:10563000128FA6BE578F713FC486A9BE0809713F5D
:10564000D47CACBE6680703F3A71AFBE73F56F3FDD
:10565000EF63B2BE30686F3FEC54B5BE9ED86E3F6C
:105660002A44B8BEBE466E3FA031BBBE93B26D3F6A
:105670004A1DBEBE1D1C6D3F1E07C1BE5E836C3F32
:1056800015EFC3BE58E86B3F29D5C6BE0C4B6B3F28
:1056900053B9C9BE7BAB6A3F8B9BCCBEA7096A3F9F
:1056A000CA7BCFBE9165693F095AD2BE3CBF683FF5
:1056B0004136D5BEA816683F6B10D8BED86B673F81
:1056C00080E8DABECCBE663F79BEDDBE880F663F9D
:1056D0004F92E0BE0B5E653FFA63E3BE59AA643F9A
:1056E0007533E6BE73F4633FB700E9BE5A3C633FCF
:1056F000BBCBEBBE1082623F7994EEBE98C5613F92
:10570000EA5AF1BEF206613F071FF4BE2146603F30
:10571000CBE0F6BE27835F3F2DA0F9BE05BE5E3FFE
:10572000275DFCBEBEF65D3FB217FFBE532D5D3F49
:10573000E4E700BFC7615C3FB14202BF1A945B3F20
:105740003D9C03BF50C45A3F84F404BF6AF2593FE2
:10575000824B06BF6A1E593F36A107BF5348583FC8
:105760009BF508BF2670573FAD480ABFE595563FE9
:105770006B9A0BBF93B9553FD0EA0CBF31DB543F56
:10578000DA390EBFC3FA533F84870FBF4918533F1E
:10579000CDD310BFC633523FB01E12BF3D4D513F57
:1057A0002A6813BFAF64503F39B014BF1F7A4F3F10
:1057B000D9F615BF908D4E3F073C17BF029F4D3F56
:1057C000C07F18BF79AE4C3F00C219BFF8BB4B3F3A
:1057D000C6021BBF7FC74A3F0C421CBF12D1493FC4
:1057E000D17F1DBFB3D8483F12BC1EBF65DE473F07
:1057F000CBF61FBF2AE2463FF92F21BF03E4453F06
:10580000996722BFF5E3443FA99D23BF00E2433FD0
:1058100025D224BF29DE423F0A0526BF70D8413F6A
:10582000563627BFDAD0403F056628BF67C73F3FDF
:10583000159429BF1BBC3E3F82C02ABFF9AE3D3F35
:105840004AEB2BBF03A03C3F69142DBF3B8F3B3F6E
:10585000DE3B2EBFA47C3A3FA5612FBF4268393F93
:10586000BB8530BF1652383F1DA831BF233A373FA2
:10587000C9C832BF6C20363FBCE733BFF304353FA5
:10588000F30435BFBCE7333F6C2036BFC9C8323F95
:10589000233A37BF1DA8313F165238BFBB85303F72
:1058A000426839BFA5612F3FA47C3ABFDE3B2E3F43
:1058B0003B8F3BBF69142D3F03A03CBF4AEB2B3FFE
:1058C000F9AE3DBF82C02A3F1BBC3EBF1594293FA5
:1058D00067C73FBF0566283FDAD040BF5636273F2F
:1058E00070D841BF0A05263F29DE42BF25D2243F9A
:1058F00000E243BFA99D233FF5E344BF9967223FE0
:1059000003E445BFF92F213F2AE246BFCBF61F3FF4
:1059100065DE47BF12BC1E3FB3D848BFD17F1D3FD5
:1059200012D149BF0C421C3F7FC74ABFC6021B3F72
:10593000F8BB4BBF00C2193F79AE4CBFC07F183FC8
:10594000029F4DBF073C173F908D4EBFD9F6153FC4
:105950001F7A4FBF39B0143FAF6450BF2A68133F5E
:105960003D4D51BFB01E123FC63352BFCDD3103F85
:10597000491853BF84870F3FC3FA53BFDA390E3F2C
:1059800031DB54BFD0EA0C3F93B955BF6B9A0B3F44
:10599000E59556BFAD480A3F267057BF9BF5083FB7
:1059A000534858BF36A1073F6A1E59BF824B063F76
:1059B0006AF259BF84F4043F50C45ABF3D9C033F70
:1059C0001A945BBFB142023FC7615CBFE4E7003F8E
:1059D000532D5DBFB217FF3EBEF65DBF275DFC3E97
:1059E00005BE5EBF2DA0F93E27835FBFCBE0F63E2C
:1059F000214660BF071FF43EF20661BFEA5AF13E3E
:105A000098C561BF7994EE3E108262BFBBCBEB3E7E
:105A10005A3C63BFB700E93E73F463BF7533E63E9B
:105A200059AA64BFFA63E33E0B5E65BF4F92E03E46
:105A3000880F66BF79BEDD3ECCBE66BF80E8DA3E29
:105A4000D86B67BF6B10D83EA81668BF4136D53EED
:105A50003CBF68BF095AD23E916569BFCA7BCF3E41
:105A6000A7096ABF8B9BCC3E7BAB6ABF53B9C93ECB
:105A70000C4B6BBF29D5C63E58E86BBF15EFC33E34
:105A80005E836CBF1E07C13E1D1C6DBF4A1DBE3E1E
:105A900093B26DBFA031BB3EBE466EBF2A44B83E36
:105AA0009ED86EBFEC54B53E30686FBFEF63B23E18
:105AB00073F56FBF3A71AF3E668070BFD47CAC3E69
:105AC000080971BFC486A93E578F71BF128FA63EC9
:105AD000521372BFC595A33EF89472BFE59AA03EDB
:105AE000471473BF789E9D3E3F9173BF86A09A3E38
:105AF000DD0B74BF17A1973E228474BF31A0943E82
:105B00000BFA74BFDD9D913E976D75BF229A8E3E54
:105B1000C6DE75BF07958B3E974D76BF938E883E48
:105B200007BA76BFCE86853E172477BFC07D823EFA
:105B3000C58B77BFE1E67E3E10F177BFCCCF783ED4
:105B4000F85378BF51B6723E7BB478BF7F9A6C3EF3
:105B5000981279BF667C663E4E6E79BF135C603EDC
:105B60009DC779BF97395A3E841E7ABF0115543EAE
:105B700002737ABF60EE4D3E16C57ABFC2C5473E7E
:105B8000BE147BBF379B413EFC617BBFCF6E3B3E6B
:105B9000CDAC7BBF9840353E31F57BBFA2102F3E88
:105BA000283B7CBFFCDE283EB07E7CBFB6AB223EED
:105BB000C9BF7CBFDE761C3E73FE7CBF8340163EB1
:105BC000AC3A7DBFB708103E74747DBF86CF093EE6
:105BD000CCAB7DBF0295033EB1E07DBF73B2FA3D11
:105BE00024137EBF7638EE3D23437EBF2EBCE13DBD
:105BF000B0707EBFB93DD53DC99B7EBF36BDC83DA7
:105C00006DC47EBFC33ABC3D9DEA7EBF80B6AF3D4A
:105C1000580E7FBF8C30A33D9D2F7FBF05A9963DB9
:105C20006D4E7FBF0A208A3DC76A7FBF742B7B3DC4
:105C3000AB847FBF6814623D189C7FBF2FFB483D3B
:105C40000FB17FBF07E02F3D8FC37FBF2CC3163D31
:105C500098D37FBFB949FB3C29E17FBFB00AC93C5B
:105C600043EC7FBFB6C9963CE6F47FBF900E493C3B
:105C700011FB7FBF890FC93BC4FE7FBF000000003E
:105C80000000803F2FFB483D0FB17F3F36BDC83D30
:105C90006DC47E3F8340163EAC3A7D3FC2C5473E51
:105CA000BE147B3FCCCF783EF853783F31A0943E72
:105CB0000BFA743FD47CAC3E0809713F15EFC33E2C
:105CC0005E836C3F80E8DA3ED86B673FEA5AF13E6C
:105CD00098C5613F3D9C033F1A945B3FDA390E3F04
:105CE00031DB543FC07F183F029F4D3F9967223FF1
:105CF00003E4453F4AEB2B3FF9AE3D3FF304353F0C
:105D0000F304353FF9AE3D3F4AEB2B3F03E4453FFB
:105D10009967223F029F4D3FC07F183F31DB543FC0
:105D2000DA390E3F1A945B3F3D9C033F98C5613FB3
:105D3000EA5AF13ED86B673F80E8DA3E5E836C3FFB
:105D400015EFC33E0809713FD47CAC3E0BFA743F9B
:105D500031A0943EF853783FCCCF783EBE147B3FC1
:105D6000C2C5473EAC3A7D3F8340163E6DC47E3F80
:105D700036BDC83D0FB17F3F2FFB483D0000803F3F
:105D8000000000000FB17F3F2FFB48BD6DC47E3F78
:105D900036BDC8BDAC3A7D3F834016BEBE147B3FC6
:105DA000C2C547BEF853783FCCCF78BE0BFA743FDC
:105DB00031A094BE0809713FD47CACBE5E836C3FB9
:105DC00015EFC3BED86B673F80E8DABE98C5613F68
:105DD000EA5AF1BE1A945B3F3D9C03BF31DB543F4E
:105DE000DA390EBF029F4D3FC07F18BF03E4453F25
:105DF000996722BFF9AE3D3F4AEB2BBFF304353F15
:105E0000F30435BF4AEB2B3FF9AE3DBF9967223F04
:105E100003E445BFC07F183F029F4DBFDA390E3FF4
:105E200031DB54BF3D9C033F1A945BBFEA5AF13EFD
:105E300098C561BF80E8DA3ED86B67BF15EFC33EF7
:105E40005E836CBFD47CAC3E080971BF31A0943E28
:105E50000BFA74BFCCCF783EF85378BFC2C5473E2B
:105E6000BE147BBF8340163EAC3A7DBF36BDC83DF5
:105E70006DC47EBF2FFB483D0FB17FBF0000000007
:105E80000000803FC70F493BB1FF7F3F890FC93BEF
:105E9000C4FE7F3F59CB163C39FD7F3F900E493CF5
:105EA00011FB7F3F4B517B3C4AF87F3FB6C9963C84
:105EB000E6F47F3F69EAAF3CE3F07F3FB00AC93CBC
:105EC00043EC7F3F7B2AE23C05E77F3FB949FB3C3F
:105ED00029E17F3F2F340A3DAFDA7F3F2CC3163DC7
:105EE00098D37F3FCC51233DE2CB7F3F07E02F3D4E
:105EF0008FC37F3FD56D3C3D9EBA7F3F2FFB483D12
:105F00000FB17F3F0E88553DE3A67F3F6814623D89
:105F1000189C7F3F38A06E3DB1907F3F742B7B3D36
:105F2000AB847F3F0ADB833D08787F3F0A208A3DB0
:105F3000C76A7F3FB464903DE95C7F3F05A9963D09
:105F40006D4E7F3FF9EC9C3D543F7F3F8C30A33D2D
:105F50009D2F7F3FBA73A93D491F7F3F80B6AF3D5C
:105F6000580E7F3FDAF8B53DC9FC7E3FC33ABC3DD1
:105F70009DEA7E3F397CC23DD4D77E3F36BDC83DC9
:105F80006DC47E3FB7FDCE3D69B07E3FB93DD53D86
:105F9000C99B7E3F377DDB3D8B867E3F2EBCE13D3E
:105FA000B0707E3F9AFAE73D385A7E3F7638EE3D34
:105FB00023437E3FC075F43D722B7E3F73B2FA3DA2
:105FC00024137E3F4577003E38FA7D3F0295033E1D
:105FD000B1E07D3F6EB2063E8CC67D3F86CF093E66
:105FE000CCAB7D3F4AEC0C3E6E907D3FB708103E37
:105FF00074747D3FCA24133EDE577D3F8340163EB6
:10600000AC3A7D3FE05B193EDD1C7D3FDE761C3EF9
:1060100073FE7C3F7B911F3E6CDF7C3FB6AB223E24
:10602000C9BF7C3F8CC5253E8A9F7C3FFCDE283E55
:10603000B07E7C3F04F82B3E3A5D7C3FA2102F3EA1
:10604000283B7C3FD428323E7A187C3F9840353E2E
:1060500031F57B3FEC57383E4DD17B3FCF6E3B3E19
:10606000CDAC7B3F3E853E3EB2877B3F379B413E7A
:10607000FC617B3FB9B0443EAB3B7B3FC2C5473E72
:10608000BE147B3F4FDA4A3E37ED7A3F60EE4D3E1D
:1060900016C57A3FF101513E599C7A3F0115543E95
:1060A00002737A3F8F27573E10497A3F97395A3EFD
:1060B000841E7A3F1A4B5D3E5EF3793F135C603E6F
:1060C0009DC7793F836C633E439B793F667C663E08
:1060D0004E6E793FBA8B693EC040793F7F9A6C3EE5
:1060E0009812793FB2A86F3ED6E3783F51B6723E20
:1060F0007BB4783F5AC3753E8684783FCCCF783ED8
:10610000F853783FA4DB7B3ED122783FE1E67E3E28
:1061100010F1773FC0F8803EB7BE773FC07D823E2A
:10612000C58B773F7002843E3A58773FCE86853ED6
:106130001724773FDA0A873E5BEF763F938E883EDF
:1061400007BA763FF8118A3E1B84763F07958B3E4F
:10615000974D763FC0178D3E7A16763F229A8E3E37
:10616000C6DE753F2C1C903E7BA6753FDD9D913EA3
:10617000976D753F351F933E1D34753F31A0943E9A
:106180000BFA743FD220963E62BF743F17A1973E30
:106190002284743FFE20993E4B48743F86A09A3E6D
:1061A000DD0B743FAF1F9C3ED9CE733F789E9D3E62
:1061B0003F91733FDF1C9F3E0E53733FE59AA03E15
:1061C0004714733F8718A23EEBD4723FC595A33E98
:1061D000F894723F9F12A53E7054723F128FA63EF4
:1061E0005213723F1F0BA83E9FD1713FC486A93E38
:1061F000578F713F0102AB3E7A4C713FD47CAC3E6D
:106200000809713F3CF7AD3E02C5703F3A71AF3EA1
:106210006680703FCBEAB03E373B703FEF63B23EE3
:1062200073F56F3FA5DCB33E1BAF6F3FEC54B53E3B
:1062300030686F3FC3CCB63EB0206F3F2A44B83EB3
:106240009ED86E3F1EBBB93EF88F6E3FA031BB3E5D
:10625000BE466E3FAFA7BC3EF2FC6D3F4A1DBE3E40
:1062600093B26D3F6F92BF3EA1676D3F1E07C13E67
:106270001D1C6D3F557BC23E07D06C3F15EFC33EE2
:106280005E836C3F5C62C53E24366C3F29D5C63EBA
:1062900058E86B3F7C47C83EFB996B3F53B9C93EFA
:1062A0000C4B6B3FAE2ACB3E8CFB6A3F8B9BCC3EAC
:1062B0007BAB6A3FEA0BCE3ED95A6A3FCA7BCF3EE0
:1062C000A7096A3F2AEBD03EE4B7693F095AD23E9C
:1062D0009165693F67C8D33EAE12693F4136D53EEE
:1062E0003CBF683F99A3D63E396B683F6B10D83EE0
:1062F000A816683FB97CD93E87C1673F80E8DA3E7F
:10630000D86B673FC153DC3E9915673F79BEDD3ED0
:10631000CCBE663FA928DF3E7167663F4F92E03EE4
:10632000880F663F6AFBE13E10B7653FFA63E33EC4
:106330000B5E653FFECBE43E7904653F7533E63E78
:1063400059AA643F5D9AE73EAC4F643FB700E93E0F
:1063500073F4633F8166EA3EAC98633FBBCBEB3E90
:106360005A3C633F6330ED3E7BDF623F7994EE3E03
:106370001082623FFBF7EF3E1A24623FEA5AF13E79
:1063800098C5613F43BDF23E8A66613F071FF43EF8
:10639000F206613F3580F53ECFA6603FCBE0F63E8A
:1063A0002146603FC840F83EE9E45F3F2DA0F93E3A
:1063B00027835F3FF7FEFA3EDB205F3F275DFC3E11
:1063C00005BE5E3FBBBAFD3EA65A5E3FB217FF3E1A
:1063D000BEF65D3F063A003F4D925D3FE4E7003F69
:1063E000532D5D3F7395013FD1C75C3FB142023FE2
:1063F000C7615C3F9FEF023F34FB5B3F3D9C033F27
:106400001A945B3F8948043F792C5B3F84F4043F36
:1064100050C45A3F2CA0053FA05B5A3F824B063F19
:106420006AF2593F86F6063FAD88593F36A1073FCD
:106430006A1E593F924B083FA1B3583F9BF5083F56
:106440005348583F4E9F093F7FDC573FAD480A3FB6
:106450002670573FB7F10A3F4803573F6B9A0B3FEF
:10646000E595563FC9420C3FFE27563FD0EA0C3F08
:1064700093B9553F81920D3FA44A553FDA390E3FFB
:1064800031DB543FDBE00E3F3B6B543F84870F3FD3
:10649000C3FA533FD52D103FC789533FCDD3103F8B
:1064A0004918533F6B79113F49A6523FB01E123F26
:1064B000C633523F9AC3123FC2C0513F2A68133FAE
:1064C0003D4D513F5F0C143F37D9503F39B0143F19
:1064D000AF64503FB753153FA8EF4F3FD9F6153F74
:1064E0001F7A4F3F9F99163F17044F3F073C173FB6
:1064F000908D4E3F12DE173F89164E3FC07F183FEA
:10650000029F4D3F0F21193FFD264D3F00C2193F0D
:1065100079AE4C3F93621A3F78354C3FC6021B3F21
:10652000F8BB4B3F99A21B3FFA414B3F0C421C3F2B
:106530007FC74A3F1FE11C3F874C4A3FD17F1D3F29
:1065400012D1493F221E1E3F2155493F12BC1E3F1A
:10655000B3D8483F9F591F3FCA5B483FCBF61F3F08
:1065600065DE473F9393203F8560473FF92F213FEA
:106570002AE2463FFBCB213F5463463F9967223FC7
:1065800003E4453FD302233F3964453FA99D233FA0
:10659000F5E3443F1A38243F3763443F25D2243F74
:1065A00000E2433FCB6B253F5160433F0A05263F46
:1065B00029DE423FE39D263F895B423F5636273F17
:1065C00070D8413F61CE273FE154413F0566283FE7
:1065D000DAD0403F41FD283F5C4C403F1594293FB5
:1065E00067C73F3F802A2A3FFC413F3F82C02A3F86
:1065F0001BBC3E3F1B562B3FC5353E3F4AEB2B3F56
:10660000F9AE3D3F0F802C3FB8273D3F69142D3F29
:1066100003A03C3F59A82D3FD9173C3FDE3B2E3FFE
:106620003B8F3B3FF7CE2E3F29063B3FA5612F3FD7
:10663000A47C3A3FE6F32F3FACF2393FBB85303FB5
:106640004268393F2217313F65DD383F1DA8313F91
:106650001652383FAA38323F55C6373FC9C8323F75
:10666000233A373F7A58333F7FAD363FBCE7333F5D
:106670006C20363F8F76343FE792353FF304353F49
:10668000F304353FE792353F8F76343F6C20363F39
:10669000BCE7333F7FAD363F7A58333F233A373F2D
:1066A000C9C8323F55C6373FAA38323F1652383F25
:1066B0001DA8313F65DD383F2217313F4268393F21
:1066C000BB85303FACF2393FE6F32F3FA47C3A3F25
:1066D000A5612F3F29063B3FF7CE2E3F3B8F3B3F27
:1066E000DE3B2E3FD9173C3F59A82D3F03A03C3F2E
:1066F00069142D3FB8273D3F0F802C3FF9AE3D3F39
:106700004AEB2B3FC5353E3F1B562B3F1BBC3E3F44
:1067100082C02A3FFC413F3F802A2A3F67C73F3F54
:106720001594293F5C4C403F41FD283FDAD0403F63
:106730000566283FE154413F61CE273F70D8413F75
:106740005636273F895B423FE39D263F29DE423F85
:106750000A05263F5160433FCB6B253F00E2433F94
:1067600025D2243F3763443F1A38243FF5E3443FA2
:10677000A99D233F3964453FD302233F03E4453FAE
:106780009967223F5463463FFBCB213F2AE2463FB5
:10679000F92F213F8560473F9393203F65DE473FB8
:1067A000CBF61F3FCA5B483F9F591F3FB3D8483FB6
:1067B00012BC1E3F2155493F221E1E3F12D1493FA8
:1067C000D17F1D3F874C4A3F1FE11C3F7FC74A3F97
:1067D0000C421C3FFA414B3F99A21B3FF8BB4B3F79
:1067E000C6021B3F78354C3F93621A3F79AE4C3F4F
:1067F00000C2193FFD264D3F0F21193F029F4D3F1B
:10680000C07F183F89164E3F12DE173F908D4E3FD6
:10681000073C173F17044F3F9F99163F1F7A4F3F82
:10682000D9F6153FA8EF4F3FB753153FAF64503F20
:1068300039B0143F37D9503F5F0C143F3D4D513FA5
:106840002A68133FC2C0513F9AC3123FC633523F1A
:10685000B01E123F49A6523F6B79113F4918533F72
:10686000CDD3103FC789533FD52D103FC3FA533FB7
:1068700084870F3F3B6B543FDBE00E3F31DB543FDF
:10688000DA390E3FA44A553F81920D3F93B9553FE7
:10689000D0EA0C3FFE27563FC9420C3FE595563FD4
:1068A0006B9A0B3F4803573FB7F10A3F2670573F9B
:1068B000AD480A3F7FDC573F4E9F093F5348583F42
:1068C0009BF5083FA1B3583F924B083F6A1E593FC2
:1068D00036A1073FAD88593F86F6063F6AF2593F19
:1068E000824B063FA05B5A3F2CA0053F50C45A3F45
:1068F00084F4043F792C5B3F8948043F1A945B3F42
:106900003D9C033F34FB5B3F9FEF023FC7615C3F11
:10691000B142023FD1C75C3F7395013F532D5D3FAC
:10692000E4E7003F4D925D3F063A003FBEF65D3F13
:10693000B217FF3EA65A5E3FBBBAFD3E05BE5E3FA4
:10694000275DFC3EDB205F3FF7FEFA3E27835F3F7B
:106950002DA0F93EE9E45F3FC840F83E2146603F84
:10696000CBE0F63ECFA6603F3580F53EF206613FB4
:10697000071FF43E8A66613F43BDF23E98C5613F02
:10698000EA5AF13E1A24623FFBF7EF3E1082623F63
:106990007994EE3E7BDF623F6330ED3E5A3C633FCD
:1069A000BBCBEB3EAC98633F8166EA3E73F4633F3A
:1069B000B700E93EAC4F643F5D9AE73E59AA643F99
:1069C0007533E63E7904653FFECBE43E0B5E653FE2
:1069D000FA63E33E10B7653F6AFBE13E880F663F0E
:1069E0004F92E03E7167663FA928DF3ECCBE663F0E
:1069F00079BEDD3E9915673FC153DC3ED86B673FDA
:106A000080E8DA3E87C1673FB97CD93EA816683F67
:106A10006B10D83E396B683F99A3D63E3CBF683FA8
:106A20004136D53EAE12693F67C8D33E9165693F96
:106A3000095AD23EE4B7693F2AEBD03EA7096A3F24
:106A4000CA7BCF3ED95A6A3FEA0BCE3E7BAB6A3F48
:106A50008B9BCC3E8CFB6A3FAE2ACB3E0C4B6B3FF4
:106A600053B9C93EFB996B3F7C47C83E58E86B3F22
:106A700029D5C63E24366C3F5C62C53E5E836C3FC2
:106A800015EFC33E07D06C3F557BC23E1D1C6D3FCA
:106A90001E07C13EA1676D3F6F92BF3E93B26D3F2F
:106AA0004A1DBE3EF2FC6D3FAFA7BC3EBE466E3FE8
:106AB000A031BB3EF88F6E3F1EBBB93E9ED86E3FE5
:106AC0002A44B83EB0206F3FC3CCB63E30686F3F1B
:106AD000EC54B53E1BAF6F3FA5DCB33E73F56F3F83
:106AE000EF63B23E373B703FCBEAB03E6680703F0B
:106AF0003A71AF3E02C5703F3CF7AD3E0809713FA9
:106B0000D47CAC3E7A4C713F0102AB3E578F713F53
:106B1000C486A93E9FD1713F1F0BA83E5213723FFE
:106B2000128FA63E7054723F9F12A53EF894723F9A
:106B3000C595A33EEBD4723F8718A23E4714733F1E
:106B4000E59AA03E0E53733FDF1C9F3E3F91733F7B
:106B5000789E9D3ED9CE733FAF1F9C3EDD0B743FA8
:106B600086A09A3E4B48743FFE20993E2284743F93
:106B700017A1973E62BF743FD220963E0BFA743F36
:106B800031A0943E1D34753F351F933E976D753F80
:106B9000DD9D913E7BA6753F2C1C903EC6DE753F69
:106BA000229A8E3E7A16763FC0178D3E974D763FDD
:106BB00007958B3E1B84763FF8118A3E07BA763FD5
:106BC000938E883E5BEF763FDA0A873E1724773F45
:106BD000CE86853E3A58773F7002843EC58B773F1C
:106BE000C07D823EB7BE773FC0F8803E10F1773F50
:106BF000E1E67E3ED122783FA4DB7B3EF853783F2E
:106C0000CCCF783E8684783F5AC3753E7BB4783FBC
:106C100051B6723ED6E3783FB2A86F3E9812793FE4
:106C20007F9A6C3EC040793FBA8B693E4E6E793F89
:106C3000667C663E439B793F836C633E9DC7793F8C
:106C4000135C603E5EF3793F1A4B5D3E841E7A3FD3
:106C500097395A3E10497A3F8F27573E02737A3F41
:106C60000115543E599C7A3FF101513E16C57A3FB9
:106C700060EE4D3E37ED7A3F4FDA4A3EBE147B3F21
:106C8000C2C5473EAB3B7B3FB9B0443EFC617B3F56
:106C9000379B413EB2877B3F3E853E3ECDAC7B3F3E
:106CA000CF6E3B3E4DD17B3FEC57383E31F57B3FBD
:106CB0009840353E7A187C3FD428323E283B7C3FB2
:106CC000A2102F3E3A5D7C3F04F82B3EB07E7C3F05
:106CD000FCDE283E8A9F7C3F8CC5253EC9BF7C3F99
:106CE000B6AB223E6CDF7C3F7B911F3E73FE7C3F48
:106CF000DE761C3EDD1C7D3FE05B193EAC3A7D3FFD
:106D00008340163EDE577D3FCA24133E74747D3F98
:106D1000B708103E6E907D3F4AEC0C3ECCAB7D3FF9
:106D200086CF093E8CC67D3F6EB2063EB1E07D3F08
:106D30000295033E38FA7D3F4577003E24137E3F9F
:106D400073B2FA3D722B7E3FC075F43D23437E3F04
:106D50007638EE3D385A7E3F9AFAE73DB0707E3F76
:106D60002EBCE13D8B867E3F377DDB3DC99B7E3F60
:106D7000B93DD53D69B07E3FB7FDCE3D6DC47E3F88
:106D800036BDC83DD4D77E3F397CC23D9DEA7E3FAB
:106D9000C33ABC3DC9FC7E3FDAF8B53D580E7F3F93
:106DA00080B6AF3D491F7F3FBA73A93D9D2F7F3FFE
:106DB0008C30A33D543F7F3FF9EC9C3D6D4E7F3FAF
:106DC00005A9963DE95C7F3FB464903DC76A7F3F6B
:106DD0000A208A3D08787F3F0ADB833DAB847F3FF2
:106DE000742B7B3DB1907F3F38A06E3D189C7F3F58
:106DF0006814623DE3A67F3F0E88553D0FB17F3F8B
:106E00002FFB483D9EBA7F3FD56D3C3D8FC37F3FF2
:106E100007E02F3DE2CB7F3FCC51233D98D37F3F0E
:106E20002CC3163DAFDA7F3F2F340A3D29E17F3F67
:106E3000B949FB3C05E77F3F7B2AE23C43EC7F3FBF
:106E4000B00AC93CE3F07F3F69EAAF3CE6F47F3F1C
:106E5000B6C9963C4AF87F3F4B517B3C11FB7F3FC4
:106E6000900E493C39FD7F3F59CB163CC4FE7F3F15
:106E7000890FC93BB1FF7F3FC70F493B0000803FEF
:106E800000000000B1FF7F3FC70F49BBC4FE7F3F3A
:106E9000890FC9BB39FD7F3F59CB16BC11FB7F3F22
:106EA000900E49BC4AF87F3F4B517BBCE6F47F3FD4
:106EB000B6C996BCE3F07F3F69EAAFBC43EC7F3FC5
:106EC000B00AC9BC05E77F3F7B2AE2BC29E17F3FCE
:106ED000B949FBBCAFDA7F3F2F340ABD98D37F3F5F
:106EE0002CC316BDE2CB7F3FCC5123BD8FC37F3F68
:106EF00007E02FBD9EBA7F3FD56D3CBD0FB17F3FF0
:106F00002FFB48BDE3A67F3F0E8855BD189C7F3FF1
:106F1000681462BDB1907F3F38A06EBDAB847F3FE7
:106F2000742B7BBD08787F3F0ADB83BDC76A7F3F38
:106F30000A208ABDE95C7F3FB46490BD6D4E7F3FFF
:106F400005A996BD543F7F3FF9EC9CBD9D2F7F3F27
:106F50008C30A3BD491F7F3FBA73A9BD580E7F3F38
:106F600080B6AFBDC9FC7E3FDAF8B5BD9DEA7E3F75
:106F7000C33ABCBDD4D77E3F397CC2BD6DC47E3F11
:106F800036BDC8BD69B07E3FB7FDCEBDC99B7E3F53
:106F9000B93DD5BD8B867E3F377DDBBDB0707E3F72
:106FA0002EBCE1BD385A7E3F9AFAE7BD23437E3FAF
:106FB0007638EEBD722B7E3FC075F4BD24137E3F44
:106FC00073B2FABD38FA7D3F457700BEB1E07D3F30
:106FD000029503BE8CC67D3F6EB206BECCAB7D3F34
:106FE00086CF09BE6E907D3F4AEC0CBE74747D3F27
:106FF000B70810BEDE577D3FCA2413BEAC3A7D3FB2
:10700000834016BEDD1C7D3FE05B19BE73FE7C3FF6
:10701000DE761CBE6CDF7C3F7B911FBEC9BF7C3F10
:10702000B6AB22BE8A9F7C3F8CC525BEB07E7C3F1E
:10703000FCDE28BE3A5D7C3F04F82BBE283B7C3F3B
:10704000A2102FBE7A187C3FD42832BE31F57B3F88
:10705000984035BE4DD17B3FEC5738BECDAC7B3F21
:10706000CF6E3BBEB2877B3F3E853EBEFC617B3F21
:10707000379B41BEAB3B7B3FB9B044BEBE147B3FA8
:10708000C2C547BE37ED7A3F4FDA4ABE16C57A3FD2
:1070900060EE4DBE599C7A3FF10151BE02737A3FBA
:1070A000011554BE10497A3F8F2757BE841E7A3F80
:1070B00097395ABE5EF3793F1A4B5DBE9DC7793F43
:1070C000135C60BE439B793F836C63BE4E6E793F19
:1070D000667C66BEC040793FBA8B69BE9812793F24
:1070E0007F9A6CBED6E3783FB2A86FBE7BB4783F80
:1070F00051B672BE8684783F5AC375BEF853783F46
:10710000CCCF78BED122783FA4DB7BBE10F1773F95
:10711000E1E67EBEB7BE773FC0F880BEC58B773F45
:10712000C07D82BE3A58773F700284BE1724773FF5
:10713000CE8685BE5BEF763FDA0A87BE07BA763F1A
:10714000938E88BE1B84763FF8118ABE974D763F9A
:1071500007958BBE7A16763FC0178DBEC6DE753F8B
:10716000229A8EBE7BA6753F2C1C90BE976D753FF4
:10717000DD9D91BE1D34753F351F93BE0BFA743FE4
:1071800031A094BE62BF743FD22096BE2284743F69
:1071900017A197BE4B48743FFE2099BEDD0B743F8C
:1071A00086A09ABED9CE733FAF1F9CBE3F91733F5E
:1071B000789E9DBE0E53733FDF1C9FBE4714733FE6
:1071C000E59AA0BEEBD4723F8718A2BEF894723F36
:1071D000C595A3BE7054723F9F12A5BE5213723F55
:1071E000128FA6BE9FD1713F1F0BA8BE578F713F54
:1071F000C486A9BE7A4C713F0102ABBE0809713F3B
:10720000D47CACBE02C5703F3CF7ADBE6680703F1B
:107210003A71AFBE373B703FCBEAB0BE73F56F3FFC
:10722000EF63B2BE1BAF6F3FA5DCB3BE30686F3FEC
:10723000EC54B5BEB0206F3FC3CCB6BE9ED86E3FF7
:107240002A44B8BEF88F6E3F1EBBB9BEBE466E3F25
:10725000A031BBBEF2FC6D3FAFA7BCBE93B26D3F89
:107260004A1DBEBEA1676D3F6F92BFBE1D1C6D3F24
:107270001E07C1BE07D06C3F557BC2BE5E836C3F0C
:1072800015EFC3BE24366C3F5C62C5BE58E86B3F49
:1072900029D5C6BEFB996B3F7C47C8BE0C4B6B3FE4
:1072A00053B9C9BE8CFB6A3FAE2ACBBE7BAB6A3FEB
:1072B0008B9BCCBED95A6A3FEA0BCEBEA7096A3F68
:1072C000CA7BCFBEE4B7693F2AEBD0BE9165693F68
:1072D000095AD2BEAE12693F67C8D3BE3CBF683FF1
:1072E0004136D5BE396B683F99A3D6BEA816683F14
:1072F0006B10D8BE87C1673FB97CD9BED86B673FDA
:1073000080E8DABE9915673FC153DCBECCBE663F4C
:1073100079BEDDBE7167663FA928DFBE880F663F74
:107320004F92E0BE10B7653F6AFBE1BE0B5E653F62
:10733000FA63E3BE7904653FFECBE4BE59AA643F1D
:107340007533E6BEAC4F643F5D9AE7BE73F4633FAE
:10735000B700E9BEAC98633F8166EABE5A3C633F22
:10736000BBCBEBBE7BDF623F6330EDBE1082623F82
:107370007994EEBE1A24623FFBF7EFBE98C5613FD9
:10738000EA5AF1BE8A66613F43BDF2BEF206613F32
:10739000071FF4BECFA6603F3580F5BE2146603F93
:1073A000CBE0F6BEE9E45F3FC840F8BE27835F3F0D
:1073B0002DA0F9BEDB205F3FF7FEFABE05BE5E3FA3
:1073C000275DFCBEA65A5E3FBBBAFDBEBEF65D3F62
:1073D000B217FFBE4D925D3F063A00BF532D5D3F91
:1073E000E4E700BFD1C75C3F739501BFC7615C3F55
:1073F000B14202BF34FB5B3F9FEF02BF1A945B3F79
:107400003D9C03BF792C5B3F894804BF50C45A3F61
:1074100084F404BFA05B5A3F2CA005BF6AF2593F19
:10742000824B06BFAD88593F86F606BF6A1E593F9C
:1074300036A107BFA1B3583F924B08BF5348583FEE
:107440009BF508BF7FDC573F4E9F09BF2670573F13
:10745000AD480ABF4803573FB7F10ABFE595563F0D
:107460006B9A0BBFFE27563FC9420CBF93B9553FDD
:10747000D0EA0CBFA44A553F81920DBF31DB543F87
:10748000DA390EBF3B6B543FDBE00EBFC3FA533F0C
:1074900084870FBFC789533FD52D10BF4918533F6D
:1074A000CDD310BF49A6523F6B7911BFC633523FAF
:1074B000B01E12BFC2C0513F9AC312BF3D4D513FD3
:1074C0002A6813BF37D9503F5F0C14BFAF64503FD9
:1074D00039B014BFA8EF4F3FB75315BF1F7A4F3FC6
:1074E000D9F615BF17044F3F9F9916BF908D4E3F99
:1074F000073C17BF89164E3F12DE17BF029F4D3F54
:10750000C07F18BFFD264D3F0F2119BF79AE4C3FFC
:1075100000C219BF78354C3F93621ABFF8BB4B3F8E
:10752000C6021BBFFA414B3F99A21BBF7FC74A3F10
:107530000C421CBF874C4A3F1FE11CBF12D1493F80
:10754000D17F1DBF2155493F221E1EBFB3D8483FE2
:1075500012BC1EBFCA5B483F9F591FBF65DE473F35
:10756000CBF61FBF8560473F939320BF2AE2463F7B
:10757000F92F21BF5463463FFBCB21BF03E4453FB6
:10758000996722BF3964453FD30223BFF5E3443FE7
:10759000A99D23BF3763443F1A3824BF00E2433F0D
:1075A00025D224BF5160433FCB6B25BF29DE423F2C
:1075B0000A0526BF895B423FE39D26BF70D8413F45
:1075C000563627BFE154413F61CE27BFDAD0403F56
:1075D000056628BF5C4C403F41FD28BF67C73F3F61
:1075E000159429BFFC413F3F802A2ABF1BBC3E3F68
:1075F00082C02ABFC5353E3F1B562BBFF9AE3D3F6B
:107600004AEB2BBFB8273D3F0F802CBF03A03C3F68
:1076100069142DBFD9173C3F59A82DBF3B8F3B3F65
:10762000DE3B2EBF29063B3FF7CE2EBFA47C3A3F60
:10763000A5612FBFACF2393FE6F32FBF4268393F57
:10764000BB8530BF65DD383F221731BF1652383F4A
:107650001DA831BF55C6373FAA3832BF233A373F3E
:10766000C9C832BF7FAD363F7A5833BF6C20363F32
:10767000BCE733BFE792353F8F7634BFF304353F25
:10768000F30435BF8F76343FE79235BFBCE7333F15
:107690006C2036BF7A58333F7FAD36BFC9C8323F02
:1076A000233A37BFAA38323F55C637BF1DA8313FEE
:1076B000165238BF2217313F65DD38BFBB85303FDA
:1076C000426839BFE6F32F3FACF239BFA5612F3FC7
:1076D000A47C3ABFF7CE2E3F29063BBFDE3B2E3FB0
:1076E0003B8F3BBF59A82D3FD9173CBF69142D3F95
:1076F00003A03CBF0F802C3FB8273DBF4AEB2B3F78
:10770000F9AE3DBF1B562B3FC5353EBF82C02A3F59
:107710001BBC3EBF802A2A3FFC413FBF1594293F36
:1077200067C73FBF41FD283F5C4C40BF0566283F0F
:10773000DAD040BF61CE273FE15441BF5636273FE4
:1077400070D841BFE39D263F895B42BF0A05263FB3
:1077500029DE42BFCB6B253F516043BF25D2243F7A
:1077600000E243BF1A38243F376344BFA99D233F3B
:10777000F5E344BFD302233F396445BF9967223FF5
:1077800003E445BFFBCB213F546346BFF92F213FA4
:107790002AE246BF9393203F856047BFCBF61F3F49
:1077A00065DE47BF9F591F3FCA5B48BF12BC1E3FE3
:1077B000B3D848BF221E1E3F215549BFD17F1D3F70
:1077C00012D149BF1FE11C3F874C4ABF0C421C3FEE
:1077D0007FC74ABF99A21B3FFA414BBFC6021B3F5E
:1077E000F8BB4BBF93621A3F78354CBF00C2193FBC
:1077F00079AE4CBF0F21193FFD264DBFC07F183F0A
:10780000029F4DBF12DE173F89164EBF073C173F40
:10781000908D4EBF9F99163F17044FBFD9F6153F65
:107820001F7A4FBFB753153FA8EF4FBF39B0143F72
:10783000AF6450BF5F0C143F37D950BF2A68133F65
:107840003D4D51BF9AC3123FC2C051BFB01E123F3F
:10785000C63352BF6B79113F49A652BFCDD3103FFB
:10786000491853BFD52D103FC78953BF84870F3F99
:10787000C3FA53BFDBE00E3F3B6B54BFDA390E3F18
:1078800031DB54BF81920D3FA44A55BFD0EA0C3F73
:1078900093B955BFC9420C3FFE2756BF6B9A0B3FA9
:1078A000E59556BFB7F10A3F480357BFAD480A3FB9
:1078B000267057BF4E9F093F7FDC57BF9BF5083F9F
:1078C000534858BF924B083FA1B358BF36A1073F5A
:1078D0006A1E59BF86F6063FAD8859BF824B063FE8
:1078E0006AF259BF2CA0053FA05B5ABF84F4043F45
:1078F00050C45ABF8948043F792C5BBF3D9C033F6D
:107900001A945BBF9FEF023F34FB5BBFB142023F63
:10791000C7615CBF7395013FD1C75CBFE4E7003F1F
:10792000532D5DBF063A003F4D925DBFB217FF3E3B
:10793000BEF65DBFBBBAFD3EA65A5EBF275DFC3EEC
:1079400005BE5EBFF7FEFA3EDB205FBF2DA0F93E0D
:1079500027835FBFC840F83EE9E45FBFCBE0F63E57
:10796000214660BF3580F53ECFA660BF071FF43EBD
:10797000F20661BF43BDF23E8A6661BFEA5AF13E3C
:1079800098C561BFFBF7EF3E1A2462BF7994EE3EC3
:10799000108262BF6330ED3E7BDF62BFBBCBEB3E4C
:1079A0005A3C63BF8166EA3EAC9863BFB700E93ECC
:1079B00073F463BF5D9AE73EAC4F64BF7533E63E38
:1079C00059AA64BFFECBE43E790465BFFA63E33E87
:1079D0000B5E65BF6AFBE13E10B765BF4F92E03EAC
:1079E000880F66BFA928DF3E716766BF79BEDD3E9E
:1079F000CCBE66BFC153DC3E991567BF80E8DA3E56
:107A0000D86B67BFB97CD93E87C167BF6B10D83EC2
:107A1000A81668BF99A3D63E396B68BF4136D53EDC
:107A20003CBF68BF67C8D33EAE1269BF095AD23E99
:107A3000916569BF2AEBD03EE4B769BFCA7BCF3EF0
:107A4000A7096ABFEA0BCE3ED95A6ABF8B9BCC3ED0
:107A50007BAB6ABFAE2ACB3E8CFB6ABF53B9C93E33
:107A60000C4B6BBF7C47C83EFB996BBF29D5C63E0C
:107A700058E86BBF5C62C53E24366CBF15EFC33E51
:107A80005E836CBF557BC23E07D06CBF1E07C13EF4
:107A90001D1C6DBF6F92BF3EA1676DBF4A1DBE3EEC
:107AA00093B26DBFAFA7BC3EF2FC6DBFA031BB3E31
:107AB000BE466EBF1EBBB93EF88F6EBF2A44B83EAD
:107AC0009ED86EBFC3CCB63EB0206FBFEC54B53E5F
:107AD00030686FBFA5DCB33E1BAF6FBFEF63B23E34
:107AE00073F56FBFCBEAB03E373B70BF3A71AF3E24
:107AF000668070BF3CF7AD3E02C570BFD47CAC3E23
:107B0000080971BF0102AB3E7A4C71BFC486A93E21
:107B1000578F71BF1F0BA83E9FD171BF128FA63E1A
:107B2000521372BF9F12A53E705472BFC595A33EFB
:107B3000F89472BF8718A23EEBD472BFE59AA03EBC
:107B4000471473BFDF1C9F3E0E5373BF789E9D3E4C
:107B50003F9173BFAF1F9C3ED9CE73BF86A09A3EA4
:107B6000DD0B74BFFE20993E4B4874BF17A1973EB2
:107B7000228474BFD220963E62BF74BF31A0943E6F
:107B80000BFA74BF351F933E1D3475BFDD9D913ECA
:107B9000976D75BF2C1C903E7BA675BF229A8E3EBA
:107BA000C6DE75BFC0178D3E7A1676BF07958B3E31
:107BB000974D76BFF8118A3E1B8476BF938E883E20
:107BC00007BA76BFDA0A873E5BEF76BFCE86853E80
:107BD000172477BF7002843E3A5877BFC07D823E3B
:107BE000C58B77BFC0F8803EB7BE77BFE1E67E3E6B
:107BF00010F177BFA4DB7B3ED12278BFCCCF783E9B
:107C0000F85378BF5AC3753E868478BF51B6723E2A
:107C10007BB478BFB2A86F3ED6E378BF7F9A6C3E44
:107C2000981279BFBA8B693EC04079BF667C663EC8
:107C30004E6E79BF836C633E439B79BF135C603E9D
:107C40009DC779BF1A4B5D3E5EF379BF97395A3EA7
:107C5000841E7ABF8F27573E10497ABF0115543EC4
:107C600002737ABFF101513E599C7ABF60EE4D3EDE
:107C700016C57ABF4FDA4A3E37ED7ABFC2C5473ED6
:107C8000BE147BBFB9B0443EAB3B7BBF379B413E8C
:107C9000FC617BBF3E853E3EB2877BBFCF6E3B3EE5
:107CA000CDAC7BBFEC57383E4DD17BBF9840353EC5
:107CB00031F57BBFD428323E7A187CBFA2102F3E0C
:107CC000283B7CBF04F82B3E3A5D7CBFFCDE283E9F
:107CD000B07E7CBF8CC5253E8A9F7CBFB6AB223E62
:107CE000C9BF7CBF7B911F3E6CDF7CBFDE761C3E34
:107CF00073FE7CBFE05B193EDD1C7DBF8340163EFA
:107D0000AC3A7DBFCA24133EDE577DBFB708103E94
:107D100074747DBF4AEC0C3E6E907DBF86CF093EE9
:107D2000CCAB7DBF6EB2063E8CC67DBF0295033ED6
:107D3000B1E07DBF4577003E38FA7DBF73B2FA3DB2
:107D400024137EBFC075F43D722B7EBF7638EE3DA6
:107D500023437EBF9AFAE73D385A7EBF2EBCE13DF1
:107D6000B0707EBF377DDB3D8B867EBFB93DD53D94
:107D7000C99B7EBFB7FDCE3D69B07EBF36BDC83D55
:107D80006DC47EBF397CC23DD4D77EBFC33ABC3DF3
:107D90009DEA7EBFDAF8B53DC9FC7EBF80B6AF3D37
:107DA000580E7FBFBA73A93D491F7FBF8C30A33DDA
:107DB0009D2F7FBFF9EC9C3D543F7FBF05A9963DA9
:107DC0006D4E7FBFB464903DE95C7FBF0A208A3D61
:107DD000C76A7FBF0ADB833D08787FBF742B7B3D7A
:107DE000AB847FBF38A06E3DB1907FBF6814623D09
:107DF000189C7FBF0E88553DE3A67FBF2FFB483DF3
:107E00000FB17FBFD56D3C3D9EBA7FBF07E02F3DD0
:107E10008FC37FBFCC51233DE2CB7FBF2CC3163D28
:107E200098D37FBF2F340A3DAFDA7FBFB949FB3CFF
:107E300029E17FBF7B2AE23C05E77FBFB00AC93C4E
:107E400043EC7FBF69EAAF3CE3F07FBFB6C9963C25
:107E5000E6F47FBF4B517B3C4AF87FBF900E493C14
:107E600011FB7FBF59CB163C39FD7FBF890FC93B42
:107E7000C4FE7FBFC70F493BB1FF7FBF00000000BA
:107E80000000803FB00AC93C43EC7F3F2FFB483DD8
:107E90000FB17F3F05A9963D6D4E7F3F36BDC83D72
:107EA0006DC47E3F73B2FA3D24137E3F8340163E7D
:107EB000AC3A7D3FA2102F3E283B7C3FC2C5473ED7
:107EC000BE147B3F135C603E9DC7793FCCCF783EAC
:107ED000F853783F938E883E07BA763F31A0943EA0
:107EE0000BFA743FE59AA03E4714733FD47CAC3E36
:107EF0000809713F2A44B83E9ED86E3F15EFC33E35
:107F00005E836C3FCA7BCF3EA7096A3F80E8DA3EBA
:107F1000D86B673F7533E63E59AA643FEA5AF13E93
:107F200098C5613F275DFC3E05BE5E3F3D9C033F1B
:107F30001A945B3F9BF5083F5348583FDA390E3F90
:107F400031DB543F2A68133F3D4D513FC07F183FFE
:107F5000029F4D3FD17F1D3F12D1493F9967223F7C
:107F600003E4453F5636273F70D8413F4AEB2B3F4D
:107F7000F9AE3D3FBB85303F4268393FF304353FA2
:107F8000F304353F4268393FBB85303FF9AE3D3F92
:107F90004AEB2B3F70D8413F5636273F03E4453F1D
:107FA0009967223F12D1493FD17F1D3F029F4D3F2C
:107FB000C07F183F3D4D513F2A68133F31DB543F8E
:107FC000DA390E3F5348583F9BF5083F1A945B3F00
:107FD0003D9C033F05BE5E3F275DFC3E98C5613F6B
:107FE000EA5AF13E59AA643F7533E63ED86B673FC3
:107FF00080E8DA3EA7096A3FCA7BCF3E5E836C3FCA
:1080000015EFC33E9ED86E3F2A44B83E0809713F23
:10801000D47CAC3E4714733FE59AA03E0BFA743F04
:1080200031A0943E07BA763F938E883EF853783F4E
:10803000CCCF783E9DC7793F135C603EBE147B3F3A
:10804000C2C5473E283B7C3FA2102F3EAC3A7D3F45
:108050008340163E24137E3F73B2FA3D6DC47E3FCB
:1080600036BDC83D6D4E7F3F05A9963D0FB17F3FA0
:108070002FFB483D43EC7F3FB00AC93C0000803FE6
:108080000000000043EC7F3FB00AC9BC0FB17F3F46
:108090002FFB48BD6D4E7F3F05A996BD6DC47E3F49
:1080A00036BDC8BD24137E3F73B2FABDAC3A7D3FE6
:1080B000834016BE283B7C3FA2102FBEBE147B3FE0
:1080C000C2C547BE9DC7793F135C60BEF853783F79
:1080D000CCCF78BE07BA763F938E88BE0BFA743F3A
:1080E00031A094BE4714733FE59AA0BE0809713FC2
:1080F000D47CACBE9ED86E3F2A44B8BE5E836C3F33
:1081000015EFC3BEA7096A3FCA7BCFBED86B673FD6
:1081100080E8DABE59AA643F7533E6BE98C5613F70
:10812000EA5AF1BE05BE5E3F275DFCBE1A945B3F76
:108130003D9C03BF5348583F9BF508BF31DB543F7C
:10814000DA390EBF3D4D513F2A6813BF029F4D3FA4
:10815000C07F18BF12D1493FD17F1DBF03E4453F07
:10816000996722BF70D8413F563627BFF9AE3D3FD1
:108170004AEB2BBF4268393FBB8530BFF304353F24
:10818000F30435BFBB85303F426839BF4AEB2B3F14
:10819000F9AE3DBF5636273F70D841BF9967223FA1
:1081A00003E445BFD17F1D3F12D149BFC07F183FB7
:1081B000029F4DBF2A68133F3D4D51BFDA390E3F34
:1081C00031DB54BF9BF5083F534858BF3D9C033FEC
:1081D0001A945BBF275DFC3E05BE5EBFEA5AF13EC6
:1081E00098C561BF7533E63E59AA64BF80E8DA3EA0
:1081F000D86B67BFCA7BCF3EA7096ABF15EFC33EE6
:108200005E836CBF2A44B83E9ED86EBFD47CAC3E21
:10821000080971BFE59AA03E471473BF31A0943E90
:108220000BFA74BF938E883E07BA76BFCCCF783EE8
:10823000F85378BF135C603E9DC779BFC2C5473E07
:10824000BE147BBFA2102F3E283B7CBF8340163E4E
:10825000AC3A7DBF73B2FA3D24137EBF36BDC83D34
:108260006DC47EBF05A9963D6D4E7FBF2FFB483D77
:108270000FB17FBFB00AC93C43EC7FBF00000000D4
:108280000000803FC2C5473EBE147B3F15EFC33E92
:108290005E836C3FDA390E3F31DB543FF304353FE8
:1082A000F304353F31DB543FDA390E3F5E836C3FD8
:1082B00015EFC33EBE147B3FC2C5473E0000803F62
:1082C00000000000BE147B3FC2C547BE5E836C3F0A
:1082D00015EFC3BE31DB543FDA390EBFF304353F2F
:1082E000F30435BFDA390E3F31DB54BF15EFC33E1F
:1082F0005E836CBFC2C5473EBE147BBF000000005A
:108300000000803FD40FC93AECFF7F3FC70F493BC5
:10831000B1FF7F3FC1CB963B4EFF7F3F890FC93BEB
:10832000C4FE7F3F3053FB3B13FE7F3F59CB163CCF
:1083300039FD7F3F02ED2F3C39FC7F3F900E493CD9
:1083400011FB7F3F0030623CC1F97F3F4B517B3CCA
:108350004AF87F3F38398A3CACF67F3FB6C9963C35
:10836000E6F47F3F1C5AA33CF8F27F3F69EAAF3C3A
:10837000E3F07F3F9B7ABC3CA7EE7F3FB00AC93C4D
:1083800043EC7F3FA69AD53CB8E97F3F7B2AE23C8D
:1083900005E77F3F2DBAEE3C2BE47F3FB949FB3C1C
:1083A00029E17F3F90EC033D00DE7F3F2F340A3D03
:1083B000AFDA7F3FB87B103D37D77F3F2CC3163DE8
:1083C00098D37F3F880A1D3DD1CF7F3FCC51233DBD
:1083D000E2CB7F3FF698293DCCC77F3F07E02F3D9A
:1083E0008FC37F3FFC26363D2ABF7F3FD56D3C3D86
:1083F0009EBA7F3F91B4423DEAB57F3F2FFB483D97
:108400000FB17F3FAF414F3D0DAC7F3F0E88553DD3
:10841000E3A67F3F4CCE5B3D91A17F3F6814623D58
:10842000189C7F3F625A683D78967F3F38A06E3D2A
:10843000B1907F3FE9E5743DC28A7F3F742B7B3D5D
:10844000AB847F3F6CB8803D6D7E7F3F0ADB833D10
:1084500008787F3F94FD863D7B717F3F0A208A3DEF
:10846000C76A7F3F6A428D3DEC637F3FB464903DB5
:10847000E95C7F3FE786933DBF557F3F05A9963D69
:108480006D4E7F3F0ACB993DF4467F3FF9EC9C3D12
:10849000543F7F3FCF0EA03D8D377F3F8C30A33DB3
:1084A0009D2F7F3F3052A63D87277F3FBA73A93D5E
:1084B000491F7F3F2B95AC3DE4167F3F80B6AF3D13
:1084C000580E7F3FBBD7B23DA4057F3FDAF8B53DDC
:1084D000C9FC7E3FDD19B93DC7F37E3FC33ABC3DC1
:1084E0009DEA7E3F8D5BBF3D4CE17E3F397CC23DC6
:1084F000D4D77E3FC69CC53D34CE7E3F36BDC83DF9
:108500006DC47E3F86DDCB3D7FBA7E3FB7FDCE3D5D
:1085100069B07E3FC81DD23D2DA67E3FB93DD53DF9
:10852000C99B7E3F895DD83D3D917E3F377DDB3DD8
:108530008B867E3FC49CDE3DB17B7E3F2EBCE13D01
:10854000B0707E3F76DBE43D88657E3F9AFAE73D7A
:10855000385A7E3F9A19EB3DC14E7E3F7638EE3D4C
:1085600023437E3F2E57F13D5E377E3FC075F43D7D
:10857000722B7E3F2C94F73D5E1F7E3F73B2FA3D17
:1085800024137E3F92D0FD3DC2067E3F4577003EDC
:1085900038FA7D3F2E06023E88ED7D3F0295033E70
:1085A000B1E07D3FC223053EB2D37D3F6EB2063EB1
:1085B0008CC67D3F0541083E40B97D3F86CF093ED0
:1085C000CCAB7D3FF35D0B3E309E7D3F4AEC0C3ED5
:1085D0006E907D3F8B7A0E3E85827D3FB708103EC0
:1085E00074747D3FCC96113E3D667D3FCA24133E98
:1085F000DE577D3FB2B2143E59497D3F8340163E5F
:10860000AC3A7D3F3DCE173ED82B7D3FE05B193E17
:10861000DD1C7D3F6BE91A3EBC0D7D3FDE761C3EC6
:1086200073FE7C3F38041E3E03EF7C3F7B911F3E70
:108630006CDF7C3FA51E213EAECF7C3FB6AB223E19
:10864000C9BF7C3FAD38243EBDAF7C3F8CC5253EC5
:108650008A9F7C3F5152273E318F7C3FFCDE283E73
:10866000B07E7C3F8D6B2A3E086E7C3F04F82B3E2B
:108670003A5D7C3F61842D3E444C7C3FA2102F3EEE
:10868000283B7C3FC99C303EE5297C3FD428323EC4
:108690007A187C3FC4B4333EE9067C3F9840353EAF
:1086A00031F57B3F50CC363E53E37B3FEC57383EB1
:1086B0004DD17B3F6CE3393E20BF7B3FCF6E3B3ECD
:1086C000CDAC7B3F15FA3C3E539A7B3F3E853E3E08
:1086D000B2877B3F4910403EEA747B3F379B413E67
:1086E000FC617B3F0726433EE74E7B3FB9B0443EEB
:1086F000AB3B7B3F4D3B463E48287B3FC2C5473E98
:10870000BE147B3F1850493E0E017B3F4FDA4A3E74
:1087100037ED7A3F67644C3E3AD97A3F60EE4D3E82
:1087200016C57A3F38784F3ECBB07A3FF101513EC3
:10873000599C7A3F898B523EC1877A3F0115543E3E
:1087400002737A3F589E553E1C5E7A3F8F27573EF4
:1087500010497A3FA4B0583EDD337A3F97395A3EEC
:10876000841E7A3F6AC25B3E04097A3F1A4B5D3E23
:108770005EF3793FA8D35E3E91DD793F135C603EA6
:108780009DC7793F5CE4613E83B1793F836C633E72
:10879000439B793F86F4643EDC84793F667C663E89
:1087A0004E6E793F2204683E9A57793FBA8B693EF4
:1087B000C040793F2F136B3EBF29793F7F9A6C3EB3
:1087C0009812793FAB216E3E4AFB783FB2A86F3ECC
:1087D000D6E3783F942F713E3BCC783F51B6723E42
:1087E0007BB4783FE83C743E939C783F5AC3753E17
:1087F0008684783FA649773E526C783FCCCF783E4E
:10880000F853783FCB557A3E773B783FA4DB7B3EED
:10881000D122783F56617D3E040A783FE1E67E3EF4
:1088200010F1773F2236803EF7D7773FC0F8803E81
:10883000B7BE773F4ABB813E51A5773FC07D823EA0
:10884000C58B773F2240833E1372773F7002843E90
:108850003A58773FAAC4843E3C3E773FCE86853E59
:108860001724773FDF48863ECC09773FDA0A873EF8
:108870005BEF763FC1CC873EC4D4763F938E883E73
:1088800007BA763F5050893E249F763FF8118A3EC2
:108890001B84763F8AD38A3EEC68763F07958B3EF1
:1088A000974D763F6E568C3E1B32763FC0178D3EFD
:1088B0007A16763FFCD88D3EB3FA753F229A8E3EEB
:1088C000C6DE753F325B8F3EB3C2753F2C1C903EB7
:1088D0007BA6753F10DD903E1C8A753FDD9D913E65
:1088E000976D753F945E923EED50753F351F933EF8
:1088F0001D34753FBFDF933E2717753F31A0943E6F
:108900000BFA743F8D60953EC9DC743FD220963ED1
:1089100062BF743F00E1963ED5A1743F17A1973E18
:108920002284743F1661983E4966743FFE20993E4A
:108930004B48743FCEE0993E272A743F86A09A3E6A
:10894000DD0B743F27609B3E6EED733FAF1F9C3E77
:10895000D9CE733F20DF9C3E1FB0733F789E9D3E73
:108960003F91733FB85D9E3E3972733FDF1C9F3E5F
:108970000E53733FEEDB9F3EBE33733FE59AA03E3E
:108980004714733FC259A13EACF4723F8718A23E10
:10899000EBD4723F33D7A23E04B5723FC595A33ED8
:1089A000F894723F3F54A43EC774723F9F12A53E95
:1089B0007054723FE5D0A53EF433723F128FA63E4D
:1089C0005213723F254DA73E8CF2713F1F0BA83EFC
:1089D0009FD1713FFEC8A83E8EB0713FC486A93EAC
:1089E000578F713F6F44AA3EFB6D713F0102AB3E52
:1089F0007A4C713F77BFAB3ED42A713FD47CAC3EFA
:108A00000809713F153AAD3E17E7703F3CF7AD3EA0
:108A100002C5703F49B4AE3EC6A2703F3A71AF3E48
:108A20006680703F102EB03EE15D703FCBEAB03EF5
:108A3000373B703F6BA7B13E6718703FEF63B23EA4
:108A400073F56F3F5820B33E5AD26F3FA5DCB33E5B
:108A50001BAF6F3FD698B43EB88B6F3FEC54B53E1A
:108A600030686F3FE610B63E83446F3FC3CCB63EDE
:108A7000B0206F3F8488B73EBAFC6E3F2A44B83EB0
:108A80009ED86E3FB2FFB83E5DB46E3F1EBBB93E8E
:108A9000F88F6E3F6E76BA3E6D6B6E3FA031BB3E77
:108AA000BE466E3FB6ECBB3EEB216E3FAFA7BC3E71
:108AB000F2FC6D3F8B62BD3ED5D76D3F4A1DBE3E79
:108AC00093B26D3FEBD7BE3E2D8D6D3F6F92BF3E93
:108AD000A1676D3FD54CC03EF2416D3F1E07C13EC0
:108AE0001D1C6D3F48C1C13E24F66C3F557BC23E04
:108AF00007D06C3F4435C33EC5A96C3F15EFC33E5C
:108B00005E836C3FC8A8C43ED45C6C3F5C62C53ECB
:108B100024366C3FD21BC63E500F6C3F29D5C63E53
:108B200058E86B3F628EC73E3BC16B3F7C47C83EF7
:108B3000FB996B3F7700C93E95726B3F53B9C93EB5
:108B40000C4B6B3F1072CA3E5E236B3FAE2ACB3E8E
:108B50008CFB6A3F2CE3CB3E95D36A3F8B9BCC3E8C
:108B60007BAB6A3FCA53CD3E3C836A3FEA0BCE3EA5
:108B7000D95A6A3FEAC3CE3E52326A3FCA7BCF3EE1
:108B8000A7096A3F8A33D03ED7E0693F2AEBD03E3F
:108B9000E4B7693FAAA2D13ECC8E693F095AD23EC2
:108BA0009165693F4811D33E323C693F67C8D33E67
:108BB000AE12693F647FD43E07E9683F4136D53E37
:108BC0003CBF683FFDECD53E4C95683F99A3D63E2F
:108BD000396B683F135AD73E0341683F6B10D83E4C
:108BE000A816683FA3C6D83E2AEC673FB97CD93E99
:108BF00087C1673FAD32DA3EC196673F80E8DA3E13
:108C0000D86B673F319EDB3ECA40673FC153DC3EB5
:108C10009915673F2E09DD3E45EA663F79BEDD3E88
:108C2000CCBE663FA273DE3E3093663FA928DF3E8E
:108C30007167663F8DDDDF3E8E3B663F4F92E03EC3
:108C4000880F663FEE46E13E5EE3653F6AFBE13E2C
:108C500010B7653FC4AFE23EA08A653FFA63E33ECA
:108C60000B5E653F0E18E43E5431653FFECBE43E9B
:108C70007904653FCB7FE53E7BD7643F7533E63EA5
:108C800059AA643FFBE6E63E147D643F5D9AE73EE9
:108C9000AC4F643F9C4DE83E2122643FB700E93E63
:108CA00073F4633FAEB3E93EA1C6633F8166EA3E1B
:108CB000AC98633F3019EB3E956A633FBBCBEB3E0C
:108CC0005A3C633F217EEC3EFC0D633F6330ED3E3A
:108CD0007BDF623F80E2ED3ED7B0623F7994EE3EAB
:108CE0001082623F4C46EF3E2653623FFBF7EF3E59
:108CF0001A24623F85A9F03EEAF4613FEA5AF13E48
:108D000098C5613F290CF23E2296613F43BDF23E79
:108D10008A66613F386EF33ED036613F071FF43EEE
:108D2000F206613FB1CFF43EF2D6603F3580F53EAA
:108D3000CFA6603F9330F63E8976603FCBE0F63EAB
:108D40002146603FDC90F73E9615603FC840F83EF4
:108D5000E9E45F3F8EF0F83E19B45F3F2DA0F93E85
:108D600027835F3FA54FFA3E12525F3FF7FEFA3E60
:108D7000DB205F3F22AEFB3E81EF5E3F275DFC3E86
:108D800005BE5E3F040CFD3E678C5E3FBBBAFD3EF8
:108D9000A65A5E3F4A69FE3EC3285E3FB217FF3EB9
:108DA000BEF65D3FF3C5FF3E97C45D3F063A003F08
:108DB0004D925D3FFF90003FE15F5D3FE4E7003F84
:108DC000532D5D3FB53E013FA3FA5C3F7395013FD4
:108DD000D1C75C3F1CEC013FDD945C3FB142023FD8
:108DE000C7615C3F3299023F8E2E5C3F9FEF023F8E
:108DF00034FB5B3FF845033FB8C75B3F3D9C033FF7
:108E00001A945B3F6DF2033F5A605B3F8948043F11
:108E1000792C5B3F919E043F75F85A3F84F4043FE0
:108E200050C45A3F624A053F09905A3F2CA0053F63
:108E3000A05B5A3FE2F5053F16275A3F824B063F9B
:108E40006AF2593F0EA1063F9CBD593F86F6063F88
:108E5000AD88593FE84B073F9C53593F36A1073F28
:108E60006A1E593F6FF6073F17E9583F924B083F7C
:108E7000A1B3583FA1A0083F0B7E583F9BF5083F88
:108E80005348583F7F4A093F7912583F4E9F093F48
:108E90007FDC573F09F4093F63A6573FAD480A3FBF
:108EA0002670573F3D9D0A3FC739573FB7F10A3FEC
:108EB0004803573F1C460B3FA7CC563F6B9A0B3FCE
:108EC000E595563FA5EE0B3F025F563FC9420C3F6A
:108ED000FE27563FD7960C3FD9F0553FD0EA0C3FBE
:108EE00093B9553FB33E0D3F2C82553F81920D3FC4
:108EF000A44A553F38E60D3FFB12553FDA390E3F85
:108F000031DB543F658D0E3F47A3543FDBE00E3FFE
:108F10003B6B543F3B340F3F0F33543F84870F3F2D
:108F2000C3FA533FB8DA0F3F55C2533FD52D103F18
:108F3000C789533FDC80103F1851533FCDD3103FBA
:108F40004918533FA726113F59DF523F6B79113F14
:108F500049A6523F19CC113F186D523FB01E123F27
:108F6000C633523F3071123F54FA513F9AC3123FF9
:108F7000C2C0513FEE15133F1087513F2A68133F7F
:108F80003D4D513F50BA133F4A13513F5F0C143FC0
:108F900037D9503F585E143F039F503F39B0143FBC
:108FA000AF64503F0402153F3B2A503FB753153F73
:108FB000A8EF4F3F54A5153FF4B44F3FD9F6153FE6
:108FC0001F7A4F3F4748163F2B3F4F3F9F99163F11
:108FD00017044F3FDFEA163FE4C84E3F073C173FF8
:108FE000908D4E3F188D173F1C524E3F12DE173F9B
:108FF00089164E3FF52E183FD5DA4D3FC07F183FFA
:10900000029F4D3F73D0183F10634D3F0F21193F12
:10901000FD264D3F9471193FCBEA4C3F00C2193FEA
:1090200079AE4C3F55121A3F08724C3F93621A3F7B
:1090300078354C3FB8B21A3FC7F84B3FC6021B3FCA
:10904000F8BB4B3FBB521B3F097F4B3F99A21B3FD5
:10905000FA414B3F5FF21B3FCC044B3F0C421C3F9D
:109060007FC74A3FA2911C3F138A4A3F1FE11C3F22
:10907000874C4A3F84301D3FDC0E4A3FD17F1D3F65
:1090800012D1493F06CF1D3F2993493F221E1E3F63
:109090002155493F266D1E3FFA16493F12BC1E3F1F
:1090A000B3D8483FE50A1F3F4E9A483F9F591F3F9C
:1090B000CA5B483F41A81F3F271D483FCBF61F3FD3
:1090C00065DE473F3B45203F849F473F9393203FCA
:1090D0008560473FD2E1203F6721473FF92F213F7D
:1090E0002AE2463F067E213FCEA2463FFBCB213FF0
:1090F0005463463FD719223FBB23463F9967223F1F
:1091000003E4453F43B5223F2DA4453FD302233F0F
:109110003964453F4B50233F2624453FA99D233FBB
:10912000F5E3443FEEEA233FA5A3443F1A38243F2A
:109130003763443F2C85243FAB22443F25D2243F54
:1091400000E2433F041F253F38A1433FCB6B253F3F
:109150005160433F77B8253F4C1F433F0A05263FE8
:1091600029DE423F8451263FE89C423FE39D263F53
:10917000895B423F2AEA263F0B1A423F5636273F79
:1091800070D8413F6882273FB796413F61CE273F65
:10919000E154413F401A283FEC12413F0566283F09
:1091A000DAD0403FB0B1283FA98E403F41FD283F73
:1091B0005C4C403FB848293FF009403F1594293F97
:1091C00067C73F3F57DF293FC0843F3F802A2A3F80
:1091D000FC413F3F8E752A3F1BFF3E3F82C02A3F26
:1091E0001BBC3E3F5B0B2B3FFF783E3F1B562B3F8C
:1091F000C5353E3FBFA02B3F6EF23D3F4AEB2B3FB4
:10920000F9AE3D3FB9352C3F676B3D3F0F802C3F9A
:10921000B8273D3F49CA2C3FECE33C3F69142D3F42
:1092200003A03C3F6F5E2D3FFC5B3C3F59A82D3FA8
:10923000D9173C3F29F22D3F98D33B3FDE3B2E3FD1
:109240003B8F3B3F78852E3FC14A3B3FF7CE2E3FB9
:1092500029063B3F5B182F3F75C13A3FA5612F3F61
:10926000A47C3A3FD3AA2F3FB7373A3FE6F32F3FCC
:10927000ACF2393FDE3C303F85AD393FBB85303FF6
:109280004268393F7CCE303FE122393F2217313FDF
:1092900065DD383FAD5F313FCB97383F1DA8313F8B
:1092A0001652383F71F0313F430C383FAA38323FF5
:1092B00055C6373FC780323F4A80373FC9C8323F23
:1092C000233A373FAF10333FDFF3363F7A58333F0F
:1092D0007FAD363F29A0333F0467363FBCE7333FBD
:1092E0006C20363F342F343FB8D9353F8F76343F2A
:1092F000E792353FCFBD343FFB4B353FF304353F5D
:10930000F304353FFB4B353FCFBD343FE792353F4C
:109310008F76343FB8D9353F342F343F6C20363FF9
:10932000BCE7333F0467363F29A0333F7FAD363F6C
:109330007A58333FDFF3363FAF10333F233A373F9E
:10934000C9C8323F4A80373FC780323F55C6373F92
:10935000AA38323F430C383F71F0313F1652383F44
:109360001DA8313FCB97383FAD5F313F65DD383FBA
:109370002217313FE122393F7CCE303F4268393FEE
:10938000BB85303F85AD393FDE3C303FACF2393FE5
:10939000E6F32F3FB7373A3FD3AA2F3FA47C3A3F9B
:1093A000A5612F3F75C13A3F5B182F3F29063B3F10
:1093B000F7CE2E3FC14A3B3F78852E3F3B8F3B3F48
:1093C000DE3B2E3F98D33B3F29F22D3FD9173C3F40
:1093D00059A82D3FFC5B3C3F6F5E2D3F03A03C3FF7
:1093E00069142D3FECE33C3F49CA2C3FB8273D3F71
:1093F0000F802C3F676B3D3FB9352C3FF9AE3D3FA9
:109400004AEB2B3F6EF23D3FBFA02B3FC5353E3FA1
:109410001B562B3FFF783E3F5B0B2B3F1BBC3E3F59
:1094200082C02A3F1BFF3E3F8E752A3FFC413F3FD3
:10943000802A2A3FC0843F3F57DF293F67C73F3F0D
:109440001594293FF009403FB848293F5C4C403F04
:1094500041FD283FA98E403FB0B1283FDAD0403FC0
:109460000566283FEC12413F401A283FE154413F36
:1094700061CE273FB796413F6882273F70D8413F72
:109480005636273F0B1A423F2AEA263F895B423F66
:10949000E39D263FE89C423F8451263F29DE423F20
:1094A0000A05263F4C1F433F77B8253F5160433F95
:1094B000CB6B253F38A1433F041F253F00E2433FCC
:1094C00025D2243FAB22443F2C85243F3763443FC1
:1094D0001A38243FA5A3443FEEEA233FF5E3443F77
:1094E000A99D233F2624453F4B50233F3964453FE8
:1094F000D302233F2DA4453F43B5223F03E4453F1C
:109500009967223FBB23463FD719223F5463463F0A
:10951000FBCB213FCEA2463F067E213F2AE2463FBB
:10952000F92F213F6721473FD2E1203F8560473F28
:109530009393203F849F473F3B45203F65DE473F55
:10954000CBF61F3F271D483F41A81F3FCA5B483F3E
:109550009F591F3F4E9A483FE50A1F3FB3D8483FE7
:1095600012BC1E3FFA16493F266D1E3F2155493F4A
:10957000221E1E3F2993493F06CF1D3F12D1493F6E
:10958000D17F1D3FDC0E4A3F84301D3F874C4A3F50
:109590001FE11C3F138A4A3FA2911C3F7FC74A3FED
:1095A0000C421C3FCC044B3F5FF21B3FFA414B3F48
:1095B00099A21B3F097F4B3FBB521B3FF8BB4B3F60
:1095C000C6021B3FC7F84B3FB8B21A3F78354C3F35
:1095D00093621A3F08724C3F55121A3F79AE4C3FC6
:1095E00000C2193FCBEA4C3F9471193FFD264D3F15
:1095F0000F21193F10634D3F73D0183F029F4D3F1D
:10960000C07F183FD5DA4D3FF52E183F89164E3FE3
:1096100012DE173F1C524E3F188D173F908D4E3F64
:10962000073C173FE4C84E3FDFEA163F17044F3FA1
:109630009F99163F2B3F4F3F4748163F1F7A4F3F9A
:10964000D9F6153FF4B44F3F54A5153FA8EF4F3F4F
:10965000B753153F3B2A503F0402153FAF64503FBC
:1096600039B0143F039F503F585E143F37D9503FE5
:109670005F0C143F4A13513F50BA133F3D4D513FC9
:109680002A68133F1087513FEE15133FC2C0513F68
:109690009AC3123F54FA513F3071123FC633523FC2
:1096A000B01E123F186D523F19CC113F49A6523FD0
:1096B0006B79113F59DF523FA726113F4918533F9D
:1096C000CDD3103F1851533FDC80103FC789533F23
:1096D000D52D103F55C2533FB8DA0F3FC3FA533F61
:1096E00084870F3F0F33543F3B340F3F3B6B543F56
:1096F000DBE00E3F47A3543F658D0E3F31DB543F07
:10970000DA390E3FFB12553F38E60D3FA44A553F6C
:1097100081920D3F2C82553FB33E0D3F93B9553F8B
:10972000D0EA0C3FD9F0553FD7960C3FFE27563F65
:10973000C9420C3F025F563FA5EE0B3FE595563FF1
:109740006B9A0B3FA7CC563F1C460B3F4803573F35
:10975000B7F10A3FC739573F3D9D0A3F2670573F33
:10976000AD480A3F63A6573F09F4093F7FDC573FE6
:109770004E9F093F7912583F7F4A093F5348583F4F
:109780009BF5083F0B7E583FA1A0083FA1B3583F6F
:10979000924B083F17E9583F6FF6073F6A1E593F43
:1097A00036A1073F9C53593FE84B073FAD88593FCF
:1097B00086F6063F9CBD593F0EA1063F6AF2593F0F
:1097C000824B063F16275A3FE2F5053FA05B5A3F02
:1097D0002CA0053F09905A3F624A053F50C45A3FAA
:1097E00084F4043F75F85A3F919E043F792C5B3F07
:1097F0008948043F5A605B3F6DF2033F1A945B3F18
:109800003D9C033FB8C75B3FF845033F34FB5B3FDC
:109810009FEF023F8E2E5C3F3299023FC7615C3F53
:10982000B142023FDD945C3F1CEC013FD1C75C3F7D
:109830007395013FA3FA5C3FB53E013F532D5D3F59
:10984000E4E7003FE15F5D3FFF90003F4D925D3FE9
:10985000063A003F97C45D3FF3C5FF3EBEF65D3F4D
:10986000B217FF3EC3285E3F4A69FE3EA65A5E3FDE
:10987000BBBAFD3E678C5E3F040CFD3E05BE5E3FFD
:10988000275DFC3E81EF5E3F22AEFB3EDB205F3F6B
:10989000F7FEFA3E12525F3FA54FFA3E27835F3F25
:1098A0002DA0F93E19B45F3F8EF0F83EE9E45F3F2A
:1098B000C840F83E9615603FDC90F73E2146603F79
:1098C000CBE0F63E8976603F9330F63ECFA6603F10
:1098D0003580F53EF2D6603FB1CFF43EF206613FEF
:1098E000071FF43ED036613F386EF33E8A66613F13
:1098F00043BDF23E2296613F290CF23E98C5613F7E
:10990000EA5AF13EEAF4613F85A9F03E1A24623F2B
:10991000FBF7EF3E2653623F4C46EF3E1082623F1C
:109920007994EE3ED7B0623F80E2ED3E7BDF623F4E
:109930006330ED3EFC0D633F217EEC3E5A3C633FBD
:10994000BBCBEB3E956A633F3019EB3EAC98633F6F
:109950008166EA3EA1C6633FAEB3E93E73F4633F5E
:10996000B700E93E2122643F9C4DE83EAC4F643F86
:109970005D9AE73E147D643FFBE6E63E59AA643FEC
:109980007533E63E7BD7643FCB7FE53E7904653F88
:10999000FECBE43E5431653F0E18E43E0B5E653F5E
:1099A000FA63E33EA08A653FC4AFE23E10B7653F6D
:1099B0006AFBE13E5EE3653FEE46E13E880F663FAF
:1099C0004F92E03E8E3B663F8DDDDF3E7167663F26
:1099D000A928DF3E3093663FA273DE3ECCBE663FD1
:1099E00079BEDD3E45EA663F2E09DD3E9915673FAB
:1099F000C153DC3ECA40673F319EDB3ED86B673FB8
:109A000080E8DA3EC196673FAD32DA3E87C1673FF4
:109A1000B97CD93E2AEC673FA3C6D83EA816683F5A
:109A20006B10D83E0341683F135AD73E396B683FED
:109A300099A3D63E4C95683FFDECD53E3CBF683FB0
:109A40004136D53E07E9683F647FD43EAE12693F98
:109A500067C8D33E323C693F4811D33E9165693FA8
:109A6000095AD23ECC8E693FAAA2D13EE4B7693FE3
:109A70002AEBD03ED7E0693F8A33D03EA7096A3F40
:109A8000CA7BCF3E52326A3FEAC3CE3ED95A6A3FC2
:109A9000EA0BCE3E3C836A3FCA53CD3E7BAB6A3F66
:109AA0008B9BCC3E95D36A3F2CE3CB3E8CFB6A3F2D
:109AB000AE2ACB3E5E236B3F1072CA3E0C4B6B3F0F
:109AC00053B9C93E95726B3F7700C93EFB996B3F16
:109AD0007C47C83E3BC16B3F628EC73E58E86B3F38
:109AE00029D5C63E500F6C3FD21BC63E24366C3F74
:109AF0005C62C53ED45C6C3FC8A8C43E5E836C3FCC
:109B000015EFC33EC5A96C3F4435C33E07D06C3F3B
:109B1000557BC23E24F66C3F48C1C13E1D1C6D3FC3
:109B20001E07C13EF2416D3FD54CC03EA1676D3F5F
:109B30006F92BF3E2D8D6D3FEBD7BE3E93B26D3F12
:109B40004A1DBE3ED5D76D3F8B62BD3EF2FC6D3FD8
:109B5000AFA7BC3EEB216E3FB6ECBB3EBE466E3FB0
:109B6000A031BB3E6D6B6E3F6E76BA3EF88F6E3F96
:109B70001EBBB93E5DB46E3FB2FFB83E9ED86E3F8D
:109B80002A44B83EBAFC6E3F8488B73EB0206F3F8F
:109B9000C3CCB63E83446F3FE610B63E30686F3F9D
:109BA000EC54B53EB88B6F3FD698B43E1BAF6F3FB9
:109BB000A5DCB33E5AD26F3F5820B33E73F56F3FDA
:109BC000EF63B23E6718703F6BA7B13E373B703F03
:109BD000CBEAB03EE15D703F102EB03E6680703F34
:109BE0003A71AF3EC6A2703F49B4AE3E02C5703F67
:109BF0003CF7AD3E17E7703F153AAD3E0809713F9F
:109C0000D47CAC3ED42A713F77BFAB3E7A4C713FD7
:109C10000102AB3EFB6D713F6F44AA3E578F713F0F
:109C2000C486A93E8EB0713FFEC8A83E9FD1713F49
:109C30001F0BA83E8CF2713F254DA73E5213723F79
:109C4000128FA63EF433723FE5D0A53E7054723FAA
:109C50009F12A53EC774723F3F54A43EF894723FD2
:109C6000C595A33E04B5723F33D7A23EEBD4723FF5
:109C70008718A23EACF4723FC259A13E4714733F0D
:109C8000E59AA03EBE33733FEEDB9F3E0E53733F1B
:109C9000DF1C9F3E3972733FB85D9E3E3F91733F1C
:109CA000789E9D3E1FB0733F20DF9C3ED9CE733F10
:109CB000AF1F9C3E6EED733F27609B3EDD0B743FF4
:109CC00086A09A3E272A743FCEE0993E4B48743FC7
:109CD000FE20993E4966743F1661983E2284743F87
:109CE00017A1973ED5A1743F00E1963E62BF743F35
:109CF000D220963EC9DC743F8D60953E0BFA743FCE
:109D000031A0943E2717753FBFDF933E1D34753F4A
:109D1000351F933EED50753F945E923E976D753FB3
:109D2000DD9D913E1C8A753F10DD903E7BA6753F00
:109D30002C1C903EB3C2753F325B8F3EC6DE753F32
:109D4000229A8E3EB3FA753FFCD88D3E7A16763F46
:109D5000C0178D3E1B32763F6E568C3E974D763F38
:109D600007958B3EEC68763F8AD38A3E1B84763F0C
:109D7000F8118A3E249F763F5050893E07BA763FBD
:109D8000938E883EC4D4763FC1CC873E5BEF763F4E
:109D9000DA0A873ECC09773FDF48863E1724773FB3
:109DA000CE86853E3C3E773FAAC4843E3A58773FF4
:109DB0007002843E1372773F2240833EC58B773F0B
:109DC000C07D823E51A5773F4ABB813EB7BE773FFB
:109DD000C0F8803EF7D7773F2236803E10F1773FBC
:109DE000E1E67E3E040A783F56617D3ED122783F0F
:109DF000A4DB7B3E773B783FCB557A3EF853783FE8
:109E0000CCCF783E526C783FA649773E8684783F27
:109E10005AC3753E939C783FE83C743E7BB4783FD0
:109E200051B6723E3BCC783F942F713ED6E3783FDB
:109E3000B2A86F3E4AFB783FAB216E3E9812793F45
:109E40007F9A6C3EBF29793F2F136B3EC040793F0C
:109E5000BA8B693E9A57793F2204683E4E6E793F2D
:109E6000667C663EDC84793F86F4643E439B793FA2
:109E7000836C633E83B1793F5CE4613E9DC7793F6B
:109E8000135C603E91DD793FA8D35E3E5EF3793F7F
:109E90001A4B5D3E04097A3F6AC25B3E841E7A3FDC
:109EA00097395A3EDD337A3FA4B0583E10497A3F85
:109EB0008F27573E1C5E7A3F589E553E02737A3F6D
:109EC0000115543EC1877A3F898B523E599C7A3F97
:109ED000F101513ECBB07A3F38784F3E16C57A3FFC
:109EE00060EE4D3E3AD97A3F67644C3E37ED7A3F9B
:109EF0004FDA4A3E0E017B3F1850493EBE147B3F6D
:109F0000C2C5473E48287B3F4D3B463EAB3B7B3F6F
:109F1000B9B0443EE74E7B3F0726433EFC617B3FA2
:109F2000379B413EEA747B3F4910403EB2877B3FFE
:109F30003E853E3E539A7B3F15FA3C3ECDAC7B3F7F
:109F4000CF6E3B3E20BF7B3F6CE3393E4DD17B3F24
:109F5000EC57383E53E37B3F50CC363E31F57B3FE8
:109F60009840353EE9067C3FC4B4333E7A187C3FC6
:109F7000D428323EE5297C3FC99C303E283B7C3FBB
:109F8000A2102F3E444C7C3F61842D3E3A5D7C3FC5
:109F900004F82B3E086E7C3F8D6B2A3EB07E7C3FE2
:109FA000FCDE283E318F7C3F5152273E8A9F7C3F0A
:109FB0008CC5253EBDAF7C3FAD38243EC9BF7C3F3C
:109FC000B6AB223EAECF7C3FA51E213E6CDF7C3F70
:109FD0007B911F3E03EF7C3F38041E3E73FE7C3FA7
:109FE000DE761C3EBC0D7D3F6BE91A3EDD1C7D3FDD
:109FF000E05B193ED82B7D3F3DCE173EAC3A7D3F0E
:10A000008340163E59497D3FB2B2143EDE577D3F34
:10A01000CA24133E3D667D3FCC96113E74747D3F4D
:10A02000B708103E85827D3F8B7A0E3E6E907D3F55
:10A030004AEC0C3E309E7D3FF35D0B3ECCAB7D3F4A
:10A0400086CF093E40B97D3F0541083E8CC67D3F25
:10A050006EB2063EB2D37D3FC223053EB1E07D3FE6
:10A060000295033E88ED7D3F2E06023E38FA7D3F85
:10A070004577003EC2067E3F92D0FD3D24137E3FD1
:10A0800073B2FA3D5E1F7E3F2C94F73D722B7E3FEC
:10A09000C075F43D5E377E3F2E57F13D23437E3F32
:10A0A0007638EE3DC14E7E3F9A19EB3D385A7E3FE1
:10A0B0009AFAE73D88657E3F76DBE43DB0707E3FEF
:10A0C0002EBCE13DB17B7E3FC49CDE3D8B867E3F56
:10A0D000377DDB3D3D917E3F895DD83DC99B7E3F0D
:10A0E000B93DD53D2DA67E3FC81DD23D69B07E3F0E
:10A0F000B7FDCE3D7FBA7E3F86DDCB3D6DC47E3F52
:10A1000036BDC83D34CE7E3FC69CC53DD4D77E3FCC
:10A11000397CC23D4CE17E3F8D5BBF3D9DEA7E3F79
:10A12000C33ABC3DC7F37E3FDD19B93DC9FC7E3F54
:10A13000DAF8B53DA4057F3FBBD7B23D580E7F3F4F
:10A1400080B6AF3DE4167F3F2B95AC3D491F7F3F66
:10A15000BA73A93D87277F3F3052A63D9D2F7F3F91
:10A160008C30A33D8D377F3FCF0EA03D543F7F3FC6
:10A17000F9EC9C3DF4467F3F0ACB993D6D4E7F3F05
:10A1800005A9963DBF557F3FE786933DE95C7F3F3C
:10A19000B464903DEC637F3F6A428D3DC76A7F3F68
:10A1A0000A208A3D7B717F3F94FD863D08787F3F82
:10A1B0000ADB833D6D7E7F3F6CB8803DAB847F3F83
:10A1C000742B7B3DC28A7F3FE9E5743DB1907F3FB0
:10A1D00038A06E3D78967F3F625A683D189C7F3F5D
:10A1E0006814623D91A17F3F4CCE5B3DE3A67F3F6B
:10A1F0000E88553D0DAC7F3FAF414F3D0FB17F3FC6
:10A200002FFB483DEAB57F3F91B4423D9EBA7F3F68
:10A21000D56D3C3D2ABF7F3FFC26363D8FC37F3F37
:10A2200007E02F3DCCC77F3FF698293DE2CB7F3F2B
:10A23000CC51233DD1CF7F3F880A1D3D98D37F3F2E
:10A240002CC3163D37D77F3FB87B103DAFDA7F3F39
:10A250002F340A3D00DE7F3F90EC033D29E17F3F34
:10A26000B949FB3C2BE47F3F2DBAEE3C05E77F3F2D
:10A270007B2AE23CB8E97F3FA69AD53C43EC7F3F7E
:10A28000B00AC93CA7EE7F3F9B7ABC3CE3F07F3F1E
:10A2900069EAAF3CF8F27F3F1C5AA33CE6F47F3FEB
:10A2A000B6C9963CACF67F3F38398A3C4AF87F3FC6
:10A2B0004B517B3CC1F97F3F0030623C11FB7F3F3B
:10A2C000900E493C39FC7F3F02ED2F3C39FD7F3F2A
:10A2D00059CB163C13FE7F3F3053FB3BC4FE7F3F00
:10A2E000890FC93B4EFF7F3FC1CB963BB1FF7F3FFC
:10A2F000C70F493BECFF7F3FD40FC93A0000803FB6
:10A3000000000000ECFF7F3FD40FC9BAB1FF7F3FD0
:10A31000C70F49BB4EFF7F3FC1CB96BBC4FE7F3FFB
:10A32000890FC9BB13FE7F3F3053FBBB39FD7F3F15
:10A3300059CB16BC39FC7F3F02ED2FBC11FB7F3F90
:10A34000900E49BCC1F97F3F003062BC4AF87F3FA4
:10A350004B517BBCACF67F3F38398ABCE6F47F3F7B
:10A36000B6C996BCF8F27F3F1C5AA3BCE3F07F3F0E
:10A3700069EAAFBCA7EE7F3F9B7ABCBC43EC7F3F52
:10A38000B00AC9BCB8E97F3FA69AD5BC05E77F3FB4
:10A390007B2AE2BC2BE47F3F2DBAEEBC29E17F3F54
:10A3A000B949FBBC00DE7F3F90EC03BDAFDA7F3FD5
:10A3B0002F340ABD37D77F3FB87B10BD98D37F3F7E
:10A3C0002CC316BDD1CF7F3F880A1DBDE2CB7F3F96
:10A3D000CC5123BDCCC77F3FF69829BD8FC37F3FAB
:10A3E00007E02FBD2ABF7F3FFC2636BD9EBA7F3FC8
:10A3F000D56D3CBDEAB57F3F91B442BD0FB17F3F03
:10A400002FFB48BD0DAC7F3FAF414FBDE3A67F3F63
:10A410000E8855BD91A17F3F4CCE5BBD189C7F3F00
:10A42000681462BD78967F3F625A68BDB1907F3FE5
:10A4300038A06EBDC28A7F3FE9E574BDAB847F3F23
:10A44000742B7BBD6D7E7F3F6CB880BD08787F3FED
:10A450000ADB83BD7B717F3F94FD86BDC76A7F3F6A
:10A460000A208ABDEC637F3F6A428DBDE95C7F3F75
:10A47000B46490BDBF557F3FE78693BD6D4E7F3F6F
:10A4800005A996BDF4467F3F0ACB99BD543F7F3F57
:10A49000F9EC9CBD8D377F3FCF0EA0BD9D2F7F3F38
:10A4A0008C30A3BD87277F3F3052A6BD491F7F3F19
:10A4B000BA73A9BDE4167F3F2B95ACBD580E7F3F04
:10A4C00080B6AFBDA4057F3FBBD7B2BDC9FC7E3F00
:10A4D000DAF8B5BDC7F37E3FDD19B9BD9DEA7E3F11
:10A4E000C33ABCBD4CE17E3F8D5BBFBDD4D77E3F40
:10A4F000397CC2BD34CE7E3FC69CC5BD6DC47E3F97
:10A5000036BDC8BD7FBA7E3F86DDCBBD69B07E3F1C
:10A51000B7FDCEBD2DA67E3FC81DD2BDC99B7E3FD7
:10A52000B93DD5BD3D917E3F895DD8BD8B867E3FCF
:10A53000377DDBBDB17B7E3FC49CDEBDB0707E3F0E
:10A540002EBCE1BD88657E3F76DBE4BD385A7E3F98
:10A550009AFAE7BDC14E7E3F9A19EBBD23437E3F79
:10A560007638EEBD5E377E3F2E57F1BD722B7E3FB3
:10A57000C075F4BD5E1F7E3F2C94F7BD24137E3F53
:10A5800073B2FABDC2067E3F92D0FDBD38FA7D3F60
:10A59000457700BE88ED7D3F2E0602BEB1E07D3FCF
:10A5A000029503BEB2D37D3FC22305BE8CC67D3F5C
:10A5B0006EB206BE40B97D3F054108BECCAB7D3FC3
:10A5C00086CF09BE309E7D3FF35D0BBE6E907D3F12
:10A5D0004AEC0CBE85827D3F8B7A0EBE74747D3F43
:10A5E000B70810BE3D667D3FCC9611BEDE577D3F5D
:10A5F000CA2413BE59497D3FB2B214BEAC3A7D3F66
:10A60000834016BED82B7D3F3DCE17BEDD1C7D3F5F
:10A61000E05B19BEBC0D7D3F6BE91ABE73FE7C3F4B
:10A62000DE761CBE03EF7C3F38041EBE6CDF7C3F31
:10A630007B911FBEAECF7C3FA51E21BEC9BF7C3F14
:10A64000B6AB22BEBDAF7C3FAD3824BE8A9F7C3FF7
:10A650008CC525BE318F7C3F515227BEB07E7C3FDA
:10A66000FCDE28BE086E7C3F8D6B2ABE3A5D7C3FC7
:10A6700004F82BBE444C7C3F61842DBE283B7C3FBC
:10A68000A2102FBEE5297C3FC99C30BE7A187C3FC2
:10A69000D42832BEE9067C3FC4B433BE31F57B3FDB
:10A6A000984035BE53E37B3F50CC36BE4DD17B3F07
:10A6B000EC5738BE20BF7B3F6CE339BECDAC7B3F4F
:10A6C000CF6E3BBE539A7B3F15FA3CBEB2877B3FB1
:10A6D0003E853EBEEA747B3F491040BEFC617B3F35
:10A6E000379B41BEE74E7B3F072643BEAB3B7B3FDC
:10A6F000B9B044BE48287B3F4D3B46BEBE147B3FAD
:10A70000C2C547BE0E017B3F185049BE37ED7A3FA8
:10A710004FDA4ABE3AD97A3F67644CBE16C57A3FD3
:10A7200060EE4DBECBB07A3F38784FBE599C7A3F31
:10A73000F10151BEC1877A3F898B52BE02737A3FC5
:10A74000011554BE1C5E7A3F589E55BE10497A3F93
:10A750008F2757BEDD337A3FA4B058BE841E7A3FA0
:10A7600097395ABE04097A3F6AC25BBE5EF3793FED
:10A770001A4B5DBE91DD793FA8D35EBE9DC7793F80
:10A78000135C60BE83B1793F5CE461BE439B793F5B
:10A79000836C63BEDC84793F86F464BE4E6E793F81
:10A7A000667C66BE9A57793F220468BEC040793FF6
:10A7B000BA8B69BEBF29793F2F136BBE9812793FC0
:10A7C0007F9A6CBE4AFB783FAB216EBED6E3783FE2
:10A7D000B2A86FBE3BCC783F942F71BE7BB4783F5C
:10A7E00051B672BE939C783FE83C74BE8684783F35
:10A7F0005AC375BE526C783FA64977BEF853783F6E
:10A80000CCCF78BE773B783FCB557ABED122783F0C
:10A81000A4DB7BBE040A783F56617DBE10F1773F12
:10A82000E1E67EBEF7D7773F223680BEB7BE773FE0
:10A83000C0F880BE51A5773F4ABB81BEC58B773F2C
:10A84000C07D82BE1372773F224083BE3A58773F65
:10A85000700284BE3C3E773FAAC484BE1724773F73
:10A86000CE8685BECC09773FDF4886BE5BEF763F5C
:10A87000DA0A87BEC4D4763FC1CC87BE07BA763F1A
:10A88000938E88BE249F763F505089BE1B84763FAE
:10A89000F8118ABEEC68763F8AD38ABE974D763F20
:10A8A00007958BBE1B32763F6E568CBE7A16763F6E
:10A8B000C0178DBEB3FA753FFCD88DBEC6DE753F9E
:10A8C000229A8EBEB3C2753F325B8FBE7BA6753FA8
:10A8D0002C1C90BE1C8A753F10DD90BE976D753F95
:10A8E000DD9D91BEED50753F945E92BE1D34753F67
:10A8F000351F93BE2717753FBFDF93BE0BFA743F1A
:10A9000031A094BEC9DC743F8D6095BE62BF743FB8
:10A91000D22096BED5A1743F00E196BE2284743F3A
:10A9200017A197BE4966743F166198BE4B48743FA5
:10A93000FE2099BE272A743FCEE099BEDD0B743FFE
:10A9400086A09ABE6EED733F27609BBED9CE733F43
:10A95000AF1F9CBE1FB0733F20DF9CBE3F91733F73
:10A96000789E9DBE3972733FB85D9EBE0E53733F95
:10A97000DF1C9FBEBE33733FEEDB9FBE4714733FA9
:10A98000E59AA0BEACF4723FC259A1BEEBD4723FAF
:10A990008718A2BE04B5723F33D7A2BEF894723FA7
:10A9A000C595A3BEC774723F3F54A4BE7054723F96
:10A9B0009F12A5BEF433723FE5D0A5BE5213723F7D
:10A9C000128FA6BE8CF2713F254DA7BE9FD1713F5D
:10A9D0001F0BA8BE8EB0713FFEC8A8BE578F713F37
:10A9E000C486A9BEFB6D713F6F44AABE7A4C713F0D
:10A9F0000102ABBED42A713F77BFABBE0809713FDD
:10AA0000D47CACBE17E7703F153AADBE02C5703FAF
:10AA10003CF7ADBEC6A2703F49B4AEBE6680703F83
:10AA20003A71AFBEE15D703F102EB0BE373B703F54
:10AA3000CBEAB0BE6718703F6BA7B1BE73F56F3F2E
:10AA4000EF63B2BE5AD26F3F5820B3BE1BAF6F3F09
:10AA5000A5DCB3BEB88B6F3FD698B4BE30686F3FED
:10AA6000EC54B5BE83446F3FE610B6BEB0206F3FD6
:10AA7000C3CCB6BEBAFC6E3F8488B7BE9ED86E3FCC
:10AA80002A44B8BE5DB46E3FB2FFB8BEF88F6E3FC9
:10AA90001EBBB9BE6D6B6E3F6E76BABEBE466E3FD4
:10AAA000A031BBBEEB216E3FB6ECBBBEF2FC6D3FEE
:10AAB000AFA7BCBED5D76D3F8B62BDBE93B26D3F15
:10AAC0004A1DBEBE2D8D6D3FEBD7BEBEA1676D3F4B
:10AAD0006F92BFBEF2416D3FD54CC0BE1D1C6D3F95
:10AAE0001E07C1BE24F66C3F48C1C1BE07D06C3FF3
:10AAF000557BC2BEC5A96C3F4435C3BE5E836C3F67
:10AB000015EFC3BED45C6C3FC8A8C4BE24366C3FEE
:10AB10005C62C5BE500F6C3FD21BC6BE58E86B3F8F
:10AB200029D5C6BE3BC16B3F628EC7BEFB996B3F4A
:10AB30007C47C8BE95726B3F7700C9BE0C4B6B3F1C
:10AB400053B9C9BE5E236B3F1072CABE8CFB6A3F0D
:10AB5000AE2ACBBE95D36A3F2CE3CBBE7BAB6A3F1C
:10AB60008B9BCCBE3C836A3FCA53CDBED95A6A3F49
:10AB7000EA0BCEBE52326A3FEAC3CEBEA7096A3F95
:10AB8000CA7BCFBED7E0693F8A33D0BEE4B7693F06
:10AB90002AEBD0BECC8E693FAAA2D1BE9165693F97
:10ABA000095AD2BE323C693F4811D3BEAE12693F4A
:10ABB00067C8D3BE07E9683F647FD4BE3CBF683F27
:10ABC0004136D5BE4C95683FFDECD5BE396B683F2C
:10ABD00099A3D6BE0341683F135AD7BEA816683F53
:10ABE0006B10D8BE2AEC673FA3C6D8BE87C1673FAB
:10ABF000B97CD9BEC196673FAD32DABED86B673F2C
:10AC000080E8DABECA40673F319EDBBE9915673FD8
:10AC1000C153DCBE45EA663F2E09DDBECCBE663FB1
:10AC200079BEDDBE3093663FA273DEBE7167663FBC
:10AC3000A928DFBE8E3B663F8DDDDFBE880F663FF5
:10AC40004F92E0BE5EE3653FEE46E1BE10B7653F62
:10AC50006AFBE1BEA08A653FC4AFE2BE0B5E653F02
:10AC6000FA63E3BE5431653F0E18E4BE7904653FD4
:10AC7000FECBE4BE7BD7643FCB7FE5BE59AA643FE1
:10AC80007533E6BE147D643FFBE6E6BEAC4F643F21
:10AC90005D9AE7BE2122643F9C4DE8BE73F4633F9A
:10ACA000B700E9BEA1C6633FAEB3E9BEAC98633F4F
:10ACB0008166EABE956A633F3019EBBE5A3C633F3A
:10ACC000BBCBEBBEFC0D633F217EECBE7BDF623F66
:10ACD0006330EDBED7B0623F80E2EDBE1082623FCE
:10ACE0007994EEBE2653623F4C46EFBE1A24623F73
:10ACF000FBF7EFBEEAF4613F85A9F0BE98C5613F5E
:10AD0000EA5AF1BE2296613F290CF2BE8A66613F83
:10AD100043BDF2BED036613F386EF3BEF206613FEE
:10AD2000071FF4BEF2D6603FB1CFF4BECFA6603F9E
:10AD30003580F5BE8976603F9330F6BE2146603F90
:10AD4000CBE0F6BE9615603FDC90F7BEE9E45F3FCE
:10AD5000C840F8BE19B45F3F8EF0F8BE27835F3F4E
:10AD60002DA0F9BE12525F3FA54FFABEDB205F3F18
:10AD7000F7FEFABE81EF5E3F22AEFBBE05BE5E3F30
:10AD8000275DFCBE678C5E3F040CFDBEA65A5E3F8D
:10AD9000BBBAFDBEC3285E3F4A69FEBEBEF65D3F3C
:10ADA000B217FFBE97C45D3FF3C5FFBE4D925D3F36
:10ADB000063A00BFE15F5D3FFF9000BF532D5D3F4E
:10ADC000E4E700BFA3FA5C3FB53E01BFD1C75C3FDB
:10ADD000739501BFDD945C3F1CEC01BFC7615C3F14
:10ADE000B14202BF8E2E5C3F329902BF34FB5B3F03
:10ADF0009FEF02BFB8C75B3FF84503BF1A945B3FA4
:10AE00003D9C03BF5A605B3F6DF203BF792C5B3FF3
:10AE1000894804BF75F85A3F919E04BF50C45A3FF9
:10AE200084F404BF09905A3F624A05BFA05B5A3FB1
:10AE30002CA005BF16275A3FE2F505BF6AF2593F1D
:10AE4000824B06BF9CBD593F0EA106BFAD88593F3E
:10AE500086F606BF9C53593FE84B07BF6A1E593F11
:10AE600036A107BF17E9583F6FF607BFA1B3583F98
:10AE7000924B08BF0B7E583FA1A008BF5348583FD4
:10AE80009BF508BF7912583F7F4A09BF7FDC573FC7
:10AE90004E9F09BF63A6573F09F409BF2670573F6D
:10AEA000AD480ABFC739573F3D9D0ABF4803573FCA
:10AEB000B7F10ABFA7CC563F1C460BBFE595563FDE
:10AEC0006B9A0BBF025F563FA5EE0BBFFE27563FA6
:10AED000C9420CBFD9F0553FD7960CBF93B9553F27
:10AEE000D0EA0CBF2C82553FB33E0DBFA44A553F5C
:10AEF00081920DBFFB12553F38E60DBF31DB543F49
:10AF0000DA390EBF47A3543F658D0EBF3B6B543FEC
:10AF1000DBE00EBF0F33543F3B340FBFC3FA533F48
:10AF200084870FBF55C2533FB8DA0FBFC789533F5D
:10AF3000D52D10BF1851533FDC8010BF4918533F27
:10AF4000CDD310BF59DF523FA72611BF49A6523FAC
:10AF50006B7911BF186D523F19CC11BFC633523FE8
:10AF6000B01E12BF54FA513F307112BFC2C0513FE0
:10AF70009AC312BF1087513FEE1513BF3D4D513F8D
:10AF80002A6813BF4A13513F50BA13BF37D9503FF5
:10AF90005F0C14BF039F503F585E14BFAF64503F17
:10AFA00039B014BF3B2A503F040215BFA8EF4F3FF2
:10AFB000B75315BFF4B44F3F54A515BF1F7A4F3F89
:10AFC000D9F615BF2B3F4F3F474816BF17044F3FD9
:10AFD0009F9916BFE4C84E3FDFEA16BF908D4E3FE3
:10AFE000073C17BF1C524E3F188D17BF89164E3FA6
:10AFF00012DE17BFD5DA4D3FF52E18BF029F4D3F29
:10B00000C07F18BF10634D3F73D018BFFD264D3F62
:10B010000F2119BFCBEA4C3F947119BF79AE4C3F59
:10B0200000C219BF08724C3F55121ABF78354C3F09
:10B0300093621ABFC7F84B3FB8B21ABFF8BB4B3F79
:10B04000C6021BBF097F4B3FBB521BBFFA414B3FA0
:10B0500099A21BBFCC044B3F5FF21BBF7FC74A3F87
:10B060000C421CBF138A4A3FA2911CBF874C4A3F27
:10B070001FE11CBFDC0E4A3F84301DBF12D1493F87
:10B08000D17F1DBF2993493F06CF1DBF2155493FA1
:10B09000221E1EBFFA16493F266D1EBFB3D8483F79
:10B0A00012BC1EBF4E9A483FE50A1FBFCA5B483F0D
:10B0B0009F591FBF271D483F41A81FBF65DE473F5F
:10B0C000CBF61FBF849F473F3B4520BF8560473F6E
:10B0D000939320BF6721473FD2E120BF2AE2463F3A
:10B0E000F92F21BFCEA2463F067E21BF5463463FC3
:10B0F000FBCB21BFBB23463FD71922BF03E4453F0B
:10B10000996722BF2DA4453F43B522BF3964453F0F
:10B11000D30223BF2624453F4B5023BFF5E3443FD2
:10B12000A99D23BFA5A3443FEEEA23BF3763443F55
:10B130001A3824BFAB22443F2C8524BF00E2433F92
:10B1400025D224BF38A1433F041F25BF5160433F90
:10B15000CB6B25BF4C1F433F77B825BF29DE423F4D
:10B160000A0526BFE89C423F845126BF895B423FC7
:10B17000E39D26BF0B1A423F2AEA26BF70D8413F03
:10B18000563627BFB796413F688227BFE154413FFB
:10B1900061CE27BFEC12413F401A28BFDAD0403FB2
:10B1A000056628BFA98E403FB0B128BF5C4C403F28
:10B1B00041FD28BFF009403FB84829BF67C73F3F5E
:10B1C000159429BFC0843F3F57DF29BFFC413F3F53
:10B1D000802A2ABF1BFF3E3F8E752ABF1BBC3E3F05
:10B1E00082C02ABFFF783E3F5B0B2BBFC5353E3F79
:10B1F0001B562BBF6EF23D3FBFA02BBFF9AE3D3FAC
:10B200004AEB2BBF676B3D3FB9352CBFB8273D3F9D
:10B210000F802CBFECE33C3F49CA2CBF03A03C3F4E
:10B2200069142DBFFC5B3C3F6F5E2DBFD9173C3FBF
:10B2300059A82DBF98D33B3F29F22DBF3B8F3B3FF1
:10B24000DE3B2EBFC14A3B3F78852EBF29063B3FE0
:10B25000F7CE2EBF75C13A3F5B182FBFA47C3A3F93
:10B26000A5612FBFB7373A3FD3AA2FBFACF2393F02
:10B27000E6F32FBF85AD393FDE3C30BF4268393F32
:10B28000BB8530BFE122393F7CCE30BF65DD383F22
:10B29000221731BFCB97383FAD5F31BF1652383FD1
:10B2A0001DA831BF430C383F71F031BF55C6373F41
:10B2B000AA3832BF4A80373FC78032BF233A373F70
:10B2C000C9C832BFDFF3363FAF1033BF7FAD363F63
:10B2D0007A5833BF0467363F29A033BF6C20363F0E
:10B2E000BCE733BFB8D9353F342F34BFE792353F81
:10B2F0008F7634BFFB4B353FCFBD34BFF304353FB2
:10B30000F30435BFCFBD343FFB4B35BF8F76343FA1
:10B31000E79235BF342F343FB8D935BFBCE7333F50
:10B320006C2036BF29A0333F046736BF7A58333FBD
:10B330007FAD36BFAF10333FDFF336BFC9C8323FF2
:10B34000233A37BFC780323F4A8037BFAA38323FDF
:10B3500055C637BF71F0313F430C38BF1DA8313F90
:10B36000165238BFAD5F313FCB9738BF2217313F00
:10B3700065DD38BF7CCE303FE12239BFBB85303F31
:10B38000426839BFDE3C303F85AD39BFE6F32F3F21
:10B39000ACF239BFD3AA2F3FB7373ABFA5612F3FD1
:10B3A000A47C3ABF5B182F3F75C13ABFF7CE2E3F42
:10B3B00029063BBF78852E3FC14A3BBFDE3B2E3F6F
:10B3C0003B8F3BBF29F22D3F98D33BBF59A82D3F60
:10B3D000D9173CBF6F5E2D3FFC5B3CBF69142D3F0E
:10B3E00003A03CBF49CA2C3FECE33CBF0F802C3F7D
:10B3F000B8273DBFB9352C3F676B3DBF4AEB2B3FAC
:10B40000F9AE3DBFBFA02B3F6EF23DBF1B562B3F99
:10B41000C5353EBF5B0B2B3FFF783EBF82C02A3F46
:10B420001BBC3EBF8E752A3F1BFF3EBF802A2A3FB2
:10B43000FC413FBF57DF293FC0843FBF1594293FE0
:10B4400067C73FBFB848293FF00940BF41FD283FCB
:10B450005C4C40BFB0B1283FA98E40BF0566283F75
:10B46000DAD040BF401A283FEC1241BF61CE273FDF
:10B47000E15441BF6882273FB79641BF5636273F08
:10B4800070D841BF2AEA263F0B1A42BFE39D263FF0
:10B49000895B42BF8451263FE89C42BF0A05263F94
:10B4A00029DE42BF77B8253F4C1F43BFCB6B253FFA
:10B4B000516043BF041F253F38A143BF25D2243F1D
:10B4C00000E243BF2C85243FAB2244BF1A38243FFF
:10B4D000376344BFEEEA233FA5A344BFA99D233FA2
:10B4E000F5E344BF4B50233F262445BFD302233FFF
:10B4F000396445BF43B5223F2DA445BF9967223F1C
:10B5000003E445BFD719223FBB2346BFFBCB213FF6
:10B51000546346BF067E213FCEA246BFF92F213F8E
:10B520002AE246BFD2E1203F672147BF9393203FE5
:10B53000856047BF3B45203F849F47BFCBF61F3FF9
:10B5400065DE47BF41A81F3F271D48BF9F591F3FCA
:10B55000CA5B48BFE50A1F3F4E9A48BF12BC1E3F58
:10B56000B3D848BF266D1E3FFA1649BF221E1E3FA4
:10B57000215549BF06CF1D3F299349BFD17F1D3FAC
:10B5800012D149BF84301D3FDC0E4ABF1FE11C3F72
:10B59000874C4ABFA2911C3F138A4ABF0C421C3FF2
:10B5A0007FC74ABF5FF21B3FCC044BBF99A21B3F32
:10B5B000FA414BBFBB521B3F097F4BBFC6021B3F2B
:10B5C000F8BB4BBFB8B21A3FC7F84BBF93621A3FE4
:10B5D00078354CBF55121A3F08724CBF00C2193F54
:10B5E00079AE4CBF9471193FCBEA4CBF0F21193F84
:10B5F000FD264DBF73D0183F10634DBFC07F183F6D
:10B60000029F4DBFF52E183FD5DA4DBF12DE173F12
:10B6100089164EBF188D173F1C524EBF073C173F6F
:10B62000908D4EBFDFEA163FE4C84EBF9F99163F8C
:10B6300017044FBF4748163F2B3F4FBFD9F6153F62
:10B640001F7A4FBF54A5153FF4B44FBFB753153FF2
:10B65000A8EF4FBF0402153F3B2A50BF39B0143F3B
:10B66000AF6450BF585E143F039F50BF5F0C143F40
:10B6700037D950BF50BA133F4A1351BF2A68133FFE
:10B680003D4D51BFEE15133F108751BF9AC3123F76
:10B69000C2C051BF3071123F54FA51BFB01E123FA9
:10B6A000C63352BF19CC113F186D52BF6B79113F91
:10B6B00049A652BFA726113F59DF52BFCDD3103F35
:10B6C000491853BFDC80103F185153BFD52D103F90
:10B6D000C78953BFB8DA0F3F55C253BF84870F3FA6
:10B6E000C3FA53BF3B340F3F0F3354BFDBE00E3F71
:10B6F0003B6B54BF658D0E3F47A354BFDA390E3FF5
:10B7000031DB54BF38E60D3FFB1255BF81920D3F30
:10B71000A44A55BFB33E0D3F2C8255BFD0EA0C3F23
:10B7200093B955BFD7960C3FD9F055BFC9420C3FCE
:10B73000FE2756BFA5EE0B3F025F56BF6B9A0B3F2D
:10B74000E59556BF1C460B3FA7CC56BFB7F10A3F45
:10B75000480357BF3D9D0A3FC73957BFAD480A3F11
:10B76000267057BF09F4093F63A657BF4E9F093F94
:10B770007FDC57BF7F4A093F791258BF9BF5083FCE
:10B78000534858BFA1A0083F0B7E58BF924B083FBB
:10B79000A1B358BF6FF6073F17E958BF36A1073F5F
:10B7A0006A1E59BFE84B073F9C5359BF86F6063FB8
:10B7B000AD8859BF0EA1063F9CBD59BF824B063FC5
:10B7C0006AF259BFE2F5053F16275ABF2CA0053F84
:10B7D000A05B5ABF624A053F09905ABF84F4043FF8
:10B7E00050C45ABF919E043F75F85ABF8948043F20
:10B7F000792C5BBF6DF2033F5A605BBF3D9C033FFA
:10B800001A945BBFF845033FB8C75BBF9FEF023F89
:10B8100034FB5BBF3299023F8E2E5CBFB142023FC8
:10B82000C7615CBF1CEC013FDD945CBF7395013FB9
:10B83000D1C75CBFB53E013FA3FA5CBFE4E7003F60
:10B84000532D5DBFFF90003FE15F5DBF063A003FB3
:10B850004D925DBFF3C5FF3E97C45DBFB217FF3E7B
:10B86000BEF65DBF4A69FE3EC3285EBFBBBAFD3E61
:10B87000A65A5EBF040CFD3E678C5EBF275DFC3E92
:10B8800005BE5EBF22AEFB3E81EF5EBFF7FEFA3E15
:10B89000DB205FBFA54FFA3E12525FBF2DA0F93EDD
:10B8A00027835FBF8EF0F83E19B45FBFC840F83EF3
:10B8B000E9E45FBFDC90F73E961560BFCBE0F63E53
:10B8C000214660BF9330F63E897660BF3580F53EF5
:10B8D000CFA660BFB1CFF43EF2D660BF071FF43EE3
:10B8E000F20661BF386EF33ED03661BF43BDF23E13
:10B8F0008A6661BF290CF23E229661BFEA5AF13E88
:10B9000098C561BF85A9F03EEAF461BFFBF7EF3E41
:10B910001A2462BF4C46EF3E265362BF7994EE3E36
:10B92000108262BF80E2ED3ED7B062BF6330ED3E71
:10B930007BDF62BF217EEC3EFC0D63BFBBCBEB3EE9
:10B940005A3C63BF3019EB3E956A63BF8166EA3E9D
:10B95000AC9863BFAEB3E93EA1C663BFB700E93E92
:10B9600073F463BF9C4DE83E212264BF5D9AE73EBD
:10B97000AC4F64BFFBE6E63E147D64BF7533E63E24
:10B9800059AA64BFCB7FE53E7BD764BFFECBE43EC4
:10B99000790465BF0E18E43E543165BFFA63E33E97
:10B9A0000B5E65BFC4AFE23EA08A65BF6AFBE13EA5
:10B9B00010B765BFEE46E13E5EE365BF4F92E03EE5
:10B9C000880F66BF8DDDDF3E8E3B66BFA928DF3E58
:10B9D000716766BFA273DE3E309366BF79BEDD3EFF
:10B9E000CCBE66BF2E09DD3E45EA66BFC153DC3ED4
:10B9F000991567BF319EDB3ECA4067BF80E8DA3EDB
:10BA0000D86B67BFAD32DA3EC19667BFB97CD93E0D
:10BA100087C167BFA3C6D83E2AEC67BF6B10D83E6C
:10BA2000A81668BF135AD73E034168BF99A3D63EF4
:10BA3000396B68BFFDECD53E4C9568BF4136D53EAD
:10BA40003CBF68BF647FD43E07E968BF67C8D33E88
:10BA5000AE1269BF4811D33E323C69BF095AD23E8B
:10BA6000916569BFAAA2D13ECC8E69BF2AEBD03EB8
:10BA7000E4B769BF8A33D03ED7E069BFCA7BCF3E07
:10BA8000A7096ABFEAC3CE3E52326ABFEA0BCE3E76
:10BA9000D95A6ABFCA53CD3E3C836ABF8B9BCC3E0A
:10BAA0007BAB6ABF2CE3CB3E95D36ABFAE2ACB3EBD
:10BAB0008CFB6ABF1072CA3E5E236BBF53B9C93E8E
:10BAC0000C4B6BBF7700C93E95726BBF7C47C83E7D
:10BAD000FB996BBF628EC73E3BC16BBF29D5C63E8B
:10BAE00058E86BBFD21BC63E500F6CBF5C62C53EB0
:10BAF00024366CBFC8A8C43ED45C6CBF15EFC33EEF
:10BB00005E836CBF4435C33EC5A96CBF557BC23E46
:10BB100007D06CBF48C1C13E24F66CBF1E07C13EB2
:10BB20001D1C6DBFD54CC03EF2416DBF6F92BF3E34
:10BB3000A1676DBFEBD7BE3E2D8D6DBF4A1DBE3ECA
:10BB400093B26DBF8B62BD3ED5D76DBFAFA7BC3E74
:10BB5000F2FC6DBFB6ECBB3EEB216EBFA031BB3E2D
:10BB6000BE466EBF6E76BA3E6D6B6EBF1EBBB93EF3
:10BB7000F88F6EBFB2FFB83E5DB46EBF2A44B83EC8
:10BB80009ED86EBF8488B73EBAFC6EBFC3CCB63EAB
:10BB9000B0206FBFE610B63E83446FBFEC54B53E95
:10BBA00030686FBFD698B43EB88B6FBFA5DCB33E8C
:10BBB0001BAF6FBF5820B33E5AD26FBFEF63B23E88
:10BBC00073F56FBF6BA7B13E671870BFCBEAB03E8D
:10BBD000373B70BF102EB03EE15D70BF3A71AF3E93
:10BBE000668070BF49B4AE3EC6A270BF3CF7AD3EA2
:10BBF00002C570BF153AAD3E17E770BFD47CAC3EAE
:10BC0000080971BF77BFAB3ED42A71BF0102AB3EBA
:10BC10007A4C71BF6F44AA3EFB6D71BFC486A93ECA
:10BC2000578F71BFFEC8A83E8EB071BF1F0BA83ED4
:10BC30009FD171BF254DA73E8CF271BF128FA63EDA
:10BC4000521372BFE5D0A53EF43372BF9F12A53EDA
:10BC5000705472BF3F54A43EC77472BFC595A33ED3
:10BC6000F89472BF33D7A23E04B572BF8718A23EC4
:10BC7000EBD472BFC259A13EACF472BFE59AA03EAC
:10BC8000471473BFEEDB9F3EBE3373BFDF1C9F3E86
:10BC90000E5373BFB85D9E3E397273BF789E9D3E52
:10BCA0003F9173BF20DF9C3E1FB073BFAF1F9C3E10
:10BCB000D9CE73BF27609B3E6EED73BF86A09A3EC0
:10BCC000DD0B74BFCEE0993E272A74BFFE20993E5B
:10BCD0004B4874BF1661983E496674BF17A1973EE2
:10BCE000228474BF00E1963ED5A174BFD220963E57
:10BCF00062BF74BF8D60953EC9DC74BF31A0943EB5
:10BD00000BFA74BFBFDF933E271775BF351F933EF5
:10BD10001D3475BF945E923EED5075BFDD9D913E22
:10BD2000976D75BF10DD903E1C8A75BF2C1C903E30
:10BD30007BA675BF325B8F3EB3C275BF229A8E3E23
:10BD4000C6DE75BFFCD88D3EB3FA75BFC0178D3EF9
:10BD50007A1676BF6E568C3E1B3276BF07958B3EA9
:10BD6000974D76BF8AD38A3EEC6876BFF8118A3E3B
:10BD70001B8476BF5050893E249F76BF938E883EA9
:10BD800007BA76BFC1CC873EC4D476BFDA0A873EF5
:10BD90005BEF76BFDF48863ECC0977BFCE86853E17
:10BDA000172477BFAAC4843E3C3E77BF7002843E0E
:10BDB0003A5877BF2240833E137277BFC07D823EE0
:10BDC000C58B77BF4ABB813E51A577BFC0F8803E87
:10BDD000B7BE77BF2236803EF7D777BFE1E67E3E1B
:10BDE00010F177BF56617D3E040A78BFA4DB7B3E2D
:10BDF000D12278BFCB557A3E773B78BFCCCF783E07
:10BE0000F85378BFA649773E526C78BF5AC3753E47
:10BE1000868478BFE83C743E939C78BF51B6723EEE
:10BE20007BB478BF942F713E3BCC78BFB2A86F3EF5
:10BE3000D6E378BFAB216E3E4AFB78BF7F9A6C3E5B
:10BE4000981279BF2F136B3EBF2979BFBA8B693E19
:10BE5000C04079BF2204683E9A5779BF667C663E2F
:10BE60004E6E79BF86F4643EDC8479BF836C633E9A
:10BE7000439B79BF5CE4613E83B179BF135C603E54
:10BE80009DC779BFA8D35E3E91DD79BF1A4B5D3E59
:10BE90005EF379BF6AC25B3E04097ABF97395A3EA6
:10BEA000841E7ABFA4B0583EDD337ABF8F27573E39
:10BEB00010497ABF589E553E1C5E7ABF0115543E0C
:10BEC00002737ABF898B523EC1877ABFF101513E1E
:10BED000599C7ABF38784F3ECBB07ABF60EE4D3E6A
:10BEE00016C57ABF67644C3E3AD97ABF4FDA4A3EEC
:10BEF00037ED7ABF1850493E0E017BBFC2C5473EA1
:10BF0000BE147BBF4D3B463E48287BBFB9B0443E84
:10BF1000AB3B7BBF0726433EE74E7BBF379B413E93
:10BF2000FC617BBF4910403EEA747BBF3E853E3ECC
:10BF3000B2877BBF15FA3C3E539A7BBFCF6E3B3E28
:10BF4000CDAC7BBF6CE3393E20BF7BBFEC57383EA6
:10BF50004DD17BBF50CC363E53E37BBF9840353E3E
:10BF600031F57BBFC4B4333EE9067CBFD428323EF2
:10BF70007A187CBFC99C303EE5297CBFA2102F3EB9
:10BF8000283B7CBF61842D3E444C7CBF04F82B3E93
:10BF90003A5D7CBF8D6B2A3E086E7CBFFCDE283E7E
:10BFA000B07E7CBF5152273E318F7CBF8CC5253E71
:10BFB0008A9F7CBFAD38243EBDAF7CBFB6AB223E6E
:10BFC000C9BF7CBFA51E213EAECF7CBF7B911F3E6B
:10BFD0006CDF7CBF38041E3E03EF7CBFDE761C3E68
:10BFE00073FE7CBF6BE91A3EBC0D7DBFE05B193E62
:10BFF000DD1C7DBF3DCE173ED82B7DBF8340163E56
:10C00000AC3A7DBFB2B2143E59497DBFCA24133E3B
:10C01000DE577DBFCC96113E3D667DBFB708103E12
:10C0200074747DBF8B7A0E3E85827DBF4AEC0C3ED8
:10C030006E907DBFF35D0B3E309E7DBF86CF093E87
:10C04000CCAB7DBF0541083E40B97DBF6EB2063E18
:10C050008CC67DBFC223053EB2D37DBF0295033E91
:10C06000B1E07DBF2E06023E88ED7DBF4577003EE4
:10C0700038FA7DBF92D0FD3DC2067EBF73B2FA3D55
:10C0800024137EBF2C94F73D5E1F7EBFC075F43D28
:10C09000722B7EBF2E57F13D5E377EBF7638EE3D68
:10C0A00023437EBF9A19EB3DC14E7EBF9AFAE73D0E
:10C0B000385A7EBF76DBE43D88657EBF2EBCE13D0D
:10C0C000B0707EBFC49CDE3DB17B7EBF377DDB3D63
:10C0D0008B867EBF895DD83D3D917EBFB93DD53D04
:10C0E000C99B7EBFC81DD23D2DA67EBFB7FDCE3DEC
:10C0F00069B07EBF86DDCB3D7FBA7EBF36BDC83D11
:10C100006DC47EBFC69CC53D34CE7EBF397CC23D6A
:10C11000D4D77EBF8D5BBF3D4CE17EBFC33ABC3DF3
:10C120009DEA7EBFDD19B93DC7F37EBFDAF8B53DA4
:10C13000C9FC7EBFBBD7B23DA4057FBF80B6AF3D73
:10C14000580E7FBF2B95AC3DE4167FBFBA73A93D57
:10C15000491F7FBF3052A63D87277FBF8C30A33D4C
:10C160009D2F7FBFCF0EA03D8D377FBFF9EC9C3D4B
:10C17000543F7FBF0ACB993DF4467FBF05A9963D4A
:10C180006D4E7FBFE786933DBF557FBFB464903D42
:10C19000E95C7FBF6A428D3DEC637FBF0A208A3D28
:10C1A000C76A7FBF94FD863D7B717FBF0ADB833DFD
:10C1B00008787FBF6CB8803D6D7E7FBF742B7B3D60
:10C1C000AB847FBFE9E5743DC28A7FBF38A06E3D76
:10C1D000B1907FBF625A683D78967FBF6814623D18
:10C1E000189C7FBF4CCE5B3D91A17FBF0E88553D13
:10C1F000E3A67FBFAF414F3D0DAC7FBF2FFB483D56
:10C200000FB17FBF91B4423DEAB57FBFD56D3C3DD4
:10C210009EBA7FBFFC26363D2ABF7FBF07E02F3D79
:10C220008FC37FBFF698293DCCC77FBFCC51233D3C
:10C23000E2CB7FBF880A1D3DD1CF7FBF2CC3163D07
:10C2400098D37FBFB87B103D37D77FBF2F340A3DCF
:10C25000AFDA7FBF90EC033D00DE7FBFB949FB3C06
:10C2600029E17FBF2DBAEE3C2BE47FBF7B2AE23C65
:10C2700005E77FBFA69AD53CB8E97FBFB00AC93CA5
:10C2800043EC7FBF9B7ABC3CA7EE7FBF69EAAF3C23
:10C29000E3F07FBF1C5AA33CF8F27FBFB6C9963CBF
:10C2A000E6F47FBF38398A3CACF67FBF4B517B3C0C
:10C2B0004AF87FBF0030623CC1F97FBF900E493C15
:10C2C00011FB7FBF02ED2F3C39FC7FBF59CB163CE1
:10C2D00039FD7FBF3053FB3B13FE7FBF890FC93B46
:10C2E000C4FE7FBFC1CB963B4EFF7FBFC70F493B0C
:10C2F000B1FF7FBFD40FC93AECFF7FBF0000000041
:10C300000000803F900E493C11FB7F3FB00AC93CC2
:10C3100043EC7F3F2CC3163D98D37F3F2FFB483D16
:10C320000FB17F3F742B7B3DAB847F3F05A9963DCA
:10C330006D4E7F3F80B6AF3D580E7F3F36BDC83D46
:10C340006DC47E3F2EBCE13DB0707E3F73B2FA3DBE
:10C3500024137E3F86CF093ECCAB7D3F8340163E03
:10C36000AC3A7D3FB6AB223EC9BF7C3FA2102F3E08
:10C37000283B7C3FCF6E3B3ECDAC7B3FC2C5473EAA
:10C38000BE147B3F0115543E02737A3F135C603E3E
:10C390009DC7793F7F9A6C3E9812793FCCCF783E0B
:10C3A000F853783FC07D823EC58B773F938E883EA1
:10C3B00007BA763F229A8E3EC6DE753F31A0943E84
:10C3C0000BFA743F86A09A3EDD0B743FE59AA03EBF
:10C3D0004714733F128FA63E5213723FD47CAC3E7B
:10C3E0000809713FEF63B23E73F56F3F2A44B83ED0
:10C3F0009ED86E3F4A1DBE3E93B26D3F15EFC33EC1
:10C400005E836C3F53B9C93E0C4B6B3FCA7BCF3E3A
:10C41000A7096A3F4136D53E3CBF683F80E8DA3E17
:10C42000D86B673F4F92E03E880F663F7533E63E1C
:10C4300059AA643FBBCBEB3E5A3C633FEA5AF13EFC
:10C4400098C5613FCBE0F63E2146603F275DFC3E4C
:10C4500005BE5E3FE4E7003F532D5D3F3D9C033F3B
:10C460001A945B3F824B063F6AF2593F9BF5083FA7
:10C470005348583F6B9A0B3FE595563FDA390E3FCC
:10C4800031DB543FCDD3103F4918533F2A68133F47
:10C490003D4D513FD9F6153F1F7A4F3FC07F183FA2
:10C4A000029F4D3FC6021B3FF8BB4B3FD17F1D3F54
:10C4B00012D1493FCBF61F3F65DE473F9967223FC8
:10C4C00003E4453F25D2243F00E2433F5636273F51
:10C4D00070D8413F1594293F67C73F3F4AEB2B3F38
:10C4E000F9AE3D3FDE3B2E3F3B8F3B3FBB85303FB0
:10C4F0004268393FC9C8323F233A373FF304353FDA
:10C50000F304353F233A373FC9C8323F4268393FC9
:10C51000BB85303F3B8F3B3FDE3B2E3FF9AE3D3F7F
:10C520004AEB2B3F67C73F3F1594293F70D8413FE7
:10C530005636273F00E2433F25D2243F03E4453FE0
:10C540009967223F65DE473FCBF61F3F12D1493F37
:10C55000D17F1D3FF8BB4B3FC6021B3F029F4D3FA3
:10C56000C07F183F1F7A4F3FD9F6153F3D4D513FD1
:10C570002A68133F4918533FCDD3103F31DB543F56
:10C58000DA390E3FE595563F6B9A0B3F5348583FBB
:10C590009BF5083F6AF2593F824B063F1A945B3F76
:10C5A0003D9C033F532D5D3FE4E7003F05BE5E3FEA
:10C5B000275DFC3E2146603FCBE0F63E98C5613FDB
:10C5C000EA5AF13E5A3C633FBBCBEB3E59AA643F6B
:10C5D0007533E63E880F663F4F92E03ED86B673F6B
:10C5E00080E8DA3E3CBF683F4136D53EA7096A3F46
:10C5F000CA7BCF3E0C4B6B3F53B9C93E5E836C3F49
:10C6000015EFC33E93B26D3F4A1DBE3E9ED86E3FAE
:10C610002A44B83E73F56F3FEF63B23E0809713F9D
:10C62000D47CAC3E5213723F128FA63E4714733F28
:10C63000E59AA03EDD0B743F86A09A3E0BFA743F4C
:10C6400031A0943EC6DE753F229A8E3E07BA763FF1
:10C65000938E883EC58B773FC07D823EF853783FEE
:10C66000CCCF783E9812793F7F9A6C3E9DC7793F38
:10C67000135C603E02737A3F0115543EBE147B3F4B
:10C68000C2C5473ECDAC7B3FCF6E3B3E283B7C3F97
:10C69000A2102F3EC9BF7C3FB6AB223EAC3A7D3FD5
:10C6A0008340163ECCAB7D3F86CF093E24137E3FB0
:10C6B00073B2FA3DB0707E3F2EBCE13D6DC47E3F4B
:10C6C00036BDC83D580E7F3F80B6AF3D6D4E7F3FB3
:10C6D00005A9963DAB847F3F742B7B3D0FB17F3F17
:10C6E0002FFB483D98D37F3F2CC3163D43EC7F3F43
:10C6F000B00AC93C11FB7F3F900E493C0000803FCF
:10C700000000000011FB7F3F900E49BC43EC7F3FCF
:10C71000B00AC9BC98D37F3F2CC316BD0FB17F3F71
:10C720002FFB48BDAB847F3F742B7BBD6D4E7F3F9D
:10C7300005A996BD580E7F3F80B6AFBD6DC47E3F44
:10C7400036BDC8BDB0707E3F2EBCE1BD24137E3F18
:10C7500073B2FABDCCAB7D3F86CF09BEAC3A7D3F0C
:10C76000834016BEC9BF7C3FB6AB22BE283B7C3F90
:10C77000A2102FBECDAC7B3FCF6E3BBEBE147B3F25
:10C78000C2C547BE02737A3F011554BE9DC7793FAB
:10C79000135C60BE9812793F7F9A6CBEF853783F65
:10C7A000CCCF78BEC58B773FC07D82BE07BA763FBF
:10C7B000938E88BEC6DE753F229A8EBE0BFA743FFA
:10C7C00031A094BEDD0B743F86A09ABE4714733F20
:10C7D000E59AA0BE5213723F128FA6BE0809713FA0
:10C7E000D47CACBE73F56F3FEF63B2BE9ED86E3F94
:10C7F0002A44B8BE93B26D3F4A1DBEBE5E836C3FF5
:10C8000015EFC3BE0C4B6B3F53B9C9BEA7096A3FB6
:10C81000CA7BCFBE3CBF683F4136D5BED86B673FB1
:10C8200080E8DABE880F663F4F92E0BE59AA643FA7
:10C830007533E6BE5A3C633FBBCBEBBE98C5613F48
:10C84000EA5AF1BE2146603FCBE0F6BE05BE5E3F30
:10C85000275DFCBE532D5D3FE4E700BF1A945B3FAC
:10C860003D9C03BF6AF2593F824B06BF5348583F75
:10C870009BF508BFE595563F6B9A0BBF31DB543FE4
:10C88000DA390EBF4918533FCDD310BF3D4D513F4C
:10C890002A6813BF1F7A4F3FD9F615BF029F4D3F3D
:10C8A000C07F18BFF8BB4B3FC6021BBF12D1493F28
:10C8B000D17F1DBF65DE473FCBF61FBF03E4453F79
:10C8C000996722BF00E2433F25D224BF70D8413F81
:10C8D000563627BF67C73F3F159429BFF9AE3D3F86
:10C8E0004AEB2BBF3B8F3B3FDE3B2EBF4268393FBD
:10C8F000BB8530BF233A373FC9C832BFF304353F49
:10C90000F30435BFC9C8323F233A37BFBB85303F38
:10C91000426839BFDE3B2E3F3B8F3BBF4AEB2B3F8C
:10C92000F9AE3DBF1594293F67C73FBF5636273F35
:10C9300070D841BF25D2243F00E243BF9967223F10
:10C9400003E445BFCBF61F3F65DE47BFD17F1D3FE8
:10C9500012D149BFC6021B3FF8BB4BBFC07F183F77
:10C96000029F4DBFD9F6153F1F7A4FBF2A68133F6C
:10C970003D4D51BFCDD3103F491853BFDA390E3F5B
:10C9800031DB54BF6B9A0B3FE59556BF9BF5083FD3
:10C99000534858BF824B063F6AF259BF3D9C033F44
:10C9A0001A945BBFE4E7003F532D5DBF275DFC3E5B
:10C9B00005BE5EBFCBE0F63E214660BFEA5AF13EBF
:10C9C00098C561BFBBCBEB3E5A3C63BF7533E63EB7
:10C9D00059AA64BF4F92E03E880F66BF80E8DA3EF6
:10C9E000D86B67BF4136D53E3CBF68BFCA7BCF3EE0
:10C9F000A7096ABF53B9C93E0C4B6BBF15EFC33EC5
:10CA00005E836CBF4A1DBE3E93B26DBF2A44B83EE2
:10CA10009ED86EBFEF63B23E73F56FBFD47CAC3E61
:10CA2000080971BF128FA63E521372BFE59AA03E4D
:10CA3000471473BF86A09A3EDD0B74BF31A0943EAD
:10CA40000BFA74BF229A8E3EC6DE75BF938E883E67
:10CA500007BA76BFC07D823EC58B77BFCCCF783E0C
:10CA6000F85378BF7F9A6C3E981279BF135C603E92
:10CA70009DC779BF0115543E02737ABFC2C5473EB8
:10CA8000BE147BBFCF6E3B3ECDAC7BBFA2102F3E12
:10CA9000283B7CBFB6AB223EC9BF7CBF8340163E5D
:10CAA000AC3A7DBF86CF093ECCAB7DBF73B2FA3DB9
:10CAB00024137EBF2EBCE13DB0707EBF36BDC83DA5
:10CAC0006DC47EBF80B6AF3D580E7FBF05A9963DB1
:10CAD0006D4E7FBF742B7B3DAB847FBF2FFB483DEA
:10CAE0000FB17FBF2CC3163D98D37FBFB00AC93C9E
:10CAF00043EC7FBF900E493C11FB7FBF000000005C
:10CB00000000803F36BDC83D6DC47E3FC2C5473E74
:10CB1000BE147B3F31A0943E0BFA743F15EFC33E29
:10CB20005E836C3FEA5AF13E98C5613FDA390E3FA9
:10CB300031DB543F9967223F03E4453FF304353F1F
:10CB4000F304353F03E4453F9967223F31DB543F0F
:10CB5000DA390E3F98C5613FEA5AF13E5E836C3F79
:10CB600015EFC33E0BFA743F31A0943EBE147B3FD9
:10CB7000C2C5473E6DC47E3F36BDC83D0000803F04
:10CB8000000000006DC47E3F36BDC8BDBE147B3FB3
:10CB9000C2C547BE0BFA743F31A094BE5E836C3FA2
:10CBA00015EFC3BE98C5613FEA5AF1BE31DB543F71
:10CBB000DA390EBF03E4453F996722BFF304353FDE
:10CBC000F30435BF9967223F03E445BFDA390E3FCE
:10CBD00031DB54BFEA5AF13E98C561BF15EFC33E41
:10CBE0005E836CBF31A0943E0BFA74BFC2C5473E52
:10CBF000BE147BBF36BDC83D6DC47EBF20CC0108CE
:10CC00000000002020000000D083000840CC010874
:10CC10002000002070500100E083000800000000A8
:10CC20000000000000000000000000000000000004
:10CC300001000000100000000024F40000000000CB
:040000050800018965
:00000001FF
