:020000040800F2
:10000000F04E00209D01000851450008712E0008A7
:100010004D4500083508000851790008000000002F
:1000200000000000000000000000000095650008CE
:1000300051080008000000006D6400089965000880
:10004000B7010008B7010008B7010008B7010008B0
:10005000B7010008B701000855080008B7010008FB
:1000600019090008B7010008B7010008B701000826
:10007000B7010008B7010008B7010008B701000880
:10008000B7010008B7010008B7010008B701000870
:10009000B7010008B7010008B7010008B701000860
:1000A000B7010008B7010008B7010008B701000850
:1000B000B7010008B7010008B7010008B701000840
:1000C000B7010008B7010008B7010008B701000830
:1000D000B7010008B7010008B7010008B701000820
:1000E000B7010008B7010008B7010008B701000810
:1000F000B7010008B7010008B7010008B701000800
:10010000B7010008B7010008B7010008B7010008EF
:10011000B7010008B7010008B7010008B7010008DF
:1001200039080008B701000845080008B7010008B1
:10013000B7010008B7010008B7010008B7010008BF
:10014000B7010008B7010008B7010008B7010008AF
:10015000B7010008B7010008B7010008B70100089F
:10016000B7010008B7010008B7010008B70100088F
:10017000B7010008B7010008B7010008000000003F
:10018000B7010008B7010008DFF80CD000F084FACE
:100190000048004731920008F04E00200648804792
:1001A00006480047FEE7FEE7FEE7FEE7FEE7FEE75C
:1001B000FEE7FEE7FEE7FEE7496600088901000862
:1001C0002DE9F05F0546002092469B46884606468C
:1001D000814640241BE0284641464746224600F01F
:1001E00093F853465A46C01A914110D31146184607
:1001F000224600F07AF82D1A67EB01084F46224696
:100200000120002100F071F817EB00094E41201E7B
:10021000A4F10104DFDC484631462A464346BDE8E6
:10022000F09F40EA01039B0703D009E008C9121FB1
:1002300008C0042AFAD203E011F8013B00F8013BA0
:10024000521EF9D27047D2B201E000F8012B491ECC
:10025000FBD270470022F6E710B513460A46044663
:100260001946FFF7F0FF204610BD10B5002200E050
:10027000521C835C8C5CA34201D1002BF8D1D8B214
:10028000E1B2401A10BD034611F8012B00F8012B12
:10029000002AF9D11846704700F0004230F00040C3
:1002A0000AD0C10D01F56071C0F3160042EA015198
:1002B000C20840071143704700200146704730B51F
:1002C0000B46014600202022012409E021FA02F514
:1002D0009D4205D303FA02F5491B04FA02F52844AE
:1002E000151EA2F10102F1DC30BD202A04DB203A08
:1002F00000FA02F1002070479140C2F1200320FA79
:1003000003F3194390407047202A04DB203A21FA76
:1003100002F00021704721FA02F3D040C2F120021E
:1003200091400843194670472DE9FE4F804681EA07
:100330000300C00F0C46009021F0004123F000455F
:10034000B8EB0200A94105D24046214690461C4622
:100350000B46024623F00040104347D0270DC7F359
:100360000A00C3F30A510290401A019040286BDA48
:10037000C3F3130040F4801B0098924620B1002381
:10038000D2EB030A63EB0B0B01985946C0F1400214
:100390005046FFF7AAFF06460D4650465946019AB9
:1003A00000F092F910EB08006141002487EA115235
:1003B00084EAE7731A4340D0009A62B3019A012A93
:1003C0004FEA075215DC001B61EB02014FF00042BF
:1003D00002EA0752CDE90042001C41F58011324685
:1003E0002B4600F092F903B0BDE8F08F404621465D
:1003F000F9E7001B61EB0201001C41F580130018B6
:100400005B412018A2F5001747EB030140EAD570C5
:10041000B6196D4111E06D084FEA360645EAC07520
:100420004FEA0752001B61EB0201001C41F58011ED
:1004300049084FEA30000019514132462B4603B0BB
:10044000BDE8F04F00F052B90098012240000023AF
:10045000D0EB020263EBE073009821464FEAE074B0
:10046000B8EB000061EB0401E9E783F000435BE7D0
:1004700081F0004158E72DE9FE4F81EA030404F0C2
:10048000004421F0004100944FF0000B23F00043A2
:1004900050EA01045ED052EA03045BD0C3F30A546D
:1004A000C1F30A552C44A4F2F3340194A0FB025486
:1004B000C1F3130141F48011C3F3130343F4801318
:1004C00001FB024400FB034E840A970A44EA81546C
:1004D00047EA8357A4FB076802958D0A05FB078549
:1004E0004FEA932C04FB0C542705029D4FEA065853
:1004F00047EA1637B5EB08056EEB070C870E920E30
:1005000047EA811742EA8312A7FB0201B6EB0B010F
:1005100064EB00042B0D43EA0C335E1844EB1C50D3
:10052000DA465146E7FB0201C5F313044FEA0B33E9
:1005300043EA14534FEA0432019C43EA0603A4F150
:100540000C040294009CCDE900B400F0DEF803B086
:10055000BDE8F08F00200146F9E72DE9F04D81EA72
:10056000030404F0004B21F0004514464FF0000A4C
:1005700023F0004150EA050220D054EA01021DD0C8
:10058000C5F30A570246C5F31303C1F31300C1F3C1
:100590000A5640F4801543F48013A7EB0608101B9D
:1005A000D64608F2FD3873EB050002D308F10108C6
:1005B00001E092185B41B8F1000F03DA0020014618
:1005C000BDE8F08D00204FF48011064684460EE011
:1005D000171B73EB050705D3121B63EB05030643DB
:1005E0004CEA010C49084FEA300092185B4150EA8E
:1005F0000107EDD152EA030012D082EA040083EA37
:100600000501084305D0101BAB4106D2012200238F
:1006100006E000224FF0004302E06FF001025310A9
:100620001AEB06004CEB085110EB0A0041EB0B01F2
:10063000BDE8F04D00F05AB8C1F30A52C1F31301FE
:1006400040F2FF3341F480119A4202DA0020014661
:10065000704740F233439A42A2F2334202DC5242E4
:10066000FFF752BEFFF741BE30B5041E71F1000422
:1006700004DB4FF00044404264EB0101141E73F1AF
:10068000000405DB1C464FF00043524263EB0403B9
:10069000994208BF904230BD1CB5094800900948F6
:1006A00001900546009C06E0E06840F0010394E8F4
:1006B000070098471034AC42F6D3FFF769FD0000FD
:1006C000BC7D0208DC7D0208202A06DBCB17203A1D
:1006D00041FA02F043EAE07306E041FA02F3D04047
:1006E000C2F12002914008431946704710B5141E0C
:1006F00073F1000408DA401C41F1000192185B41DB
:100700001A4301D120F0010010BD2DE9F04D9246B1
:100710009B4611B1B1FA81F202E0B0FA80F22032C8
:100720009046FFF7E2FD04460F4640EA0A0041EA20
:100730000B0153465A46084313D0114653EA0100B1
:1007400019D0C8F140025046FFF7DEFD05460E46BF
:10075000504659464246FFF7C8FD084305D00120E0
:1007600004E020463946BDE8F08D0020054346EA06
:10077000E0762C4337430A986305E40AA0EB0800AF
:100780000022FD0A44EA47540A3002D500200146FF
:10079000E9E7010510196941DDE9084500196941DA
:1007A000BDE8F04DA2E700000146806B036C026CCF
:1007B00013F0500F08D0D20648BF00F0FBBC806B8E
:1007C000C26C0846104700BF42F400710164016822
:1007D0008A6812F0405F01D000F0C8BC027E002A97
:1007E000FAD1CA6A12F4700F02D08A685205F3D4A3
:1007F0004A6822F020024A60016C21F48071016491
:10080000016CC90448BF00F0B1BC016C41F00101AA
:10081000016400F0ABBC0000806B40210164416CBE
:1008200041F00401416400F0C5BC0000806B00F0A1
:100830009FBC0000FEE7000044F2AC50C2F2000092
:1008400001F00EB844F20C60C2F2000001F008B8EA
:100850007047000070B582B043F61440C4F2010046
:100860000168C90756D040F60044C4F202040121D1
:1008700001602046022101F0A5FB002101910199B0
:10088000054689087C291FD800BF019801300190D6
:10089000019880087C2817D800BF0198013001908A
:1008A000019880087C280FD800BF01980130019082
:1008B000019880087C2807D800BF0198013001907A
:1008C0000198B0F5FA7FDFD3681EB0FA80F04609D0
:1008D0002046022101F076FB013818BF0120464076
:1008E00018D040F6C000C2F2000042F2ED31405C88
:1008F000012D03D102280DD2012101E050B1FF21C9
:100900000844C0B205F058FD40F2B000C2F2000049
:100910000121017002B070BD70B582B043F6144081
:10092000C4F20100016849075AD540F60044C4F2F8
:100930000204042101602046082101F043FB00214C
:1009400001910199054689087C291FD800BF0198AB
:1009500001300190019880087C2817D800BF0198C9
:1009600001300190019880087C280FD800BF0198C1
:1009700001300190019880087C2807D800BF0198B9
:10098000013001900198B0F5FA7FDFD3681EB0FA0C
:1009900080F046092046082101F014FB013818BFF9
:1009A000012046401CD040F6C000C2F2000042F2D6
:1009B000D931415C012D03D10B2911D2012201E073
:1009C00071B1FF2242F2DB330026C6548818C0B250
:1009D00005F0A8FC40F2B000C2F200000121017055
:1009E00002B070BD72B600BFFEE700002DE9F04F07
:1009F00081B02DED0E8B84B090ED001A9FED71BA91
:100A00000C46B0EEC11AB4EE4B1A02EE104AF1EEEB
:100A100010FAB8BFB0EE4B1AB8EE429A81EE091A3E
:100A2000B0EE408ADDE91CBA074698461646B0EE9D
:100A3000410A08F045FE40F2B40940F2B105C2F2A5
:100A40000009B3EE04CAC2F2000599ED001A20EEC7
:100A50000C0A2878B5EE00DAB6EE08EA9FED5AAA3D
:100A600020EE0D2A21EE0E1A31EE021A002818BFD0
:100A7000B0EE410AB4EE4A0AF1EE10FA86ED000A31
:100A8000C8BFB0EE40AA042C03944FEA54042BD301
:100A900097ED030A97ED021A20EE000A21EE011AE3
:100AA00031EE000AB1EEC00AB4EE4B0AF1EE10FAD4
:100AB000B8BFB0EE4B0A80EE090A08F001FE2878B4
:100AC00099ED011A20EE0C0A20EE0D2A21EE0E1AE5
:100AD000002831EE021A18BFB0EE410A022C86ED52
:100AE000010A2BD1002709E00027CDE9016803980E
:100AF000DDE91CBADDE90168022807D340F2B40041
:100B0000A200C2F200003146FFF78BFBB8B200EE44
:100B1000100AB8EE400A20EE080A80EE090A012009
:100B2000287088ED00AAABF800708AED000A04B0C6
:100B3000BDEC0E8B01B0BDE8F08F00BFCDE90168C0
:100B400006F1080809F1080907F1100A4FF0020B35
:100B5000002711E0B4EE4A0AA8EC010AF1EE10FAFF
:100B6000C4BF5F46B0EE40AA0BF1010B09F10409C6
:100B70005C450AF1080ABAD09AED010A9AED001A0A
:100B800020EE000A21EE011A31EE000AB1EEC00A91
:100B9000B4EE4B0AF1EE10FAB8BFB0EE4B0A80EE9D
:100BA000090A08F08DFD287820EE0C0A0128D1D121
:100BB00099ED001A20EE0D0A21EE0E1A31EE000A10
:100BC000C8E700BF5F708930000048C310B540F22D
:100BD0002004C2F20004201D4FF4007108F0DAFA7C
:100BE000002811BF4FF0FF3001202070002010BD01
:100BF0002DE9F04381B02DED0A8B82B040F2200840
:100C0000C2F2000898F80030012B40F0038240F255
:100C10001803C2F200031F7840F6C009C2F20009AF
:100C20009FED031A09F51054002300EB073001E093
:100C3000000000C5D718B7FBF1F6103306FB11769C
:100C4000B3F5007F30F8166002EE106A07F1010676
:100C5000B6FBF1F5B8EE422A05FB116632EE012A29
:100C600030F8166084ED102A02EE106A07F10206D1
:100C7000B6FBF1F5B8EE422A05FB116632EE012A09
:100C800030F8166084ED112A02EE106A07F10306AF
:100C9000B6FBF1F5B8EE422A05FB116632EE012AE9
:100CA00030F8166084ED122A02EE106A07F104068D
:100CB000B6FBF1F5B8EE422A05FB116632EE012AC9
:100CC00030F8166084ED132A02EE106A07F105066B
:100CD000B6FBF1F5B8EE422A05FB116632EE012AA9
:100CE00030F8166084ED142A02EE106A07F1060649
:100CF000B6FBF1F5B8EE422A05FB116632EE012A89
:100D000030F8166084ED152A02EE106A07F1070626
:100D1000B6FBF1F5B8EE422A05FB116632EE012A68
:100D200030F8166084ED162A02EE106A07F1080604
:100D3000B6FBF1F5B8EE422A05FB116632EE012A48
:100D400030F8166084ED172A02EE106A07F10906E2
:100D5000B6FBF1F5B8EE422A05FB116632EE012A28
:100D600030F8166084ED182A02EE106A07F10A06C0
:100D7000B6FBF1F5B8EE422A05FB116632EE012A08
:100D800030F8166084ED192A02EE106A07F10B069E
:100D9000B6FBF1F5B8EE422A05FB116632EE012AE8
:100DA00030F8166084ED1A2A02EE106A07F10C067C
:100DB000B6FBF1F5B8EE422A05FB116632EE012AC8
:100DC00030F8166084ED1B2A02EE106A07F10D065A
:100DD000B6FBF1F5B8EE422A05FB116632EE012AA8
:100DE00030F8166084ED1C2A02EE106A07F10E0638
:100DF000B6FBF1F5B8EE422A05FB116632EE012A88
:100E000030F8166007F10F0784ED1D2A02EE106A14
:100E1000B7FBF1F6B8EE422A06FB117732EE012A53
:100E200030F8177084ED1E2A02EE107AB8EE422ACE
:100E300032EE012A84ED1F2A04F140047FF4FAAE59
:100E400042F220409FED769A9FED76AAB0EE408A5E
:100E500009EB00070024B7EE00BAB6EE00CA00BFE7
:100E600000EE104AB8EE400A20EE090A80EE0A0AA7
:100E700008F07EFB601C01EE100AB8EE411A21EE6C
:100E8000091A81EE0A1A3BEE400A97ED082A20EE75
:100E90000C0A22EE000A87ED080A07F12006B0EEE0
:100EA000410A08F065FBA01C01EE100AB8EE411AD9
:100EB00021EE091A81EE0A1A3BEE400A97ED092A43
:100EC00020EE0C0A22EE000A87ED090AB0EE410A74
:100ED00008F04EFBE01C01EE100AB8EE411A21EEBC
:100EE000091A81EE0A1A3BEE400A97ED0A2A20EE13
:100EF0000C0A22EE000A87ED0A0AB0EE410A08F059
:100F000037FB201D01EE100AB8EE411A21EE091A36
:100F100081EE0A1A3BEE400A97ED0B2A20EE0C0AEE
:100F200022EE000A87ED0B0AB0EE410A08F020FB22
:100F3000601D01EE100AB8EE411A21EE091A81EE89
:100F40000A1A3BEE400A97ED0C2A20EE0C0A22EE1C
:100F5000000A87ED0C0AB0EE410A08F009FBA01D5B
:100F600001EE100AB8EE411A21EE091A81EE0A1AB2
:100F70003BEE400A97ED0D2A20EE0C0A22EE000A05
:100F800087ED0D0AB0EE410A08F0F2FAE01D01EE1D
:100F9000100AB8EE411A21EE091A81EE0A1A3BEE48
:100FA000400A97ED0E2A20EE0C0A22EE000A87ED89
:100FB0000E0AB0EE410A08F0DBFA3BEE400A97ED6C
:100FC0000F1A20EE0C0A21EE000A083487ED0F0AF2
:100FD000B4F5007F37467FF443AF09F5515408F16B
:100FE000040009F511512246002307F09BFD40F251
:100FF000B442C2F2000202F5816702F2044602F531
:10100000806320464FF40071B0EE480ACDE90067D6
:10101000FFF7ECFC02B0BDEC0A8B01B0BDE8F08339
:10102000DB0FC9400080FF4370B581B00022009201
:1010300090F83C20012A03D1022001B070BD00BF0E
:10104000D1F800E00122BEF10A0F1FFA8EFC80F8F1
:101050003C2009D34FEA4C02036812FA8EF2A2F147
:101060001E0403F10C0204E003680EEB4E0403F1CE
:10107000100207251668A54026EA050515608D684B
:10108000166805FA04F4344314604968062907D841
:1010900001EB81014A1F194651F8345F0FE000BF90
:1010A0000C2901EB810105D8A1F12302194651F861
:1010B000305F04E0A1F14102194651F82C5F1F2472
:1010C000944025EA04040C600CFA02F20C6842F227
:1010D000043CC4F2010C2243ACF54174A3420A6003
:1010E0003ED1BEF1120F07D1DCF8001041F48001AF
:1010F000CCF8001034E000BF2EF0010110292FD1F0
:10110000DCF80010BEF1100F41F40001CCF8001023
:1011100026D140F21401C2F2000109684DF6836243
:10112000C4F21B32A1FB0212910C01EB81014900B8
:1011300000910099A1B1009901390091009979B10C
:10114000009901390091009951B10099013900913C
:10115000009929B100990139009100990029EAD13B
:10116000002180F83C10002001B070BD70470000E5
:1011700070470000002804BF012070470168026C1E
:1011800042F0020202648A6822F001028A608968E1
:10119000C90709D110B5044600F0BCF8204600216B
:1011A00061642164BDE81040002180F83C100020FB
:1011B0007047000070470000002804BF01207047FE
:1011C00010B5016C00293DD0016CC90645D4016CF5
:1011D00041F202129143023142F204320164C4F23C
:1011E0000102116821F440311160136890E8121077
:1011F0002343D0F810E013604A68012422F480727F
:101200004A604A68C0F6007442EA0E224A604A68A0
:1012100022F040724A604A6842EA0C024A608A68D8
:1012200022F400628A60C2688B681A438A60826A0C
:101230008B68A24223F070638B608B6810D123F01F
:10124000405216E0044600F09FF8204600216164F9
:1012500084F83C10016CC906B9D5012153E000BFE8
:101260001A438A608A6822F040528A60C26A8B6898
:101270001A438A608A6822F002028A608A68037EC2
:1012800090F8204042EA43028A604A6884B142F4FE
:1012900000624A604A684EF2000322F460424A60EB
:1012A000426ACFF6FF734C6803EB4232224301E0FF
:1012B00022F400624A60CA6A40F2000C22F4700212
:1012C000CA62C3694269CFF6F07CCC6A0CEB035367
:1012D0002343CB628B6823F400738B6090F830302B
:1012E0008C6844EA43238B608B6823F480638B60B3
:1012F0008B6843EA82228A6000214164026C0123E8
:1013000063F301020264002280F83C20BDE8104033
:101310000846704710B50446006842F20011C4F256
:10132000010188421CD042F20001C4F2010188424E
:1013300018BF10BD43F64400C4F20200016821F456
:101340008071016040F20040C4F2020000F580604C
:10135000102100F07FFCA06BBDE8104000F03CBA0B
:1013600043F64400C4F20200016821F400710160F8
:1013700040F20040C4F20200022100F06BFCA06BBE
:10138000BDE8104000F028BA70B586B00446006889
:1013900042F20011C4F2010100268842CDE9046640
:1013A000CDE90266019651D042F20001C4F201017A
:1013B000884240F09D8043F630000096C4F202005F
:1013C000416941F480714161416901F4807100918A
:1013D00000990096016841F004010160006801A9CC
:1013E00000F0040000900098102001900320CDE947
:1013F000020640F20040C4F2020000F5806000F0F6
:1014000011FD44F2AC5546F21040C2F20005C4F2A0
:1014100002004FF48061C5E9000605F110004FF4A9
:1014200000624FF400534FF4807C80E80E10284691
:10143000C5E90266C5E9086600F0F4FA002818BF9D
:10144000FFF7D0FAA563AC6306B070BD43F6300079
:101450000096C4F20200416941F4007141614169A2
:1014600001F40071009100990096016841F00201B9
:101470000160006801A900F00200009000980220BD
:1014800001900320CDE9020640F20040C4F20200C0
:1014900000F0C8FC46F21040C4F2020044F20C65B1
:1014A0003030C2F200054FF000714FF4006385E860
:1014B000430005F114004FF480624FF4005C4FF4D8
:1014C000807E80E808502846C5E90362C5E90866C1
:1014D00000F0A8FA002818BFFFF784FA3A2000218C
:1014E0000022A563AC6300F003FE3A2000F0EEFD9D
:1014F00006B070BDB0B582B00023019390F83C30C7
:10150000012B03D1022002B0B0BD00BF8E460123E3
:10151000016880F83C308B689446DB0729D18B68E2
:101520004DF6836443F001038B6040F21403C2F272
:1015300000031B68C4F21B34A3FB0434A30C03EBAD
:1015400043030193019BA3B1019B013B0193019BC9
:101550007BB1019B013B0193019B53B1019B013B7B
:101560000193019B2BB1019B013B0193019B002B3C
:10157000EAD18B68DB0503D58B6823F480738B601D
:101580008C68036CE4070BD143F01001016400F197
:101590004401002001220B681A430A6002B0B0BD6A
:1015A00040F20174A34303F5807303644B685B0549
:1015B00004D5036C012464F30D330364046C00232D
:1015C000E4044FF0000444BF446C24F00604446477
:1015D00080F83C30836B40F2A97440F62D02C0F6CF
:1015E0000004C0F60002C3E90F4240F61902C0F63B
:1015F0000002DA646FF022020A604A6842F20434A0
:1016000042F080624A608A68054642F480728A60CD
:101610004C31184672466346C4F2010400F0B4FA35
:1016200022682968D20605D0A4F54172914225D0DE
:1016300002B0B0BD42F20002C4F20102914215D0E4
:1016400042F20022C4F2010291420CD042F2001296
:10165000C4F201029142EBD12268D20606D0A4F571
:1016600082729142E4D12268D206E1D451F8082F67
:1016700012F0405FDCD14FF080428CE74FF604510E
:10168000CFF6FF71615811F0405FD1D1A4F53F71E1
:101690004FF080427FE7000090F83C10012904BF22
:1016A00002207047B0B50121026880F83C109168B3
:1016B000002421F0010191609168C9074FF00001F9
:1016C00023D1916821F480719160816B91F835206C
:1016D000022A0BD10546084600F036F840B12A6CC4
:1016E0000146284642F040022A6403E0002101E05E
:1016F000002128460268536823F080635360026C1F
:1017000041F201139A430132026480F83C40BDE883
:10171000B04008467047000081B04FF0000CCDF893
:1017200000C068B10068002900900098104414BF00
:1017300014300830009000980360002001B070471A
:10174000012001B07047000070B5866D044600F0BE
:101750004DFC94F83510022928D105462068216CEB
:10176000026822F016020260426922F080024261A1
:1017700009B9A16C19B1016821F008010160016883
:1017800021F00101016000BF20680068C00715D08A
:1017900000F02CFC401B0628F6D3202060650320B7
:1017A00084F83500002184F8341070BD8020606515
:1017B0000120002184F8341070BD00BFE06D3F218E
:1017C00001FA00F0B060012084F83500002000210B
:1017D00084F8341070BD0000002804BF0120704759
:1017E00090F83510022904BF02207047B0B5016897
:1017F0004AF6AB2201F0F803D1F800C0A3F11005BE
:10180000CAF6AA22A5FB022E2CF001020A600022D1
:1018100021234FF68C040A604A608A60CA600A611C
:101820004B614FEA1E13C0F60004E35C40F2FF3444
:10183000A1435F2D4FF03F0588BF0431C0E9161367
:1018400005FA03F3C0E90F22C0E91122C0E913220F
:101850008B60426580F8352080F834200020B0BDD0
:10186000F0B581B00021009140F21401C2F20001F4
:101870000B68D0E9166148F2B51537680822C1F641
:101880004E358A403A42A3FB05350CD003681C68EC
:10189000640708D51C6824F004041C60B260426D23
:1018A00042F00102426501228A403A4208D00368B0
:1018B0005B691B0604D5B260426D42F002024265CC
:1018C00004228A403A4208D003681B689B0704D56B
:1018D000B260426D42F00402426510228A403A42F0
:1018E00019D001680B681B0715D5B2600B680A6830
:1018F0005B0309D4D20509D40A6822F008020A6001
:10190000016C29B907E000BF110341D4016C11B18A
:10191000044688472046C26D202101FA02F33B426B
:1019200043D001680F68FF063FD5B36090F835706B
:101930000B68052F1CD123F016030B604B6923F0B5
:1019400080034B61036C0BB9836C1BB10B6823F0F4
:1019500008030B603F219140B160012180F83510F0
:10196000016D0022002980F8342054D158E000BFD6
:101970000A685B0310D4D20512D40A6822F0100260
:101980000A60012180F83510002180F8341007E04A
:10199000816C0029BCD1BEE7110301D4416C00E089
:1019A000C16B11B1044688472046416DC1B3416DFA
:1019B000C9072ED0052180F835100168AA0A0B68E6
:1019C00023F001030B60009B0133934200931AD86C
:1019D0000B68DB0717D0009B01339342009312D8AA
:1019E0000B68DB070FD0009B0133934200930AD8AA
:1019F0000B68DB0707D0009B01339342009302D8AA
:101A00000B68DB07DFD1012180F83510002180F859
:101A10003410C16C21B101B0BDE8F040084700BFEF
:101A200001B0F0BD2DE9F041044600F0DFFAECB161
:101A30000546022084F835000020216884F834002F
:101A4000086820F00100086021680868C00711D00C
:101A500000F0CCFA401B0528F6D9032520230320EB
:101A6000636584F83550BDE8F08100BF0120BDE812
:101A7000F08100BF086848F23F02CFF21002D4E9BB
:101A8000013500EA020C04F10C0898E8C10143EAB0
:101A90000C032B431843D4E9072E3043384310433B
:101AA000626A40EA0E00042A40EA08031CD1206B57
:101AB000D4E90A2E40EA0E00184308604869BEF1D6
:101AC000000F20F0030040EA020040F0040C11D0A7
:101AD000B8F5005F36D0B8F1000F45D1022A46D0E4
:101AE000012A3BD032B942E00B60486920F0070080
:101AF00040EA020C01F0F8004AF6AB221038CAF6B0
:101B0000AA22A0FB02231A094FF68C03C1F814C0C5
:101B1000C0F600039A5C40F2FF335F284FF03F00AD
:101B200021EA030100FA02F088BF0431C4E9161269
:101B30008860002301250020636584F83550BDE8E6
:101B4000F08100BF032AD5D8012540230120DFE81A
:101B500002F0030E030500BF82E700BFAEF1C070C4
:101B6000B0FA80F0400904E0032A04D3C2D1CEF3D6
:101B700000600028BED0012540230120636584F861
:101B80003550BDE8F081000090F834C0BCF1010F81
:101B900004BF0220704770B54FF0010C80F834C0CC
:101BA000D0F858E090F835C0BCF1010F38D14FF0B3
:101BB000020C80F835C04FF0000CC0F854C0D0F8CB
:101BC00000C08468056CC06DDCF80060402C26F411
:101BD0008026CCF80060CCF804300B4604BF1346D6
:101BE0000A463F2101FA00F0CCF80830CCF80C206E
:101BF000CEF80800DCF8000040F01600CCF8000039
:101C00002DB1DCF8000040F00800CCF80000DCF852
:101C1000000040F00100CCF80000002070BD00BFC3
:101C2000002180F83410022070BD0000B0B50446D9
:101C300000F0DCF9054640F20C00C2F2000000782A
:101C4000611C18BF044400BF00F0D0F9401BA04243
:101C5000FAD3B0BD2DE9F04F83B000F13E4241F61A
:101C60000047884602F1FF72C4F2020708214FEADA
:101C7000B223B84208BF072100F120070026042440
:101C80004FF002090197072B38BF4FEAB2210291AA
:101C9000CDF8008026E000BF0168032202FA09F2B5
:101CA000914301606FF00303019D03EA560304F0C2
:101CB0001C01EE580F2707FA01F126EA0101E9504D
:101CC000C1689143C160416821EA0C0141608168AB
:101CD000914381600EF101060834102E09F10409C8
:101CE00000F09C80012101FA06FB1BEA080359D091
:101CF00043F60041C4F20101A4F1040CA1F57E7881
:101D000026F003070CF0080E0F2158F8077001FAAF
:101D10000EFA029907EA0A0701FA0EF2974220D159
:101D200043F6004EC4F2010EDEF8002043F60C41EB
:101D30009A43CEF80020DEF80420C4F201019A4351
:101D4000CEF804200A68B7089A430A60DEF8082033
:101D50009A43CEF8082058F8272022EA0A0248F8C9
:101D60002720A9F102020368032101FA02F293433A
:101D700003606FF00301019D01EA56070CF0180C97
:101D8000E9590F2303FA0CF39943E951C1689143D0
:101D9000C160416821EA0B01416081689143816023
:101DA000DDF8008006F1010E012101FA0EFC1CEAAB
:101DB00008038FD043F60041C4F20101A1F57E7BF8
:101DC00026F0030104F00C070F225BF8011002FA61
:101DD00007FA029A01EA0A0102FA07F7B9427FF408
:101DE0005BAF43F60042C4F20102116843F60C47B0
:101DF000994311605168C4F20107994351603968F1
:101E0000994339609168B708994391605BF827104E
:101E100021EA0A014BF827103EE700BF03B0BDE8F6
:101E2000F08F00002DE9F04F83B000F1200200F1A7
:101E30003E4741F60045009207F1FF77C4F20205E4
:101E400008224FEAB726A84208BF072200254FF014
:101E500000084FF00009072E38BF4FEAB722019261
:101E60000AE000BF09F1010908F10208B9F1100FF9
:101E700005F1040500F0A2800F68012202FA09FEB4
:101E800017EA0E0AEED0D1F804C003220CF00307C3
:101E90007E1E02FA08F4012E6FEA040B12D8846841
:101EA000CE6804EA0B0406FA08F6344384604468FA
:101EB00024EA0E06CCF3001404FA09F42643466023
:101EC00004E000BF032F01D103271EE0C6688C6821
:101ED00006EA0B0604FA08F42643022FC66014D162
:101EE0006FF00302009E02EA590756F807C005F09A
:101EF0001C040F220B69A2402CEA0202A3401A43E1
:101F0000F251D1F804C00CF00307026807FA08F395
:101F100002EA0B021A431CF4403F0260A2D00022E6
:101F200043F644030292C4F202031A6843F60044E3
:101F300042F480421A601A68C4F2010402F480423A
:101F40000292029A29F003024FF6084C2244CFF67F
:101F5000FF7C52F80C3005F00C070F26BE40B3434F
:101F6000019E06FA07F73B4342F80C30A2684B6823
:101F700042EA0A0743F60C4CDE0258BF22EA0A077F
:101F8000A760C4F2010CDCF800209E0242EA0A07B6
:101F900058BF22EA0A07CCF8007062689E0342EA42
:101FA0000A0758BF22EA0A0767602268DB0342EA91
:101FB0000A0758BF22EA0A07276053E703B0BDE8C3
:101FC000F08F00000069084018BF01207047000032
:101FD000426902EA0103914341EA0341816170478A
:101FE000002A08BF090481617047000044F6EC2014
:101FF000C2F200000068704740F20C0044F6EC2189
:10200000C2F20000C2F2000100780A6810440860C1
:102010007047000080B543F60040C4F2020001683A
:1020200041F400710160016841F480610160016860
:1020300041F480710160032000F086F80F2000F069
:1020400005F800F027F8002080BD000070B540F2D0
:102050000C06C2F2000640F214013278C2F200010E
:102060004FF47A730968B3FBF2F20446B1FBF2F164
:10207000084600F007FD0F2C4FF0010508D838B9CD
:102080004FF0FF3021460022002500F031F8746047
:10209000284670BD82B0002043F640010190C4F292
:1020A00002014A6842F480424A604A6802F480426F
:1020B0000192019A0090086840F08050086008681A
:1020C00000F080500090009802B07047002848BF90
:1020D000704700F01F01012202FA01F11C2202EAFE
:1020E000D0004EF20012CEF2000281507047000084
:1020F00010B54EF60C5CCEF2000CDCF80030C3F3E9
:10210000022E8EF00704042C28BF0424BEF1030322
:102110004FF0FF3E0EFA04F438BF0023A14399406C
:102120000EFA03F39A43114300F00F0200F16043EB
:102130000901043A03F564436244002848BF02F1F0
:102140000C03197010BD00004EF60C51CEF20001C8
:102150000A684FF6FF031A4060F30A2242F08060DB
:1021600040F0FD7008607047002804BF01207047F0
:102170002DE9F04143F60808C4F202080446D8F8F5
:10218000F8030D4600F00700884207D288F8F8539C
:10219000D8F8F80300F00700A84277D1206881073B
:1021A00017D5410705D5D8F8001041F4E051C8F81B
:1021B0000010010705D5D8F8001041F46041C8F8B7
:1021C0000010D8F80010A26821F0F0011143C8F8FF
:1021D0000010C00740D1D8F8F80300F00700A8426B
:1021E00007D988F8F853D8F8F80300F00700A84298
:1021F0004CD12068410707D5D8F80010E26821F4D7
:10220000E0511143C8F80010000708D5D8F80000C5
:10221000216920F4604040EAC100C8F8000000F0E5
:1022200055F8D8F800104AF21432C1F30311C0F681
:102230000002515C40F2140220FA01F140F2100059
:10224000C2F200000068C2F200021160FFF7FEFE59
:102250000020BDE8F08100BF6068811E022907D21E
:1022600058F8081C89015CBF0120BDE8F08111E02D
:10227000012807D158F8081C89035CBF0120BDE87C
:10228000F08107E058F8081C890703D40120BDE855
:10229000F08100BFD8F8001021F003010843C8F80E
:1022A0000000FFF7A3FE064641F28837D8F8000089
:1022B000616800F00C00B0EB810F8CD0FFF796FE48
:1022C000801BB842F2D90320BDE8F08110B543F677
:1022D0000404C4F20204606800F00C0142F2004001
:1022E0000829C0F2F40007D0042918BF10BD41F23C
:1022F0000020C0F27A0010BD216801F03F02216881
:1023000023684902C3F3881106D4A1FB000100230E
:10231000FDF756FF07E000BF41F20020C0F27A004F
:102320004843B0FBF2F021680222C1F3014102EB05
:102330004101B0FBF1F010BD002804BF012070473F
:102340002DE9F04182B00446007843F60006C0074C
:10235000C4F202060CD0B06800F00C00042840F073
:1023600081803068800303D56068002800F06881B0
:10237000207880071BD5B06810F00C0F09D0B0682A
:1023800000F00C00082840F087807068400200F1DF
:1023900083803068800703D5E068012840F05081D1
:1023A0003068216920F0F80040EAC10030602078F0
:1023B000000713D4207840072AD4A569002D00F027
:1023C0003A81B06800F00C00082840F0A580012D8B
:1023D00040F00E81012002B0BDE8F0816069002864
:1023E00000F082800020C4F247200121C0F8801E46
:1023F000FFF7FCFD054600BF706F8007DAD4FFF7DA
:10240000F5FD401B0228F7D9032002B0BDE8F0819A
:10241000306C5FEAC0080AD400200190306C40F0B4
:1024200080503064306C00F080500190019847F289
:102430000007C4F200073868C00547D4386840F484
:1024400080703860FFF7D2FD054600BF3868C005D0
:102450003CD4FFF7CBFD401B0228F7D9032002B084
:10246000BDE8F081B06800F00C00082803D1706866
:1024700040023FF576AF61683068B1F5803F07D024
:10248000B1F5A02F40F09A8040F480203060306891
:1024900040F4803030609AE0E068002840F20000AC
:1024A000C4F247205CD001210160FFF79FFD054683
:1024B000306880073FF574AFFFF798FD401B022896
:1024C000F6D9032002B0BDE8F08100BFA168306FEB
:1024D000012905D0052955D140F004003067306F3F
:1024E00040F00100306756E00020C4F24720002190
:1024F000C0F8801EFFF77AFD054600BF706F8007A9
:102500007FF558AFFFF772FD401B0228F6D9032074
:1025100002B0BDE8F08100BF0027C4F247270020C9
:102520003866FFF763FD022D05460DD13068800146
:1025300040F18A80FFF75AFD401B02284FF003004C
:10254000F4D902B0BDE8F0813068800173D5FFF79F
:102550004DFD401B02284FF00300F5D9F1E700BF05
:1025600000210160FFF742FD054600BF306880078B
:102570007FF51DAFFFF73AFD401B02284FF0030027
:10258000F4D9DEE720F001003067306F002920F039
:10259000040030677AD0FFF729FD054641F28837FD
:1025A000306F800700F18480FFF720FD401BB842A8
:1025B000F6D9032002B0BDE8F08100BF20F48030DE
:1025C00030603068002920F4802030607AD0FFF736
:1025D0000DFD0546306880033FF5CAAEFFF706FDE6
:1025E000401B6428F6D9032002B0BDE8F08100BF8B
:1025F0007068E16900F480028A4221D1216A00F00A
:102600003F028A421CD147F6C071626A0140B1EBB9
:10261000821F15D1A16A4FF6FF73C903994300F4D5
:102620004032A1F580318A420AD1E16A00F070603F
:10263000B0EB016F04D1002002B0BDE8F08100BF13
:10264000012002B0BDE8F08104F11C052FCD084344
:1026500040EA8210D9034FF6FF729143A1F5803111
:1026600040EA05600843706001203866FFF7BEFC51
:10267000044600BF30688001DDD4FFF7B7FC001BC3
:1026800002284FF00300F5D95BE700BFFFF7AEFC6F
:10269000054641F2883700BF306F800708D5FFF745
:1026A000A5FC401BB8424FF00300F5D949E700BF35
:1026B000B8F1000F3FF581AE306C20F080503064EF
:1026C0007BE600BFFFF792FC054600BF3068800341
:1026D0007FF54EAEFFF78AFC401B64284FF00300E5
:1026E000F4D92EE770B528B1416A29B10021016102
:1026F000142106E0012070BD4168B1F5827F02D04F
:102700001C21002242500026866290F8511029B9FF
:1027100080F85060054600F03DF82846022180F818
:10272000511090E82E0002F482720C6803F4044306
:1027300024F040040C601A4405F4006305691A444F
:1027400005F0020345691A4405F001038569C4696F
:102750001A4405F400731A4404F03803046A1A4456
:1027600004F08003846A1A4304F400531A430A6095
:10277000436A042202EA154203F010031A444A6035
:10278000CA6922F40062CA610121466580F85110CD
:10279000304670BD80B586B043F200010068C4F2D7
:1027A0000101002288420592CDE9032202920192A2
:1027B00002D006B080BD00BF43F630000092C4F2E4
:1027C0000200436943F480534361436903F4805337
:1027D0000093009B0092036843F0010303600068CC
:1027E00000F0010000900098E02001900220CDE967
:1027F0000202032004900520059001F5504001A934
:10280000FFF710FB06B080BD2DE9F04184B01D46F6
:1028100016460F460446FFF7E9FB94F851100129CC
:102820000ED18046002F4FF0010018BF002E03D1BB
:1028300004B0BDE8F08100BF94F85000012803D136
:10284000022004B0BDE8F081012084F8500003208C
:10285000002184F8510061652763A686E686A1639E
:10286000A187E187A0682164B0F5004F206861640A
:1028700007D1016821F040010160016841F4804105
:1028800001600168490603D4016841F0400101601C
:102890006168731EE268B1FA81F1B3FA83F3490902
:1028A0005B09B2F5006F41EA030139D131B137F864
:1028B000021BC1602763E08E0138E086E08E0028AD
:1028C00070D0681C0BD11AE0216B31F8022BC2606A
:1028D0002163E08E0138E086E08E002862D0206817
:1028E00081688907F0D4FFF781FBA0EB0800A842BC
:1028F000F2D338E0FFF77AFBE08E002852D0206850
:1029000081688907F6D5216B31F8022BC2602163FB
:10291000E08E0138E086E08E0028F0D142E000BF72
:1029200039B139780173206B01302063E08E0138B2
:10293000E086E08EB0B3681C0BD123E0216B0978F0
:102940000173206B01302063E08E0138E086E08E59
:1029500040B3206881688907F0D4FFF747FBA0EBFC
:102960000800A842F3D3012084F85100002084F825
:102970005000032004B0BDE8F08100BFFFF736FB34
:10298000E08E78B1206881688907F7D5216B0978D6
:102990000173206B01302063E08E0138E086E08E09
:1029A0000028EFD12046022101222B46CDF80080DD
:1029B00003F05EFDE0B1606D40F020006065202016
:1029C0006065A06838B9002002902068C168029153
:1029D000806802900298012084F85100002084F859
:1029E0005000606D002818BF012004B0BDE8F081E0
:1029F00040F21400C2F20000006849F68171C1F291
:102A00005E61A0FB0101480D4FF47A7148430390C9
:102A10006068B0F5827F0BD12046802100222B46D2
:102A2000CDF8008003F024FD0028C4D1C9E700BF21
:102A300003980028C5D00398013803902068806867
:102A40000006BED503980028BBD003980138039038
:102A5000206880680006B4D503980028B1D0039898
:102A600001380390206880680006AAD503980028E2
:102A7000A7D0039801380390206880680006D7D457
:102A80009FE70000411E0020B0EB116F1CBF01202A
:102A900070474EF21002CEF2000251604EF6235102
:102AA000CEF20001F0230B70072190601160704797
:102AB00090F83C20012A4FF0020254D010B580F863
:102AC0003D200268D2F804E0D2F808C00C682EF06D
:102AD0007003234341F2FF74C4F20004A242536026
:102AE0000EDC40F2FF73C4F200039A4216DCB2F12E
:102AF000804F2BD040F20043C4F2000324E000BF1B
:102B000040F2FF33C4F201039A4213DC41F60003A2
:102B1000C4F200039A4219D0002313E040F60003E8
:102B2000C4F200039A4211D040F60043C4F20003FD
:102B30000AE000BF44F20003C4F201039A4205D048
:102B400040F20043C4F201039A4204D149682CF0D8
:102B50008003194391600121002280F83D1080F824
:102B60003C20BDE81040104670470000002804BF1C
:102B70000120704710B5044690F83D0028B90020A8
:102B800084F83C00204600F01FF8022084F83D0045
:102B90002068211D03F062FD012084F8460084F8BE
:102BA0003E0084F83F0084F8400084F8410084F837
:102BB000420084F8430084F8440084F8450084F817
:102BC0003D00002010BD00000068B0F1804F18BF2C
:102BD000704781B00020009043F64000C4F202002C
:102BE000016841F001010160006800F001000090FF
:102BF000009801B07047000090F83D1001291CBFFB
:102C000001207047022180F83D10006841F2FF71F9
:102C1000C4F2000188420DDC40F2FF71C4F20001F1
:102C2000884215DCB0F1804F2AD040F20041C4F256
:102C3000000123E040F2FF31C4F20101884213DCBD
:102C400041F60001C4F20001884219D0002113E0CE
:102C500040F60001C4F20001884211D040F6004164
:102C6000C4F200010AE000BF44F20001C4F2010115
:102C7000884205D040F20041C4F20101884206D1E9
:102C8000816801F00701062904BF00207047016830
:102C900041F001010160002070470000014600681A
:102CA00041F21113026A1A4204D00122002081F875
:102CB0003D207047026A40F244431A42F5D102684F
:102CC00022F0010202600122002081F83D207047BD
:102CD00090F83C20012A4FF002026CD080B580F8B9
:102CE0003D20D0F800C04FF67772DCF8083023EAB8
:102CF0000202CCF808200B684F2B29DC1F2B45DD86
:102D0000202B46D0302B44D0402B40F0AF80D1F860
:102D100004E0C968DCF82030DCF8202022F0010251
:102D2000CCF82020DCF8182022F0F00242EA011151
:102D300023F00A0242EA0E02CCF81810CCF8202048
:102D4000DCF8081041F0470121F0300128E000BF15
:102D50006F2B33DDB3F5005F74D0B3F5805F21D006
:102D6000702B40F08380D1E901E3C968DCF80820CA
:102D700043EA0E0322F47F4243EA01211143CCF8D7
:102D80000810DCF8081041F0770109E00BB1102BB6
:102D90006CD1DCF8081021F07001194341F00701F3
:102DA000CCF808100022012180F83D10002180F8A5
:102DB0003C10BDE880401046704700BF502B21D02A
:102DC000602B53D1D1F804E0C968DCF82030DCF87E
:102DD000202022F01002CCF82020DCF8182022F469
:102DE000704242EA013123F0A00242EA0E12CCF80E
:102DF0001810CCF82020DCF8081041F0670121F011
:102E00001001CDE7D1F804E0C968DCF82030DCF827
:102E1000202022F00102CCF82020DCF8182022F03B
:102E2000F00242EA011123F00A0242EA0E02CCF853
:102E30001810CCF82020DCF8081041F0570121F0E0
:102E40002001ADE7D1E901E3C968DCF8082043EAD5
:102E50000E0322F47F4243EA01211143CCF808100B
:102E6000DCF8081041F480419AE700BF01229AE79C
:102E7000FEE700002DE9F04782B0054640F2000869
:102E800000200021EF2240F23F13C4F2020800F0BC
:102E90007DFF4046102101222F0AFFF7A1F840468E
:102EA00008210022FFF79CF84DF2004444F26C66C2
:102EB000CFF6FE74C2F200060DF106090DF1070A05
:102EC0003046494601220A238DF80670FFF79CFC24
:102ED0003046514601220A238DF80750FFF794FC33
:102EE0000134EDD3404608210122FFF779F802B002
:102EF000BDE8F0872DE9F04F85B0841A1D460E46D7
:102F00000746DDF838C038BF141AC81A4FF0FF3131
:102F10004FF0FF3338BF0123029338BFA81B049042
:102F20000192BA4288BF0121039138463146624678
:102F300000F02EF8AB46AE4202D10198874224D071
:102F400004980FFA84FAAAEB000800B2C0F1000955
:102F50004FEA480000B248450399C8BF0F445045A6
:102F60000299BCBF0E44D04448450498BDB2B4B2E7
:102F70000E9AC8BFA8EB00082846214600F008F8C2
:102F80005C45E5D101988542E2D105B0BDE8F08FFE
:102F9000EF2888BF704770B582B014468A09042AAA
:102FA0002CD802460B4600F0F1FE0025C4F20205C3
:102FB000284610210122FFF713F828460821002295
:102FC000FFF70EF844F26C66200AC2F200068DF894
:102FD00006000DF10601304601220A23FFF714FC1A
:102FE0000DF10701304601220A238DF80740FFF753
:102FF0000BFC284608210122FEF7F2FF02B0BDE8D3
:1030000070407047EF2888BF70472DE9F04782B0C5
:103010008F09042F42D8EF2A28BFEF22B3F59F7FF4
:1030200088BF40F23F13171A5E1A40F200080137BA
:103030000136C4F2020806FB07F400F0A7FE404682
:1030400010210122FEF7CCFF404608210022FEF7A6
:10305000C7FFF4B1DDF8289044F26C654FEA1926F9
:10306000C2F200050DF1060A0DF107072846514688
:1030700001220A23013C8DF80660FFF7C5FB2846B4
:10308000394601220A238DF80790FFF7BDFB002C7B
:10309000ECD1404608210122FEF7A2FF02B0BDE8B4
:1030A000F04770472DE9F04F87B000200690CDE93A
:1030B0000400CDE90200019043F63000C4F20200A2
:1030C0000168002241F0020101600168002401F062
:1030D00002010191019901920168C4F2020441F0D8
:1030E00001010160006802AD00F00100019001984B
:1030F0000820029002204FF0010805902046294642
:10310000CDE903820026FEF78DFE102002902046B6
:103110002946FEF787FE4020029020462946FEF70A
:1031200081FE204608210122FEF75AFF2046102189
:103130000122FEF755FF204640210122FEF750FFF5
:10314000204640210122FEF74BFF0A20FEF76EFDCC
:10315000204640210022FEF743FF0A20FEF766FDCD
:10316000204640210122FEF73BFF7820FEF75EFD5E
:10317000204610210022FEF733FF204608210022BE
:10318000FEF72EFF44F26C65C2F2000502A9284644
:1031900001220A238DF80880FFF736FB204608211C
:1031A0000122FEF71DFF9620FEF740FD204610216C
:1031B0000022FEF715FF204608210022FEF710FF2F
:1031C00011208DF8080002A9284601220A23FFF7E2
:1031D0001BFB204608210122FEF702FF7820FEF7A4
:1031E00025FD204610210022FEF7FAFE2046082188
:1031F0000022FEF7F5FE3A208DF8080002A92846C5
:1032000001220A23FFF700FB204608210122FEF7D6
:10321000E7FE204610210122FEF7E2FE20460821AB
:103220000022FEF7DDFE05208DF8080002A92846E1
:1032300001220A23FFF7E8FA204608210122FEF7BF
:10324000CFFE204610210022FEF7CAFE20460821AC
:103250000022FEF7C5FE36208DF8080002A9284698
:1032600001220A23FFF7D0FA204608210122FEF7A7
:10327000B7FE204610210122FEF7B2FE20460821AB
:103280000022FEF7ADFE02A9284601220A238DF88E
:1032900008600026FFF7B8FA204608210122FEF751
:1032A0009FFE204610210022FEF79AFE20460821AC
:1032B0000022FEF795FEB2208DF8080002A92846EC
:1032C00001220A23FFF7A0FA204608210122FEF777
:1032D00087FE204610210122FEF782FE20460821AB
:1032E0000022FEF77DFE0C208DF8080002A928467A
:1032F00001220A230C27FFF787FA20460821012222
:10330000FEF76EFE204610210122FEF769FE2046E0
:1033100008210022FEF764FE02A9284601220A23A2
:103320008DF80870FFF770FA204608210122FEF799
:1033300057FE204610210122FEF752FE20460821AA
:103340000022FEF74DFE02A9284601220A238DF82D
:103350000860FFF759FA204608210122FEF740FED7
:10336000204610210122FEF73BFE204608210022C4
:10337000FEF736FE332602A9284601220A238DF8DD
:103380000860FFF741FA204608210122FEF728FED7
:10339000204610210122FEF723FE204608210022AC
:1033A000FEF71EFE02A9284601220A238DF80860B6
:1033B000FFF72AFA204608210122FEF711FE2046D7
:1033C00010210022FEF70CFE204608210022FEF705
:1033D00007FEB7208DF8080002A9284601220A231B
:1033E000FFF712FA204608210122FEF7F9FD2046D8
:1033F00010210122FEF7F4FD204608210022FEF7ED
:10340000EFFD35208DF8080002A9284601220A2385
:10341000FFF7FAF9204608210122FEF7E1FD2046D8
:1034200010210022FEF7DCFD204608210022FEF7D5
:10343000D7FDBB208DF8080002A9284601220A23E7
:10344000FFF7E2F9204608210122FEF7C9FD2046D8
:1034500010210122FEF7C4FD204608210022FEF7BC
:10346000BFFD19208DF8080002A9284601220A2371
:10347000FFF7CAF9204608210122FEF7B1FD2046D8
:1034800010210022FEF7ACFD204608210022FEF7A5
:10349000A7FDC0208DF8080002A9284601220A23B2
:1034A000FFF7B2F9204608210122FEF799FD2046D8
:1034B00010210122FEF794FD204608210022FEF78C
:1034C0008FFD2C208DF8080002A9284601220A232E
:1034D000FFF79AF9204608210122FEF781FD2046D8
:1034E00010210022FEF77CFD204608210022FEF775
:1034F00077FDC2208DF8080002A9284601220A2380
:10350000FFF782F9204608210122FEF769FD2046D7
:1035100010210122FEF764FD204608210022FEF75B
:103520005FFD02A9284601220A238DF80880FFF7D3
:103530006BF9204608210122FEF752FD204610219A
:103540000022FEF74DFD204608210022FEF748FD2F
:10355000C3208DF8080002A9284601220A23FFF79C
:1035600053F9204608210122FEF73AFD204610219A
:103570000122FEF735FD204608210022FEF730FD2E
:1035800012208DF8080002A9284601220A23FFF71D
:103590003BF9204608210122FEF722FD204610219A
:1035A0000022FEF71DFD204608210022FEF718FD2F
:1035B000C4208DF8080002A9284601220A23FFF73B
:1035C00023F9204608210122FEF70AFD204610219A
:1035D0000122FEF705FD204608210022FEF700FD2E
:1035E00020208DF8080002A9284601220A23FFF7AF
:1035F0000BF9204608210122FEF7F2FC204610219B
:103600000022FEF7EDFC204608210022FEF7E8FC30
:10361000C6208DF8080002A9284601220A23FFF7D8
:10362000F3F8204608210122FEF7DAFC204610219B
:103630000122FEF7D5FC204608210022FEF7D0FC2F
:103640000F208DF8080002A9284601220A23FFF75F
:10365000DBF8204608210122FEF7C2FC204610219B
:103660000022FEF7BDFC204608210022FEF7B8FC30
:10367000D02702A9284601220A238DF80870FFF7F7
:10368000C3F8204608210122FEF7AAFC204610219B
:103690000122FEF7A5FC204608210022FEF7A0FC2F
:1036A000A4208DF8080002A9284601220A23FFF76A
:1036B000ABF8204608210122FEF792FC204610219B
:1036C0000122FEF78DFC204608210022FEF788FC2F
:1036D000A1208DF8080002A9284601220A23FFF73D
:1036E00093F8204608210122FEF77AFC204610219B
:1036F0000022FEF775FC204608210022FEF770FC30
:10370000E0208DF8080002A9284601220A23FFF7CD
:103710007BF8204608210122FEF762FC204610219A
:103720000122FEF75DFC204608210022FEF758FC2E
:1037300002A9284601220A238DF80870FFF764F8D1
:10374000204608210122FEF74BFC204610210122D1
:10375000FEF746FC204608210022FEF741FC04202B
:103760008DF8080002A9284601220A23FFF74CF829
:10377000204608210122FEF733FC204610210122B9
:10378000FEF72EFC204608210022FEF729FC0D261C
:1037900002A9284601220A238DF80860FFF734F8B1
:1037A000204608210122FEF71BFC204610210122A1
:1037B000FEF716FC204608210022FEF711FC4FF010
:1037C000110A02A9284601220A238DF808A0FFF752
:1037D0001BF8204608210122FEF702FC204610219A
:1037E0000122FEF7FDFB204608210022FEF7F8FB30
:1037F00013208DF8080002A9284601220A23FFF7AA
:1038000003F8204608210122FEF7EAFB204610219A
:103810000122FEF7E5FB204608210022FEF7E0FB2F
:103820002B208DF8080002A9284601220A23FEF762
:10383000EBFF204608210122FEF7D2FB2046102193
:103840000122FEF7CDFB204608210022FEF7C8FB2F
:103850004FF03F0B02A9284601220A238DF808B039
:10386000FEF7D2FF204608210122FEF7B9FB2046D1
:1038700010210122FEF7B4FB204608210022FEF7AA
:10388000AFFB54208DF8080002A9284601220A2324
:10389000FEF7BAFF204608210122FEF7A1FB2046D1
:1038A00010210122FEF79CFB204608210022FEF792
:1038B00097FB4C208DF8080002A9284601220A2314
:1038C000FEF7A2FF204608210122FEF789FB2046D1
:1038D00010210122FEF784FB204608210022FEF77A
:1038E0007FFB18208DF8080002A9284601220A2330
:1038F000FEF78AFF204608210122FEF771FB2046D1
:1039000010210122FEF76CFB204608210022FEF761
:1039100067FB02A9284601220A238DF80860FEF7FA
:1039200073FF204608210122FEF75AFB2046102192
:103930000122FEF755FB204608210022FEF750FB2E
:103940000B208DF8080002A9284601220A23FEF761
:103950005BFF204608210122FEF742FB2046102192
:103960000122FEF73DFB204608210022FEF738FB2E
:103970004FF01F0802A9284601220A238DF808806B
:10398000FEF742FF204608210122FEF729FB2046D0
:1039900010210122FEF724FB204608210022FEF719
:1039A0001FFB4FF0230902A9284601220A238DF8A4
:1039B0000890FEF729FF204608210122FEF710FBA0
:1039C000204610210022FEF70BFB20460821002292
:1039D000FEF706FBE1208DF8080002A92846012227
:1039E0000A23FEF711FF204608210122FEF7F8FA0C
:1039F000204610210122FEF7F3FA2046082100227A
:103A0000FEF7EEFA02A9284601220A238DF8087073
:103A1000FEF7FAFE204608210122FEF7E1FA2046D1
:103A200010210122FEF7DCFA204608210022FEF7D1
:103A3000D7FA04208DF8080002A9284601220A239B
:103A4000FEF7E2FE204608210122FEF7C9FA2046D1
:103A500010210122FEF7C4FA204608210022FEF7B9
:103A6000BFFA0C208DF8080002A9284601220A237B
:103A7000FEF7CAFE204608210122FEF7B1FA2046D1
:103A800010210122FEF7ACFA204608210022FEF7A1
:103A9000A7FA02A9284601220A238DF808A0FEF7FA
:103AA000B3FE204608210122FEF79AFA2046102193
:103AB0000122FEF795FA204608210022FEF790FA2F
:103AC00013208DF8080002A9284601220A23132694
:103AD000FEF79AFE204608210122FEF781FA2046D1
:103AE00010210122FEF77CFA204608210022FEF771
:103AF00077FA2C208DF8080002A9284601220A2313
:103B0000FEF782FE204608210122FEF769FA2046D0
:103B100010210122FEF764FA204608210022FEF758
:103B20005FFA02A9284601220A238DF808B0FEF7A1
:103B30006BFE204608210122FEF752FA2046102192
:103B40000122FEF74DFA204608210022FEF748FA2E
:103B500044208DF8080002A9284601220A23FEF716
:103B600053FE204608210122FEF73AFA2046102192
:103B70000122FEF735FA204608210022FEF730FA2E
:103B800051208DF8080002A9284601220A23FEF7D9
:103B90003BFE204608210122FEF722FA2046102192
:103BA0000122FEF71DFA204608210022FEF718FA2E
:103BB0002F208DF8080002A9284601220A23FEF7CB
:103BC00023FE204608210122FEF70AFA2046102192
:103BD0000122FEF705FA204608210022FEF700FA2E
:103BE00002A9284601220A238DF80880FEF70CFE60
:103BF000204608210122FEF7F3F920461021012278
:103C0000FEF7EEF9204608210022FEF7E9F902A9A5
:103C1000284601220A238DF80880FEF7F5FD20468C
:103C200008210122FEF7DCF9204610210122FEF7CF
:103C3000D7F9204608210022FEF7D2F920208DF87E
:103C4000080002A9284601220A23FEF7DDFD2046CE
:103C500008210122FEF7C4F9204610210122FEF7B7
:103C6000BFF9204608210022FEF7BAF902A928462A
:103C700001220A238DF80890FEF7C6FD2046082190
:103C80000122FEF7ADF9204610210022FEF7A8F927
:103C9000204608210022FEF7A3F921208DF8080014
:103CA00002A9284601220A23FEF7AEFD204608217C
:103CB0000122FEF795F9204610210022FEF790F927
:103CC000204608210022FEF78BF902A9284601228E
:103CD0000A238DF80860FEF797FD2046082101228F
:103CE000FEF77EF90A20FDF7A1FF204610210022F1
:103CF000FEF776F9204608210022FEF771F9292007
:103D00008DF8080002A9284601220A23FEF77CFD4F
:103D1000204608210122FEF763F90A20FDF786FFFD
:103D2000204610210022FEF75BF9204608210022E0
:103D3000FEF756F936208DF8080002A92846012220
:103D40000A23FEF761FD204608210122FEF748F90B
:103D5000204610210122FEF743F9204608210022C7
:103D6000FEF73EF900208DF8080002A9284601223E
:103D70000A23FEF749FD204608210122FEF730F90B
:103D80000020FFF777F807B0BDE8F08F2DE9F0438A
:103D900083B00024C4F20204164689460746204632
:103DA000102100229846FEF71BF920460821002228
:103DB000FEF716F944F26C652A20C2F200058DF870
:103DC00001000DF10101284601220A23FEF71CFD26
:103DD000204608210122FEF703F920461021012286
:103DE000FEF7FEF8204608210022FEF7F9F8380A0F
:103DF0008DF802000DF10201284601220A23FEF788
:103E000003FD0DF10301284601220A238DF80370FA
:103E1000FEF7FAFC204608210122FEF7E1F82046D1
:103E200010210122FEF7DCF8204608210022FEF7CF
:103E3000D7F8300A8DF8040001A9284601220A2388
:103E4000FEF7E2FC0DF10501284601220A238DF858
:103E50000560FEF7D9FC204608210122FEF7C0F8D4
:103E6000204610210022FEF7BBF820460821002240
:103E7000FEF7B6F82B208DF806000DF10601284656
:103E800001220A23FEF7C0FC204608210122FEF78A
:103E9000A7F8204610210122FEF7A2F820460821AB
:103EA0000022FEF79DF84FEA19208DF807000DF16A
:103EB0000701284601220A23FEF7A6FC02A928468C
:103EC00001220A238DF80890FEF79EFC2046082167
:103ED0000122FEF785F8204610210122FEF780F826
:103EE000204608210022FEF77BF84FEA18208DF8C3
:103EF00009000DF10901284601220A23FEF784FC7E
:103F00000DF10A01284601220A238DF80A80FEF7E6
:103F10007BFC204608210122FEF762F82046102192
:103F20000022FEF75DF8204608210022FEF758F82F
:103F30002C208DF80B000DF10B01284601220A23DD
:103F4000FEF762FC204608210122FEF749F803B083
:103F5000BDE8F0832DE9F04F83B015467F3A12F1AA
:103F60005F0FC0F02A819B46421D01F10B030C9F9D
:103F7000002692B29BB2C4F20206FFF707FF30465A
:103F800010210122FEF72CF83046082100224FF0C4
:103F90000008FEF725F84FEA1B204FF69401019028
:103FA00005EB4500C0F6000101EB800044F26C66B1
:103FB0004FEA1729A0F5C070C2F2000602AF0DF15A
:103FC0000905009019E000BF30460DF10A010122F9
:103FD0000A238DF80A90FEF717FC0C980DF10B01DF
:103FE0008DF80B00304601220A23FEF70DFC08F184
:103FF0000108B8F10C0F00F0D98000982C463D461E
:1040000010F90870B7F1FF3F10DD30460DF10A01DD
:1040100001220A238DF80A90FEF7F6FB0C980DF1A9
:104020000B018DF80B0030460DE000BF01982946CA
:104030008DF80800304601220A23FEF7E5FB8DF8D3
:1040400009B03046214601220A23FEF7DDFB5FFA64
:1040500087FA5FEA4A6025D430460DF10A01012251
:104060000A238DF80A90FEF7CFFB0C980DF10B0197
:104070008DF80B00304601220A23FEF7C5FB2F46C0
:1040800025465FEA8A6023D5019839468DF80800F5
:10409000304601220A23FEF7B7FB8DF809B03046FF
:1040A000294624E0019829468DF80800304601226F
:1040B0000A232F46FEF7A8FB3046214601220A2399
:1040C0008DF809B02546FEF79FFB5FEA8A60DBD4D6
:1040D00030460DF10A0101220A238DF80A90FEF7FD
:1040E00093FB0C980DF10B018DF80B00304601226B
:1040F0000A23FEF789FB5FEACA600FD430460DF150
:104100000A0101220A238DF80A90FEF77DFB0C9824
:104110000DF10B018DF80B0030460CE0019839468B
:104120008DF80800304601220A23FEF76DFB8DF85A
:1041300009B03046294601220A23FEF765FB5FEAF3
:104140000A700FD430460DF10A0101220A238DF8BE
:104150000A90FEF759FB0C980DF10B018DF80B003E
:1041600030460CE0019839468DF8080030460122AF
:104170000A23FEF749FB8DF809B030462946012293
:104180000A23FEF741FB5FEA4A707FF51DAF0198F5
:1041900039468DF80800304601220A23FEF734FB29
:1041A0008DF809B0304629461DE700BF0020C4F253
:1041B000020008210122FDF713FF03B0BDE8F08FD4
:1041C0002DE9F04381B0DDF82080994615460E4672
:1041D000044607462A780A2A06D100BF0C3627462D
:1041E00001352A780A2AF9D0B2B1B8B2EA2888BFD4
:1041F0000C36B1B2B1F59A7F0ED8EA2888BF2746AF
:10420000B8B24B46CDF80080FFF7A4FE0637013563
:104210002A780A2AE8D1E1E701B0BDE8F08300007E
:10422000B0B584B044F2085042F2000101230024EA
:10423000C2F20000C4F20101C0F60073012503942C
:104240004FF48032047680F82040C0E90A34C5611A
:1042500080F8304080E81600C0E903444561FCF76F
:10426000ABFF002818BFFCF7BDFB029444F20854D2
:104270000E20C2F20004CDE9000569462046FCF795
:10428000D3FE002818BFFCF7ADFB2046FCF772FFF9
:104290004FF080504FF0C061C4E90A10012520465C
:1042A00084F83050FCF788FF002818BFFCF79AFB11
:1042B0000E20CDE900050020CDE9020044F20850AF
:1042C000C2F200006946FCF7AFFE002818BFFCF7F9
:1042D00089FB04B0B0BD0000B0B584B044F25050CA
:1042E000C2F2000042F200114FF080534FF0C0655F
:1042F000C4F201010024C0E90A5301254FF48032C1
:10430000047680F82040C56180F8305080E81600BF
:10431000C0E903444561FCF74FFF002818BFFCF7D4
:1043200061FB0920CDE9000544F25050C2F20000C3
:104330006946CDE90244FCF777FE002818BFFCF778
:1043400051FB04B0B0BD000080B582B000200190E8
:1043500043F63000C4F202000168002241F48001FB
:1043600001600068002100F480000190019838206D
:10437000FDF7BEFE382002B0BDE88040FDF7A6BEC6
:104380002DE9F04186B0002643F630070596CDE9C9
:104390000366CDE901660096C4F20207386840F66C
:1043A000004440F0800038603868C4F2020400F035
:1043B0008000009000980096386801AD40F0010040
:1043C000386038684FF0010800F001000090009854
:1043D00000963868294640F002003860386800F0DE
:1043E0000200009000980096386840F004003860A1
:1043F000386800F00400009000980F20CDE9010615
:10440000A4F58060CDF80C80FDF70CFD00963868AF
:1044100001A940F008003860386800F008000090FA
:1044200000980096786940F480407861786900F4DB
:104430008040009000980A2081E8410120462946EA
:10444000FDF7F0FC052001904FF40410CDE90208BF
:1044500020462946FDF7E6FC062005210022FDF74F
:1044600047FE0620FDF732FE082005210022FDF759
:104470003FFE0820FDF72AFE06B0BDE8F0810000EF
:1044800080B544F26C6043F20001C2F20000C4F255
:1044900001014FF4827200234FF4007C80E80E008B
:1044A0000A21C0E90333C0E9053CC361C0E9083310
:1044B000C0E90A31FEF716F9002808BF80BDBDE843
:1044C0008040FCF78FBA000080B588B044F2C46029
:1044D0000021C2F200004FF080424FF0FF330791FD
:1044E000CDE90511CDE90211C0E90021C0E90213AF
:1044F00001618161FEF73AFB002818BFFCF772FAF0
:104500004FF48050049044F2C460C2F2000004A949
:10451000FEF7DEFB002818BFFCF764FA44F2C46023
:10452000C2F2000002A9FEF7C3FA002818BFFCF788
:1045300059FA002001902020009044F2C460C2F299
:1045400000006946FEF7B4FA08B080BDFEE700003F
:10455000FEE700002DE9F04F81B02DED0A8B44F20B
:10456000AC50C2F20000006840F6C008406840F657
:10457000FF72A0F60101C0F1000E11F5006F4FF0BF
:104580000001C2F200084FF0000B38BF4FF0000EE0
:104590000EEB0B0707F1010C07F1020907F1030A03
:1045A0003D1D7E1DBC1DF81D6FF3DF2738F8177009
:1045B00092B26FF3DF2C974238BF3A4689B238F88F
:1045C0001C308F426FF3DF2988BF3946934238BFD2
:1045D0001A4638F819708B426FF3DF2A88BF1946E4
:1045E000974238BF3A4638F81A308F426FF3DF25CA
:1045F00088BF3946934238BF1A4638F815708B4247
:104600006FF3DF2688BF1946974238BF3A4638F81D
:1046100016308F426FF3DF2488BF3946934238BF8C
:104620001A4638F814708B426FF3DF2088BF1946A2
:10463000974238BF3A4638F810008F4288BF394653
:10464000904238BF024688420BF1080B88BF0146F2
:10465000BBF5006F9CD190B28BB210FA81F14A0881
:1046600040F6FF77BA42A3EB000038BF4F0842F292
:10467000CA31FA2828F8017010DA42F2EC3218F840
:10468000022042F2C830002128F80010002A42F22D
:10469000D43048F8001040F0528255E20EF6020C79
:1046A0000EF601090EF5006A4FF0000B032340F2ED
:1046B000FF7000240025002706E000BF0BF1010B6E
:1046C000012725460C4604330AEB030103396FF337
:1046D000DF2138F811108A420ED99E1E06EB0E011A
:1046E0006FF3DF2138F811108A4205D8002F4BD024
:1046F0000BF1010B01273546264609EB030103396F
:104700006FF3DF2138F811108A420DD9591E01EBE1
:104710000E046FF3DF2438F81440A24204D8AFB37C
:104720000BF1010B01270D4631460CEB0304033C52
:104730006FF3DF2438F81440A2420EEB03040BD9C8
:1047400026466FF3DF2638F81660B24204D8FFB170
:104750000BF1010B01271D4683421DD004F50066B5
:104760006FF3DF2638F81660B242ABD901346FF32D
:10477000DF2438F81440A242A4D8002F03F101042A
:104780009CD1012704339FE70127B6E70127CCE737
:10479000012719468342E1D1BBF1020FC0F0BA8173
:1047A000002F00F0B781681A00EE100A01EE10BA6F
:1047B000B8EE400AB8EE411A80EE010A42F2E83043
:1047C000404490ED001A0020B8EE411A42F2D9326E
:1047D00044F2C464C2F2000442F2DA3B01264FF014
:1047E000000A80EE010AB1EE001A20EE010AB2EED4
:1047F000041AC0EE010A9FEDD70A9FEDD71A30EEDA
:10480000802A31EE600AF4EE410AF1EE10FAC8BFD8
:10481000B0EE420A9FEDD11A9FEDD12A30EE813AD7
:1048200032EE601AF4EE420AF1EE10FAC8BFB0EEB2
:10483000431A9FEDCC2A9FEDCC3A30EE824A33EEFC
:10484000602AF4EE430AF1EE10FAC8BFB0EE442A33
:104850009FEDC63A9FEDC64A30EE835A34EE603A79
:10486000F4EE440AF1EE10FAC8BFB0EE453A9FEDFF
:10487000C14A9FEDC15A30EE846A35EE604AF4EECB
:10488000450AF1EE10FAC8BFB0EE464A9FEDBB5A9A
:104890009FEDBB6A30EE857A36EE605AF4EE460A3A
:1048A000F1EE10FAC8BFB0EE475A9FEDB66A9FED21
:1048B000B67A70EE861A37EE606AF4EE470AF1EEC9
:1048C00010FAC8BFB0EE616A9FEDB07ADFEDB01AA2
:1048D00070EE872A31EEE07AF4EE610AF1EE10FA1A
:1048E000C8BFB0EE627ADFEDAB1ADFEDAB2A70EE37
:1048F000A13A72EEE01AF4EE620AF1EE10FAC8BFC5
:10490000F0EE631ADFEDA52ADFEDA53A70EEA24ABC
:1049100073EEE02AF4EE630AF1EE10FAC8BFF0EE8F
:10492000642ADFEDA03ADFEDA04A70EEA35A74EEE0
:10493000E03AF4EE640AF1EE10FAC8BFF0EE653A20
:10494000DFED9A4ADFED9A5A70EEA44AF4EE650A5A
:1049500075EEE00ADFED975AF1EE10FAC8BFF0EEFF
:10496000640AF4EE650AF1EE10FAACBF0120F0EE35
:10497000605AF4EE653AF0EE650AF1EE10FAB8BF4F
:10498000F0EE630AF4EE602AF0EE604AF1EE10FAFF
:10499000B8BFF0EE624AF4EE641AF0EE646AF1EE2B
:1049A00010FAB8BFF0EE616AB4EE667AF0EE667A9D
:1049B000F1EE10FAB8BFF0EE477AB4EE676AB0EEE7
:1049C000678AF1EE10FAB8BFB0EE468AB4EE485AE4
:1049D000B0EE489AF1EE10FAB8BFB0EE459AB4EED8
:1049E000494AB0EE49AAF1EE10FAB8BFB0EE44AAB7
:1049F000B4EE4A3AB0EE4ABAF1EE10FAB8BFB0EEF1
:104A000043BAB4EE4B2AB0EE4BCAF1EE10FAB8BF7F
:104A1000B0EE42CAB4EE4C1AF1EE10FAF4EE653A7A
:104A2000F0EE4C3A4FEA8000B8BFF0EE413AF1EEBA
:104A300010FAF4EE602AB8BF0120F1EE10FAF4EE9D
:104A4000641AB8BF0220F1EE10FAB4EE667AB8BF6D
:104A50000320F1EE10FAB4EE676AB8BF0420F1EE5D
:104A600010FAB4EE485AB8BF0520F1EE10FAB4EED1
:104A7000494AB8BF0620F1EE10FAB4EE4A3AB8BF80
:104A80000720F1EE10FAB4EE4B2AB8BF0820F1EE81
:104A900010FAB4EE4C1AB8BF0920F1EE10FAB4EED9
:104AA000630AB8BF0A20F1EE10FAB8BF0B20C1B2FA
:104AB00008F8020042F2DC3208F80200C1EBC10043
:104AC0004FF60851C0F6000131F8205001EB800785
:104AD000204628F80B60FEF7E1F820688562D7E9E8
:104AE0000179C762E760C0F824A01420C4F2000076
:104AF00006602046FEF780F842F2E43028F80050C5
:104B000042F2E03048F8007042F2E83048F8009095
:104B100008F80BA042F2C830002128F8001042F239
:104B2000D43048F8001042F2EC3018F8000042F29D
:104B3000DB3100284FF0010008F8010004D042F2F8
:104B4000EC30002108F80010BDEC0A8B01B0BDE884
:104B5000F08F00BF0AD7A3BC0AD7A33C0AD723BC57
:104B60000AD7233C0AD7A3BB0AD7A33B6F1203BBC8
:104B70006F12033B6F1283BA6F12833A6F1203BA3C
:104B80006F12033A17B751B917B7513917B7D1B8E0
:104B900017B7D13817B751B817B75138ACC5A7B741
:104BA000ACC5A737ACC527B7ACC52737ACC5A7B6CA
:104BB000ACC5A736002474492DE9F04F81B040F60A
:104BC000C005C2F2000542F2DB30285C002800F08C
:104BD000638105F5105090ED000AB5EE400AF1EE44
:104BE00010FA40F359819FEDAE1AB5EE002A20EE7F
:104BF000010A9FEDAC1A20EE020A42F2E830B4EE50
:104C0000410A9FEDA92A2844F1EE10FAC8BFB0EE80
:104C1000410A90ED003AB4EE420AF1EE10FAB8BF44
:104C2000B0EE420AB8EE432A82EE003A80EE024A23
:104C3000B4EE420A9FED9D2AF1EE10FAB8BFB0EE35
:104C4000434AB4EE424AF1EE10FAC0F225819FEDDC
:104C5000982A31EE403AB4EE410A9FED961A30EEB2
:104C6000022AF1EE10FAB8BFB0EE432AB4EE412AA0
:104C70000020F1EE10FAA8BF0120B8BFB0EE421A32
:104C8000B4EE412A9FED8C2A9FED8C3A8000F1EE24
:104C900010FA30EE033AB4EE420ABCBF0120022003
:104CA00032EE404AF1EE10FAB8BFB0EE443AB4EE3C
:104CB000413AF1EE10FABCBF0320B0EE431A9FED6B
:104CC000802A9FED803AB4EE420A30EE033A32EE8B
:104CD000404AF1EE10FAB8BFB0EE443AB4EE413AB1
:104CE000F1EE10FABCBF0420B0EE431A9FED762A15
:104CF0009FED763AB4EE420A30EE033A32EE404A85
:104D0000F1EE10FAB8BFB0EE443AB4EE413AF1EE2B
:104D100010FABCBF0520B0EE431A9FED6D2A9FED3F
:104D20006D3AB4EE420A30EE033A32EE404AF1EE0A
:104D300010FAB8BFB0EE443AB4EE413AF1EE10FAD0
:104D4000BCBF0620B0EE431A9FED632A9FED633A85
:104D5000B4EE420A30EE033A32EE404AF1EE10FA77
:104D6000B8BFB0EE443AB4EE413AF1EE10FABCBF2F
:104D70000720B0EE431A9FED5A2A9FED5A3AB4EE3F
:104D8000420A30EE033A32EE404AF1EE10FAB8BF72
:104D9000B0EE443AB4EE413AF1EE10FABCBF08204E
:104DA000B0EE431A9FED502A9FED503AB4EE420AFE
:104DB00030EE033A32EE404AF1EE10FAB8BFB0EEF0
:104DC000443AB4EE413A9FED4A2AF1EE10FABCBFE4
:104DD0000920B0EE431A9FED473A32EE404AB4EE56
:104DE000420A9FED452A30EE033AF1EE10FAB8BFC1
:104DF000B0EE443AB4EE413A30EE020AF1EE10FA67
:104E0000B8BF0A20B8BFB0EE431AB4EE410A42F26E
:104E1000D932F1EE10FAB8BF0B20AB5CC1B29942A7
:104E20004FF0000938D0A85442F2DC32A854C1EB4C
:104E3000C1004FF6085144F2C464C0F60001C2F24A
:104E4000000442F2DA384FF0010A31F8207001EB29
:104E50008006204625F808A0FDF720FF206887621D
:104E6000D6E9016BC662E660C0F824901420C4F253
:104E70000000C0F800A02046FDF7BEFE42F2E4307C
:104E80002F5242F2E0302E5042F2E83045F800B0A6
:104E90004FF4807025F8080001B0BDE8F08F00BF26
:104EA0000000704300E6AA4900009644CDCC8C3F38
:104EB00000E6AAC9A5D468530060EA480060EAC8C1
:104EC00000606A4800606AC80060EA470060EAC79C
:104ED00000803B4700803BC70080BB460080BBC6CC
:104EE00000803B4600803BC600009645000096C50A
:104EF00000001645000016C5000096C42DE9F047D5
:104F000044F2AC50C2F20000006840F6C009C2F2A0
:104F1000000942F2D931406819F801E04FF6085211
:104F2000CEEBCE01C0F6000202EB8101B1F80E809B
:104F30009FED151A00EE108AB8EE400A80EE010AC5
:104F4000A0F6010142F2C43C404211F5006F59F84D
:104F50000C106FF3DF2038BF0020421A38BF02F573
:104F60000062B2F5806F164628BF4FF48066022AB1
:104F700010D242F2C83119F8011049F80C0000298A
:104F800000F06081BDE8F0870000704300007042CF
:104F9000000000004A1C6FF3DF2139F8115042F283
:104FA000C93119F8013042F2CA3139F801106FF3F2
:104FB000DF22A6F102063BB934E000BF0432043E12
:104FC000731C6FF3DF22D4D039F812708D4201D9EF
:104FD0008F4251D9002ECCD0531C6FF3DF2339F808
:104FE00013508F4201D98D4245D9012EC1D0931C57
:104FF0006FF3DF2339F813708D4201D98F423AD90C
:10500000022EB6D0D31C6FF3DF2339F813508F4232
:10501000D4D98D42D2D82EE00432043E731C6FF3F3
:10502000DF22A6D039F812708D4201D28F4223D2EE
:10503000002E9ED0531C6FF3DF2339F813508F429C
:1050400001D28D4217D2012E3FF493AF931C6FF320
:10505000DF2339F813708D4201D28F420BD2022E1A
:105060003FF487AFD31C6FF3DF2339F813508F421F
:10507000D2D28D42D0D31A461FED3C1A42F2C4312F
:1050800020EE011AB6EE002A49F8010042F2CC30B7
:10509000012131EE021A09F8001042F2D030BCEEC4
:1050A000C11A49F8002011EE100AA2EB0008AEF177
:1050B0000300082800F2DE804FF0000A41F6E27E8D
:1050C0004FF4005C09F5805308EB0A0420466FF3A7
:1050D000DF2039F8105009EB4A0233F81000671C42
:1050E00022F80C5009EB0E05A5F8FE016FF3DF273F
:1050F00039F81700A61C288433F817006FF3DF2651
:10510000A5F8000239F8160033F81660E11C02F524
:1051100000529080A5F802626FF3DF2139F8110088
:105120000AF1100AA88433F81100211DA5F8040221
:105130006FF3DF2139F81100BAF1F00FE88433F88A
:10514000110004F10501A5F806026FF3DF2139F81B
:1051500011000EF1200E288533F8110004F106012C
:10516000A5F808026FF3DF2139F81100688533F8DC
:10517000110004F10701A5F80A026FF3DF2139F8E5
:105180001100A88533F8110004F10801A5F80C02FC
:105190006FF3DF2139F81100E88533F8110004F1CD
:1051A0000901A5F80E026FF3DF2139F811002886F6
:1051B00033F8110004F10A01A5F810026FF3DF21A2
:1051C00039F81100688633F8110004F10B01A5F8D5
:1051D00012026FF3DF2139F81100A88633F81100AD
:1051E00004F10C01A5F814026FF3DF2139F8110066
:1051F000E88633F8110004F10D01A5F816026FF3EB
:10520000DF2139F81100288733F8110004F10E016D
:10521000A5F818026FF3DF2139F81100688733F819
:10522000110004F10F01A5F81A026FF3DF2139F81C
:105230001100A88733F81100A5F81C027FF444AFD1
:10524000A2E200BF42F2D43159F801200132332AE0
:1052500049F80120FFF496AE42F2CC320023A0EBD5
:10526000080809F8023049F80130AEF103000828B7
:105270007FF622AFB7EE001AB4EE410AF1EE10FA53
:1052800080F2548141F6F6701FEDBF2A09EB000150
:10529000F02209F5805300BFBCEEC23A13EE100AAB
:1052A0004044471C6FF3DF2039F81060B8EE434AE2
:1052B0006FF3DF2732EE443A04EE106A39F81760D4
:1052C000B8EE444A06EE106A31EE435AB8EE466A2A
:1052D00023EE066A24EE054A34EE064ABDEEC44AC1
:1052E00014EE106A21F80A6F33F8100030EE022A2B
:1052F00004EE100A33F81700B8EE444A06EE100A1E
:10530000B8EE466A23EE063A24EE054A34EE033A36
:10531000BDEEC33A13EE100ABCEEC23AA1F8E001AA
:1053200013EE100A4044471C6FF3DF2039F8106079
:10533000B8EE434A6FF3DF2732EE443A04EE106AC8
:1053400039F81760B8EE444A06EE106A31EE435A57
:10535000B8EE466A23EE066A24EE054A34EE064AA3
:10536000BDEEC44A14EE106A4E8033F8100030EEE1
:10537000022A04EE100A33F81700B8EE444A06EE8B
:10538000100AB8EE466A23EE063A24EE054A34EED9
:10539000033ABDEEC33A13EE100ABCEEC23AA1F8CE
:1053A000E20113EE100A4044471C6FF3DF2039F886
:1053B0001060B8EE434A6FF3DF2732EE443A04EE52
:1053C000106A39F81760B8EE444A06EE106A31EEFA
:1053D000435AB8EE466A23EE066A24EE054A34EED6
:1053E000064ABDEEC44A14EE106A8E8033F81000EF
:1053F00030EE022A04EE100A33F81700B8EE444AE1
:1054000006EE100AB8EE466A23EE063A24EE054A86
:1054100034EE033ABDEEC33A13EE100ABCEEC23AC4
:10542000A1F8E40113EE100A4044471C6FF3DF209B
:1054300039F81060B8EE434A6FF3DF2732EE443A92
:1054400004EE106A39F81760B8EE444A06EE106AA6
:1054500031EE435AB8EE466A23EE066A24EE054A58
:1054600034EE064ABDEEC44A14EE106ACE8033F81C
:10547000100030EE022A04EE100A33F81700B8EEDE
:10548000444A06EE100AB8EE466A23EE063A24EEC7
:10549000054A34EE033ABDEEC33A13EE100ABCEEF1
:1054A000C23AA1F8E60113EE100A4044471C6FF31C
:1054B000DF2039F81060B8EE434A6FF3DF2732EE91
:1054C000443A04EE106A39F81760B8EE444A06EE22
:1054D000106A31EE435AB8EE466A23EE066A24EEAD
:1054E000054A34EE064ABDEEC44A14EE106A0E8137
:1054F00033F81000053A04EE100A33F81700B8EE3E
:10550000444A06EE100AB8EE466A23EE063A24EE46
:10551000054A34EE033ABDEEC33A13EE100A30EEFC
:10552000022AA1F8E8017FF4B7AE2DE141F6EA7056
:1055300009EB00010022B6EE001A4FF4005C09F5F9
:10554000805300BF02EE102AB8EE422A22EE002A53
:1055500032EE012ABCEEC22A12EE100A08EB000756
:105560006FF3DF2739F8176009EB420020F80C6071
:1055700033F8177000F50050A1F8F671571C02EED1
:10558000107AB8EE422A22EE002A32EE012ABCEE50
:10559000C22A12EE107A47446FF3DF2739F81760FA
:1055A00021F8186F33F81770A1F8E071971C02EE1C
:1055B000107AB8EE422A22EE002A32EE012ABCEE20
:1055C000C22A12EE107A47446FF3DF2739F81760CA
:1055D000868033F81700A1F8E201D01C02EE100A11
:1055E000B8EE422A22EE002A32EE012ABCEEC22A8E
:1055F00012EE100A40446FF3DF2039F810708F80EC
:1056000033F81000A1F8E401101D02EE100AB8EE04
:10561000422A22EE002A32EE012ABCEEC22A12EE03
:10562000100A40446FF3DF2039F81070CF8033F850
:105630001000A1F8E601501D02EE100AB8EE422A51
:1056400022EE002A32EE012ABCEEC22A12EE100A25
:1056500040446FF3DF2039F810700F8133F81000E9
:10566000A1F8E801901D02EE100AB8EE422A22EEDF
:10567000002A32EE012ABCEEC22A12EE100A404481
:105680006FF3DF2039F810704F8133F81000A1F864
:10569000EA01D01D02EE100AB8EE422A22EE002ADC
:1056A00032EE012ABCEEC22A12EE100A40446FF319
:1056B000DF2039F810708F8133F81000A1F8EC0169
:1056C00002F1080002EE100AB8EE422A22EE002A89
:1056D00032EE012ABCEEC22A12EE100A40446FF3E9
:1056E000DF2039F81070CF8133F81000A1F8EE01F7
:1056F00002F1090002EE100AB8EE422A22EE002A58
:1057000032EE012ABCEEC22A12EE100A40446FF3B8
:10571000DF2039F810700F8233F81000A1F8F00183
:1057200002F10A0002EE100AB8EE422A22EE002A26
:1057300032EE012ABCEEC22A12EE100A40446FF388
:10574000DF2039F810704F8233F81000A1F8F20111
:1057500002F10B0002EE100AB8EE422A22EE002AF5
:1057600032EE012ABCEEC22A12EE100A40446FF358
:10577000DF2039F810700C328F8233F81000F02AD5
:10578000A1F8F4017FF4DEAE42F2C83019F800004F
:1057900002287FF4F7AB42F2CC3019F80000002861
:1057A00008BFBDE8F08742F2D830012109F80010A7
:1057B00044F20850C2F20000FBF76EFF44F2505072
:1057C000C2F20000FBF768FF43F64440002109F8ED
:1057D0000010BDE8F08700002DE9F04F88B040F6DA
:1057E000C00BC2F2000B41F6E8700BEB0001002287
:1057F00040F6FF73F027002031F8186F9BB29E42ED
:1058000092B238BF3346964288BF32464D88304404
:105810009D4238BF2B46954288BF2A468E88284431
:105820009E4238BF3346964288BF3246CD883044C8
:105830009D4238BF2B46954288BF2A460E89284490
:105840009E4238BF3346964288BF32464D89304427
:105850009D4238BF2B46954288BF2A468E892844F0
:105860009E4238BF3346964288BF3246CD89304487
:105870009D4238BF2B46954288BF2A460E8A28444F
:105880009E4238BF3346964288BF32464D8A3044E6
:105890009D4238BF2B46954288BF2A468E8A2844AF
:1058A0009E4238BF3346964288BF3246CD8A304446
:1058B0009D4238BF2B46954288BF2A460C3F28445C
:1058C0009AD148F6890CC8F6880CA0FB0C0798B250
:1058D00000EE100AB8EE401A9FEDE90A9FEDE94A82
:1058E00092B221EE001A131A21EE045A01EE102A88
:1058F000FA09B8EE411A02EE102A21EE001AB8EEAB
:10590000422A42F2F03021EE046A22EE002A584484
:1059100036EE451A22EE042A80ED001A80ED012AA7
:1059200080ED025A80ED036A00207C2B88BF0120A5
:105930004FF40F530BF8030042F2DE1000220BEB82
:10594000000740F6FF73F026002000BF37F8185F0D
:105950009BB237F8164C92B29C4238BF2346944211
:1059600088BF224637F8141C2044994238BF0B46A2
:10597000914288BF0A4637F8124C08449C4238BF0F
:105980002346944288BF224637F8101C204499428F
:1059900038BF0B46914288BF0A4637F80E4C084480
:1059A0009C4238BF2346944288BF224637F80C1CDD
:1059B0002044994238BF0B46914288BF0A4637F8C7
:1059C0000A4C08449C4238BF2346944288BF224672
:1059D00037F8081C2044994238BF0B46914288BFD3
:1059E0000A4637F8064C08449C4238BF2346944286
:1059F00088BF224637F8041C2044994238BF0B4622
:105A0000914288BF0A4637F8024C08449C4238BF8E
:105A10002346944288BF22469D42204438BF2B46ED
:105A2000954288BF2A460C3E28448FD1A0FB0C012A
:105A3000C90903EE101AB8EE437A9FED933A98B273
:105A400025EE035A85EE005A26EE036A86EE006ABA
:105A500092B201EE100A02EE102AB8EE411AB8EE28
:105A6000422A21EE001A22EE002A131A21EE041A0D
:105A700042F2F03022EE042A27EE007A584427EE54
:105A8000044A32EE417A80ED0A7A80ED0B4A80EDCD
:105A90000C1A80ED0D2A002042F2C13100937C2BBC
:105AA00088BF01200BF80100BDEEC54A42F2CC319F
:105AB00014EE100ABDEEC64A1BF8011014EE102AAF
:105AC000104429B142F2D0315BF801100DE000BF63
:105AD00044F2AC51C2F2000109684968A1F6010222
:105AE000494212F5006F38BF0021430801F6020950
:105AF00001F6010A8C4601F500650021032440F2FD
:105B0000FF7E00204FF00008002705E0013101274B
:105B1000804600BF304604342A19033A6FF3DF226F
:105B20003BF8122093420DD9A21E02EB0C066FF334
:105B3000DF263BF81660B34204D8002F4AD001316B
:105B40000127904602460AEB040003386FF3DF207A
:105B50003BF8100083420DD9661E06EB0C006FF374
:105B6000DF203BF81000834204D8AFB30131012796
:105B7000B04600BF164609EB040003386FF3DF2080
:105B80003BF8100083420CEB04000BD902466FF384
:105B9000DF223BF81220934204D8FFB101310127E4
:105BA000A04600BF74451DD000F500626FF3DF22F0
:105BB0003BF812209342ADD901306FF3DF203BF860
:105BC00010008342A6D8002F04F101009ED10127C6
:105BD0000434A1E70127B6E70127CCE701272646D1
:105BE0007445E1D1022931D387B342F2E8305844F9
:105BF00090ED004AA8EB060006EE100A07EE101A18
:105C0000B8EE445AB7EE004AB8EE466AB8EE477AA4
:105C100084EE055A86EE076A42F210401BF8001027
:105C200026EE055A84EE055A81B342F20C405844E0
:105C300090ED006A9FEDB57ADFEDB50A25EE075AC3
:105C400026EE206A36EE055A23E000BF42F21440E9
:105C50005BF8001001310B294BF8001006D342F21B
:105C6000F0305844002180F82010C16142F2F03039
:105C7000584400219FEDE84A01614161D4E000BF32
:105C800033335340000080390000804501210BF878
:105C9000001042F2F03058449FEDDF6AB5EE405AF2
:105CA00000214FF0000E84EE054A80ED075AF1EE18
:105CB00010FAC8BFB0EE446A80ED045A80ED056A60
:105CC0004162CDF804C000BF019800EB0E0A5646B1
:105CD0006FF3DF260AF101003BF8166007900AF126
:105CE0000200B342079E06900AF1030005900AF1F4
:105CF00004006FF3DF2604900AF105003BF81660FC
:105D000003900AF10700029038BF0131B342069EAA
:105D10000AF106046FF3DF263BF8166038BF013145
:105D2000B342059E6FF3DF246FF3DF263BF8166066
:105D300038BF0131B342049E0AF108026FF3DF2637
:105D40003BF8166038BF0131B342039E6FF3DF2288
:105D50006FF3DF263BF8166038BF01313BF8144083
:105D6000B34238BF0131A342029C0AF1090C6FF320
:105D7000DF243BF8146038BF01313BF81220B342F6
:105D80006FF3DF2C0AF10A0538BF013193423BF86B
:105D90001C200AF10B006FF3DF2538BF013193425D
:105DA0003BF815206FF3DF200AF10C0738BF0131F3
:105DB0003BF8100093426FF3DF270AF10D0838BF5C
:105DC000013183423BF817006FF3DF280AF10E0917
:105DD00038BF013183423BF818006FF3DF290AF125
:105DE0000F0A38BF013183423BF819006FF3DF2AF5
:105DF00038BF013183423BF81A0038BF013183427A
:105E00000EF1100E38BF0131BEF5006F7FF45CAFAC
:105E100004EE101A9FED8E5AB8EE444A9FED8D6A3B
:105E200024EE054A24EE064A009942F208405844FE
:105E30007C2980ED004A40F2AF8021EE031A22EE69
:105E4000032A81EE001A82EE000A44F2AC52C2F23A
:105E5000000212680027526803254FF4805640F272
:105E6000FF794FF0000A0023BDEEC11ABDEEC00A53
:105E700011EE100A10EE101A08444108A2F60100B3
:105E8000524210F5006F104638BF002000F6020C99
:105E900000F6010E00F5006400228046079201E042
:105EA000404604356219033A6FF3DF220BEB4202DE
:105EB000925B914210D9AA1E10446FF3DF200BEBC6
:105EC0004000805B814207D827B101330127924609
:105ED00002E000BF012707920EEB050003386FF3C5
:105EE000DF200BEB4000805B814215D96A1E02EB7C
:105EF00008006FF3DF200BEB4000805B81420BD882
:105F000047B101330127924606E000BF9A99193E36
:105F10009A99593F012707920CEB050003386FF35C
:105F2000DF200BEB4000805B08EB0502814240461E
:105F30000CD910466FF3DF200BEB4000805B8142F1
:105F400004D8FFB101330127AA4600BF4D4531D027
:105F500002F500606FF3DF200BEB4000805B8142B5
:105F60009ED9501C6FF3DF200BEB4000805B814219
:105F700096D805F10102404657B1013301279246F8
:105F800004358FE7012707954D45E1D112E000BFA9
:105F900001270792043585E742F2F030584400218A
:105FA000C164C0E90E11C0E9101180F8481008B0B2
:105FB000BDE8F08F022B31D387B3079801EE103A7A
:105FC000AAEB000000EE100AB8EE400AB8EE411A43
:105FD00080EE010A42F2E830584490ED001A42F295
:105FE0003840B8EE411A1BF8002080EE010AB7EEE7
:105FF000001A81EE000A7AB342F23440584490ED20
:10600000002A9FED833A9FED834A20EE030A22EE99
:10601000042A32EE000A22E00000000042F23C4076
:106020005BF8001001310B294BF8001006D342F247
:10603000F0305844002180F84810416442F2F030BA
:10604000584400219FED710A8163C163D6E000BF0F
:106050000000003A0000C84201220BF8002042F282
:10606000F03058449FED692AB5EE400A00240BF544
:106070008057002681EE001A80ED110AF1EE10FA29
:10608000C8BFB0EE412A80ED0E0A80ED0F2AC4642D
:10609000CDF80480019800EB040E0EF10200079089
:1060A0000EF1030075460EF1010206900EF1040098
:1060B0006FF3DF2505900EF1050037F815506FF3EB
:1060C000DF2204900EF1060037F8122003900EF143
:1060D0000700A942029038BF01369142079A0EF19B
:1060E000080B6FF3DF2237F8122038BF01369142D8
:1060F000069A6FF3DF2B6FF3DF2237F8122038BFD9
:1061000001369142059A0EF1090C6FF3DF2237F840
:10611000122038BF01369142049A0EF10A006FF343
:10612000DF2237F8122038BF01369142039A6FF30D
:10613000DF2C6FF3DF2237F8122038BF013691428F
:10614000029A6FF3DF206FF3DF2237F8122038BF97
:106150000136914237F81B2038BF0136914237F89B
:106160001C200EF10B0338BF013637F810009142A6
:106170006FF3DF230EF10C0838BF0136814237F888
:1061800013006FF3DF280EF10D0938BF013681428D
:1061900037F818006FF3DF290EF10E0A38BF013609
:1061A000814237F819006FF3DF2A0EF10F0538BF6F
:1061B0000136814237F81A006FF3DF2538BF013608
:1061C000814237F8150038BF0136814204F11004CE
:1061D00038BF0136B4F5006F7FF45CAF00EE106A93
:1061E0009FED0D1AB8EE400A9FED0C2A20EE010A31
:1061F00040F6C00B20EE020AC2F2000B42F2304021
:10620000584480ED000A08B0BDE8F08F000000009F
:106210009A99193E9A99593F0000003A0000C842E5
:1062200040F6C000C2F2000042F2ED31405C4FF691
:10623000586100EB8000C0F6000131F81000704793
:1062400040F6C000C2F2000042F2E8314058704708
:10625000F0B581B040F6C000C2F2000042F2C83191
:106260004FF00062425042F2EC310024445442F2BA
:10627000C431445042F2CC31445442F2D4314450FF
:1062800042F2D8314FF48062425242F2DA31445441
:1062900043F6444144544FF47151445042F2DB31CF
:1062A00040F20142425242F2ED314FF480724252CA
:1062B00042F2EF310125455442F2E431445242F2B8
:1062C000E03140F25D164AF68012465042F2E83163
:1062D000C0F20302425042F2F031471842F2C2319A
:1062E0007C62FC64F9F7B6FF44F2C460C2F20000BD
:1062F000016887F82040C7E90444C7E90644C7E9B4
:106300000E44C7E9104487F848408C62CE62C660EC
:106310004C621421C4F200010D6001B0BDE8F040F0
:10632000FCF76ABC0B2888BF70472DE9F04F81B09D
:1063300040F6C005C2F2000542F2D931685442F27B
:10634000DC3168544FF6085144F2C464C0EBC0001D
:10635000C0F60001C2F2000442F2DA384FF001093F
:1063600031F8206001EB8007204625F80890FCF703
:1063700095FC20684FF0000B8662D7E9017AC7626E
:10638000E760C0F824B01420C4F20000C0F8009008
:106390002046FCF731FC42F2E4302E5242F2E0306B
:1063A0002F5042F2E83045F800A005F808B001B0DF
:1063B000BDE8F04F70470000022888BF704740F6E4
:1063C000C001C2F2000142F2ED3288547047000071
:1063D00010B540F6C004C2F2000442F2D8300021E9
:1063E000215442F2C430215044F20850C2F200005D
:1063F00021464FF40062FBF77DF8002818BFFAF73A
:10640000F1FA44F2505004F58051C2F200004FF40A
:106410000062FBF76FF838B144F20850C2F2000096
:10642000FBF73AF9FAF7DEFA43F64440012121542A
:1064300010BD000040F6C000C2F2000042F2EC3194
:10644000425CB2FA82F2520942547047012888BF76
:10645000704740F6C001C2F20001084442F2EE313A
:10646000425CB2FA82F2520942547047704700000F
:106470002DE9F04381B0089C984615460E468146AA
:10648000FBF7B4FD201A00EB0804FBF7AFFD40F268
:106490001401C2F200010968C1F3CB3161430091DC
:1064A000D9F800108A683240921BB2FA82F252097F
:1064B000AA4203D1002001B0BDE8F083074618F1DD
:1064C00001000ED130E000BF009801380090D9F8EB
:1064D000000080683040801BB0FA80F04009A8427C
:1064E000E8D0FBF783FDC01BA04227D2009800280C
:1064F000EAD10024EBE700BF88683040801BB0FA87
:1065000080F04009A842D5D088683040801BB0FA9E
:1065100080F04009A842CDD088683040801BB0FA96
:1065200080F04009A842C5D088683040801BB0FA8E
:1065300080F04009A842DFD1BCE700BFD9E90001E3
:106540004268B1F5827F22F0E00242600BD1D9F8B7
:106550000810B1F5004F02D0B1F5806F03D101688A
:1065600021F040010160D9F82810B1F5005F07D192
:10657000016821F400510160016841F4005101609B
:10658000012089F85100002089F85000032001B053
:10659000BDE8F08370470000FBF72EBD70B592B0E8
:1065A00006AC20463021F9F755FE002543F64000A1
:1065B0000595CDE90355CDE901550095C4F20200DA
:1065C0000168022641F080510160006800F08050AF
:1065D0000090009847F200000095C4F200000168A6
:1065E00041F480410160006800F480400090009810
:1065F000012006904FF4803007904FF480000D90FA
:1066000008200E904FF4A870CDE90F0604201190D9
:1066100020460C96FBF790FE10B172B6FEE700BF65
:106620000F20CDE901064FF4A05004904FF48050A4
:10663000059001A805210395FBF796FD10B172B6F0
:10664000FEE700BF12B070BD4EF68850CEF20000DB
:10665000016841F47001016070470000B0B540F678
:10666000FF3E0568C4F2000E40F2004C7045C4F2D3
:10667000010C25DCB0F1804F2FD040F20043C4F272
:106680000003984229D040F60003C4F20003984268
:1066900023D041F6FF73C4F20003984228DC704512
:1066A0003ADCB0F1804F5BD040F20043C4F200030B
:1066B000984255D040F60003C4F200034EE000BFFC
:1066C00040F60043C4F20003984206D0604504D06F
:1066D0000023C4F201039842DBD14B6825F070021D
:1066E00043EA020541F6FF73C4F200039842D6DD87
:1066F00043F6FF73C4F2010398421FDC42F2000329
:10670000C4F2000398422BD00023C4F20103984244
:1067100026D0604524D028E040F60043C4F20003B0
:1067200098421DD041F60003C4F20003984217D0EE
:1067300041F60043C4F2000310E000BF44F200033E
:10674000C4F2010398420BD044F60003C4F20103E3
:10675000984205D044F20043C4F20103984204D1A8
:10676000CB6825F4407243EA02050A688C684B69DD
:10677000C46240F480648262644504BF09690163B5
:10678000026825F0800142F00402194302600122F0
:1067900042610160B0BD000080B582B040F250009F
:1067A000C2F200004FF0000C80F803C000204FF44C
:1067B0008771EF2240F23F13CDF800C0FCF722FCB6
:1067C00002B080BD80B582B040F20400C2F2000089
:1067D00040F2011101804FF0000C00200021EF2257
:1067E00040F20D13CDF800C0FCF70CFC02B080BDE8
:1067F0002DE9F04F81B02DED088B9AB040F2500793
:10680000C2F200077978069040F20400C2F200005C
:1068100040F20112028051B9002600200021EF222F
:1068200040F20D130096FCF7EDFB01207870B9786B
:10683000069800F58060059081B30025002602E0EF
:1068400001368E422AD207EB46042089421E92B2BC
:10685000ED2AF5D823210246FF230095FCF74AFBD9
:1068600020894FF6CE71C82898BF05210844A18A17
:10687000232280B2312988BFA1F10C0291B2BD2838
:1068800002460B4628BFBD22F12928BFF123323230
:106890000E330095FCF7B6FBB978D1E7002400BFB2
:1068A000A5B22846C82144F20822FCF771FBEC2D62
:1068B00004F10404F4D30024A5B22846912144F243
:1068C0000822FCF765FBEC2D04F10404F4D300244A
:1068D000A5B228465A2144F20822FCF759FBEC2DB8
:1068E00004F10404F4D30598BBEE0E1A90ED000AEF
:1068F0009FEDA32A30EE010A11A8B4EE420A08382F
:10690000F1EE10FAB8BFB0EE420A03900BA89FED6B
:106910009D1A069A083800254FF00309029000BF1F
:1069200002EB890090ED002AB4EE402AF1EE10FA55
:10693000C0F2EC80A9F1010B02EB8B0191ED003A62
:10694000B4EE432AF1EE10FAC0F2E08090ED013A85
:10695000B4EE432AF1EE10FAC0F2D880EAB2BAB32C
:106960000398A2F1030800EB820191ED013A08F1CE
:106970000300B4EE423AF1EE10FA35DA022808F1DB
:10698000020429D391ED003AB4EE423AF1EE10FA46
:1069900026DA022C08F101041ED311ED013AB4EEFF
:1069A000423AF1EE10FA1BDA022C0FD311ED023A43
:1069B000B4EE423AF1EE10FA17DAA8F104001039F9
:1069C000B8F1010F8046D0D800F1030800200DE097
:1069D00000204FF0000809E00020A04606E000BFBC
:1069E000A046204602E000BF804640464FFA80FEA7
:1069F0006CB27445049560DD101A10F0030027D0C6
:106A0000561E17A931F8164011AB0BAF53F826509C
:106A100021F8124057F82640012843F8225047F841
:106A2000224016D0941E31F8145053F824C021F897
:106A3000165057F82450022843F826C047F826502D
:106A400070D12646AEEB020010F1040F06D934E0F7
:106A50001646AEEB020010F1040F2ED8029800EBA0
:106A6000860211A800EB860417A800EB4600254615
:106A7000576850F8081D97604768D2F800A0C0F822
:106A8000067052F8047C54E903C3C2F804A054F819
:106A900004AC176055F8107DC0F8021052F8081CBD
:106AA000043E44E9037C44F8043CC4F800A042F8E6
:106AB000041C103A76452C46DADC11A800EB88005D
:106AC00080ED002AB9F1F10F28BF4FF0EF0B069AC5
:106AD00017AFB2F80404B0EE412A27F818B070B12D
:106AE000059902EE109A91ED023AB8EE422A23EE91
:106AF000022A03EE100AB8EE433A82EE032A049DFE
:106B00000BA800EB8800013580ED002AB9F1FD0FDC
:106B10005FFA85FB1AD8BBF1060F09F10109FFF4F2
:106B2000FFAE13E0D61E31F8160057F8265021F8B4
:106B3000140053F8260047F8245043F82400AEEB25
:106B4000020010F1040F89D9B7E700BF40F25004EA
:106B5000BBF1000FC2F2000400F06D819FEDC0AAEE
:106B60009FEDC09A9FEDC0BA11AC0DF12C084FF605
:106B70001F07B7EE008A4FF0000904950BE000BF35
:106B8000000082C20000000009F101090434CB4575
:106B900008F104087CD094ED000A17A830EE0A0A28
:106BA00080EE0A0A2321FF23B4EE480AF1EE10FA20
:106BB000C8BFB0EE480A20EE090ABDEEC00A10EECA
:106BC00010AA30F81950CAF1FF00069028462A464C
:106BD0000097FCF78FF9032D1ED3EB2D1CD80698D8
:106BE00086B2292E18D3E81ECAF5827182B28BB202
:106BF000284631464FF61F0705930097FCF77AF9B0
:106C0000E81C059B82B2284631464FF61F064FF618
:106C10001F070096FCF76EF998ED000AB4EE4B0AD8
:106C2000F1EE10FA06DAB5EE400AF1EE10FA91A68E
:106C3000AADD02E080EE0B0A8CA610EE100AF9F72E
:106C40002BFB41EC100B0DF11E000E2132468DED99
:106C5000000B02F073FC9DF81E00002894D04FF644
:106C6000CE70C82D98BF05200699284489B23129D5
:106C70004FF0230188BFCAF1F30180B289B20DF150
:106C80001E024FF61F0300260096FDF799FA7BE7D8
:106C900040F25004C2F200044FEA4B0204F1080033
:106CA00017A9F9F7BEFA049D280600F0C480BBF1CD
:106CB000040F0BF0030001D2002163E011A90BF0D7
:106CC000FC02A1F11003002193ED040A93ED051AD3
:106CD00030EE0A0A80EE0A0A31EE0A1A81EE0A1A2A
:106CE00093ED062A93ED073A1033B4EE480AF1EE1D
:106CF00010FAC8BFB0EE480A20EE090ABDEEC00A7D
:106D000010EE107A32EE0A0A80EE0A0A33EE0A2AF0
:106D100082EE0A2AC7F1FF0604EB4107B4EE481AD7
:106D2000BE82F1EE10FAC8BFB0EE481A21EE091A81
:106D3000BDEEC11A11EE106AC6F1FF06FE82B4EE76
:106D4000480AF1EE10FAC8BFB0EE480A20EE090A70
:106D5000BDEEC00A10EE106AC6F1FF06B4EE482A76
:106D60003E83F1EE10FAC8BFB0EE482A22EE090ABF
:106D7000BDEEC00A10EE106A0431C6F1FF068A4269
:106D80007E83A1D1002856D011AA02EB810292ED98
:106D9000000A04EB410330EE0A0A80EE0A0AB4EE60
:106DA000480AF1EE10FAC8BFB0EE480A20EE090A10
:106DB000BDEEC00A10EE102AC2F1FF0201289A822D
:106DC00039D04A1C11AB03EB820393ED000A04EBAC
:106DD000420230EE0A0A80EE0A0AB4EE480AF1EEE8
:106DE00010FAC8BFB0EE480A20EE090ABDEEC00A8C
:106DF00010EE103AC3F1FF03022893821BD0881CC7
:106E000011A901EB800191ED000A04EB400030EE86
:106E10000A0A80EE0A0AB4EE480AF1EE10FAC8BF78
:106E2000B0EE480A20EE090ABDEEC00A10EE101AB4
:106E3000C1F1FF018182A570002500BFACB22046E0
:106E4000FF2144F20822FCF7A3F8EC2C05F104051D
:106E5000F4D31AB0BDEC088B01B0BDE8F08F00BFD1
:106E60000000A04200005C4300007A44252E3166F9
:106E70006B487A00252E3066487A00002DE9F04FE5
:106E800081B04FF000084FF001094FF0000A07E011
:106E90004FF0010A5FEAC9704FF0000900F012815B
:106EA00019F001004FF0870B40F20D1418BF4FF09E
:106EB000000B18BF862400205946EF222346CDF848
:106EC0000080FCF79FF85D46A9B2002044F208223A
:106ED000FCF75EF80235A8B2A042F5D95D4600BFC6
:106EE000A9B2182044F20822FCF752F80235A8B2E1
:106EF000A042F5D95D4600BFA9B2302044F2082275
:106F0000FCF746F80235A8B2A042F5D95D4600BFAD
:106F1000A9B2482044F20822FCF73AF80235A8B298
:106F2000A042F5D95D4600BFA9B2602044F2082214
:106F3000FCF72EF80235A8B2A042F5D95D4600BF95
:106F4000A9B2782044F20822FCF722F80235A8B250
:106F5000A042F5D95D4600BFA9B2902044F20822B4
:106F6000FCF716F80235A8B2A042F5D95D4600BF7D
:106F7000A9B2A82044F20822FCF70AF80235A8B208
:106F8000A042F5D95D4600BFA9B2C02044F2082254
:106F9000FBF7FEFF0235A8B2A042F5D95D4600BF5F
:106FA000A9B2D82044F20822FBF7F2FF0235A8B2BA
:106FB000A042F5D95D4600BFA9B2F02044F20822F4
:106FC000FBF7E6FF0235A8B2A042F5D92646002518
:106FD000A34538BF5E4600BFAFB23846314644F2E3
:106FE0000822FBF7D5FFEE2F05F10205F4D30BF1D4
:106FF0001B060025A64228BF264600BFAFB2384672
:10700000314644F20822FBF7C3FFEE2F05F10205DB
:10701000F4D30BF136060025A64228BF264600BF52
:10702000AFB23846314644F20822FBF7B1FFEE2FEB
:1070300005F10205F4D30BF151060025A64228BF45
:10704000264600BFAFB23846314644F20822FBF76D
:107050009FFFEE2F05F10205F4D30BF16C0600251E
:10706000A64228BF264600BFAFB23846314644F29A
:107070000822FBF78DFFEE2F05F10205F4D30BF18B
:1070800087000026A04238BF044600BFB5B228469C
:10709000214644F20822FBF77BFFEE2D06F10206A3
:1070A000F4D35FEACA703FF4F3AE0025ACB22046D9
:1070B000872146F20C32FBF76BFFEE2C05F102053F
:1070C000F4D3E5E601B0BDE8F08F00002DE9F04112
:1070D0002DED048B9EB040F25008C2F2000898F8E3
:1070E000031042F2C13200EB0205B9B900240020BE
:1070F0004FF48771EF2240F23F130094FBF782FFB9
:1071000044F2082400204FF48771EF224FF4877374
:107110000094FBF7EFFE012088F80300287E4FF66D
:107120000853AC7EC0EBC000C0F60003E97903EB66
:10713000800000F110034120002C2A7A08BF4D2066
:107140005324012908BF4E2400294FF0460108BFEF
:107150004124002A08BF522195F82B20BEA6BFA7C4
:10716000002A95F82C2008BF37464FF6586602EBE8
:107170008202C0F6000606EB4202961CCDE900042E
:10718000CDE90217B6A216A82021049602F0D6F97E
:1071900005F13F0090ED009A05F12F00B5EE409A01
:1071A000F1EE10FA2ADD0068F9F776F89FEDB50ADE
:1071B00041EC180BB4EE409AF1EE10FA38DA95F87B
:1071C0002D004FF679644FF67661C0F60004002872
:1071D00019EE100AC0F6000108BF0C46F9F75CF87A
:1071E0009FEDAF1A41EC100BB4EE419AF1EE10FA9C
:1071F0008DED000BACBFABA2B0A231E095F82D1025
:107200004FF679644FF67662C0F60004C0F60002CD
:10721000002908BF14460068F9F73EF841EC100B4E
:1072200093A20EA8202123468DED000B1DE000BF88
:1072300089EE000A95F82D004FF679644FF67661D5
:10724000C0F600040028C0F6000108BF0C4610EE8E
:10725000100AF9F721F841EC100B8BA28DED000B11
:107260000EA8202123468DED028B02F067F92846F7
:1072700010F8571BD1B305F1670191ED009AB5EEF7
:10728000409AF1EE10FA45DD0068F9F705F89FED38
:107290007D0A41EC180BB4EE409AF1EE10FA53DA85
:1072A00095F82E004FF679644FF67661C0F600042B
:1072B000002819EE100AC0F6000108BF0C46F8F7C6
:1072C000EBFF9FED771A41EC100BB4EE419AF1EE13
:1072D00010FA8DED000BA7BF4FF68E62C0F60002CC
:1072E0004FF6A562C0F6000246E000BF95F82E00FA
:1072F0004FF676614FF67963C0F60001C0F60003E1
:107300004FF67C62002808BF0B46C0F6000206A8B4
:10731000202136E095F82E104FF679644FF676620C
:10732000C0F60004C0F60002002908BF1446006839
:10733000F8F7B2FF41EC100B66A206A82021234605
:107340008DED000B1DE000BF89EE000A95F82E00C0
:107350004FF679644FF67661C0F600040028C0F657
:10736000000108BF0C4610EE100AF8F795FF41EC3B
:10737000100B5DA28DED000B06A8202123468DED9C
:10738000028B02F0DBF808F1200416A821464FF624
:10739000E075F8F76AFFC0B1002600204FF488714D
:1073A000EF2240F21D130096FBF72CFE05F11F00A3
:1073B00016AD83B200204FF488712A460096FCF780
:1073C000FFFE20462946F8F75EFF08F140040EA8AC
:1073D0002146F8F74AFFB8B1002600204FF490711B
:1073E000EF2240F22D130096FBF70CFE0EAD0020AD
:1073F0004FF490712A464FF6E0730096FCF7E0FEDA
:1074000020462946F8F73FFF44F20C71C2F2000112
:1074100006A8F8F72AFFD0B10025002040F22F116E
:10742000EF224FF49E730095FBF7ECFD06AC0020B5
:1074300040F22F1122464FF4FC630095FCF7C0FE8A
:1074400044F20C70C2F200002146F8F71CFF1EB097
:10745000BDEC048BBDE8F0815761760046465400D0
:10746000257325632025632563202573202573005C
:10747000434830282573293A2D2D2D20252E32669C
:107480005670700000007A44434830282573293A2A
:10749000252E32666B487A20252E32665670700093
:1074A0000000C842434830282573293A252E30660B
:1074B000487A20252E3266567070000043483028E6
:1074C0002573293A252E3166487A20252E326656B4
:1074D00070700000434831282573293A2D2D2D2046
:1074E000252E326656707000434831282573293A9C
:1074F000252E32666B487A20252E32665670700033
:107500002DE9F04F8BB00E4644F60C1100280446CE
:1075100044F22C7BC2F20001DDF8508018BF012438
:10752000C2F2000B08BF594640F20D1700284FF475
:10753000FC6A1D469146069108BF86274FF0FF3131
:10754000002808BFA1F11F0AFEF76AFE40F20401FD
:10755000C2F20001095D0594002904460A90CDE9B4
:107560000259CDE9087600F09F8030888623584381
:10757000A0F5862090FBF4F0A7F14302101AA7F1C2
:10758000860183468BB20792B842C8BFBB461FFA3A
:107590008AF498420F46B8BF8B461FFA8BF1002041
:1075A00022469946FBF7F4FC4FF0010A07E000BFC2
:1075B0000AF1010A099EBAF1F00FC3462AD036F843
:1075C0001A00862148430A99A0F5862090FBF1F025
:1075D00007991FFA8AF5081A089980468842C8BF99
:1075E00088464845B8BFB8461FFA88F6284631464F
:1075F0002246FBF7CDFC1FFA8BF14FF6FF7081425C
:10760000D6D0AAF1010080B22A4633460094FBF797
:1076100071FCCDE7039FEF2F36D80298A0B31498E2
:1076200090B336F81700862148430A99A0F58620C2
:1076300090FBF1F0BDB2C0F1430110F1430FB8BFB0
:1076400086214328C8BF00218CB20320D1FA50F014
:107650002146832C28BF8321CB1C4FF4784881B26C
:1076600028462A46CDF80080FBF744FCF81E38BFB8
:107670000020EC2D28BFEC25EA1C80B221462346D1
:10768000CDF80080FBF736FC069831464FF4F072D7
:10769000F8F7C7FD059940F204020020C2F200028B
:1076A00050540BB0BDE8F08F40F25001B8F1000F1C
:1076B000C2F200013BD00878C8B3D1F80480B8F119
:1076C000F00F34D23BF8180086214843A0F58620FD
:1076D00090FBF4F01FFA88F5C0F1430110F1430F5D
:1076E000B8BF86214328C8BF00218EB20320D1FA3B
:1076F00050F03146832E28BF8321CB1C4FF0000968
:1077000081B228462A46CDF80090FBF7F3FBB8F18A
:10771000030038BF4846EC2D28BFEC25EA1C80B298
:1077200031463346099ECDF80090FBF7E3FB0698FF
:1077300086210088A7F143024843A0F5862090FBEC
:10774000F4F0A7F18603101A9DB2B8428046C8BF74
:10775000B846A8423088B8BF98464843A0F586206E
:1077600090FBF4F00792101A8346B842C8BFBB469C
:107770001FFA88F10495A8420593B8BF9B461FFAEB
:107780008BF5A94203D000200022FBF701FC1FFA71
:107790008AF9002029464A46FBF7FAFB089C4FF07D
:1077A000010A07E00AF1010A099EBAF1F00FA846A2
:1077B000BB4655D00698862730F81A000A9A7843B7
:1077C000A0F5862090FBF2F0079B181A0546A04210
:1077D000C8BF254636F81A10049EB04201FB07F0D8
:1077E000A0F5862090FBF2F00599A3EB0000074678
:1077F000B8BF0D46A042C8BF2746B042B8BF0F462B
:107800001FFA88F14FF6FF70814209D0AAF10100FA
:107810001FFA8AF2ABB280B200260096FBF76AFB31
:10782000BEB2A9B2B14204D01FFA8AF00022FBF71F
:10783000AFFB1FFA8AF8404631464A46FBF7A8FBE1
:107840001FFA8BF14FF6FF708142ABD0AAF1010015
:1078500080B242463346CDF80090FBF74BFBA1E7E0
:10786000069831464FF4F072F8F7DBFC14980028C4
:10787000DDE9020739D040F25001C2F20001EF2FDA
:1078800008704F6031D880B336F81700862148431E
:107890000A99A0F5862090FBF1F0BDB2C0F143013A
:1078A00010F1430FB8BF86214328C8BF00218CB216
:1078B0000320D1FA50F02146832C28BF8321CB1C12
:1078C0004FF4784681B228462A460096FBF712FB11
:1078D000F81E38BF0020EC2D28BFEC25EA1C80B232
:1078E000214623460096FBF705FB0BB0BDE8F08F61
:1078F00080B544F22C70C2F200004FF4F071F8F73A
:10790000A9FC44F60C10C2F200004FF4F071F8F735
:10791000A1FC40F20400C2F2000040F2011101801B
:1079200040F25000C2F2000000210170416080BDB1
:1079300040F25000C2F200000021C17080F8201017
:1079400080F8401044F20C70C2F2000001707047E1
:10795000FEE70000002908BF70472DE9F043A1F1C0
:10796000010C012303EB5C03072903F0030C03D292
:107970004FF0000E59E000BF23F0030802F10E03A0
:107980004FEA480E33F80E4C33F80C5C24F0030435
:1079900025F0030550F80490415906194719015183
:1079A00040F805907968746871607C6033F80A1C4F
:1079B00033F8084C21F0030124F0030450F801903F
:1079C000075945180619475040F8049071686C68CB
:1079D0006960746033F8061C33F8044C21F003012D
:1079E00024F0030450F80190075945180619475030
:1079F00040F8049071686C686960746033F8021C28
:107A000033F8104B21F0030124F0030450F80190E7
:107A1000075945180619475040F8049071686C687A
:107A2000B8F1040869607460ACD1BCF1000F38D0C3
:107A300002EB4E0132F81E204B8822F0030223F0A5
:107A400003038658C5588718C4188550C650626805
:107A50007B68BCF1010F7A60636022D08A88CB8892
:107A600022F0030223F003038658C5588718C41870
:107A70008550C65062687B68BCF1020F7A60636013
:107A80000FD00A89498922F0030221F003018758A7
:107A9000465883184518865047506868596858609A
:107AA0006960BDE8F04370472DE9F04105889846CC
:107AB00016460746012A0C463BD1D5B3201D042D9E
:107AC00005F003011ED325F0030200BF90ED000A6C
:107AD00090ED021A90ED042AB1EE400A90ED063ABC
:107AE00080ED000AB1EE410A80ED020AB1EE420AD1
:107AF00080ED040AB1EE430A80ED060A043A00F173
:107B00002000E3D1A9B190ED000A0129B1EE400AAD
:107B100080ED000A0DD090ED020A0229B1EE400A74
:107B200080ED020A05D090ED040AB1EE400A80ED26
:107B3000040AFF2D0EDDB5F5806F1FDBB5F5805F04
:107B400023D0B5F5006F00F0A380B5F5806F0DD0A0
:107B500021E000BF3F2D05DC102D07D0202D00F0C7
:107B6000978018E0402D10D0802D14D13846214642
:107B700000F0FAF8B8F1000F10D114E0B5F5807FED
:107B800000F08680B5F5007F05D17A682046294649
:107B9000012300F02BFCB8F1000F04D0B989BA68BA
:107BA0002046FFF7D7FE012E6FD1002D6DD000EEDD
:107BB000105AB8EE400AB7EE001A81EE000A042D02
:107BC00005F0030036D325F0030100BF94ED001A41
:107BD00094ED012A94ED023A20EE011A94ED034A45
:107BE00084ED001A22EE401A84ED011A20EE031AE9
:107BF00094ED042A84ED021A24EE401A84ED031A4F
:107C000020EE021A94ED052A84ED041A22EE401AA1
:107C100094ED062A84ED051A20EE021A94ED072A47
:107C200084ED061A22EE401A84ED071A043904F195
:107C30002004CBD148B394ED001A94ED012A20EE34
:107C4000011A22EE402A012884ED001A84ED012A4F
:107C50001BD094ED021A94ED032A20EE011A22EEB5
:107C6000402A022884ED021A84ED032A08BFBDE8E9
:107C7000F08194ED041A94ED052A20EE011A22EE0B
:107C8000400A84ED041A84ED050ABDE8F08100BFC6
:107C90003846214600F036F9B8F1000F7FF47EAF88
:107CA00081E7000000224260FF294FF0FF020180BF
:107CB0000EDDB1F5806F21DB38D0B1F5805F41D0AA
:107CC000B1F5006F4DD14FF62C03C0F600033DE037
:107CD0003F2909DC10291DD0202942D14FF64C0341
:107CE000C0F6000332E000BF402919D0802938D106
:107CF0004FF60C03C0F6000328E000BFB1F5807F0B
:107D00001AD0B1F5007F2CD14FF66C03C0F60003FA
:107D10001CE000BF4FF61C03C0F6000316E000BFD6
:107D20004FF67C03C0F6000310E000BF4FF2FC7377
:107D3000C0F600030AE000BF4FF63C03C0F60003A4
:107D400004E000BF4FF65C03C0F60003191D03F109
:107D500008020C33126809681B88C0E9011200226E
:107D6000838150B2704700002DE9F0472DED028B62
:107D700080460388D8F80420084601EB830A082BC4
:107D80004FEA5309C0F0AE806FF00E010AEB890C88
:107D900000EB890E01EA4304002700BF0AEB070548
:107DA000C31993ED000A95ED004A93ED011A95ED84
:107DB000015A0CEB07060EEB070193ED022A95ED35
:107DC000026A70EE045A91ED007AD6ED002AC3EDF6
:107DD000005A71EE055AD1ED010AD6ED013AC3ED14
:107DE000015A72EE065A93ED033AD1ED021AD6ED1E
:107DF000024AC3ED025AD5ED035A30EE440A33EE7F
:107E0000258A37EE224AD1ED036AD6ED037A83ED57
:107E1000038A81ED004A30EEA34A81ED014A31EE3A
:107E2000A44A81ED024A36EEA74A81ED034AD119F0
:107E300031EE451A32EE462A33EEE05A34EEE16A6C
:107E4000D1ED000AD1ED011A32EEC74A60EE202AC8
:107E500061EE213A21EE201A20EE210A31EE400A8D
:107E600085ED010A24EE210A25EE211A25EE205A7D
:107E700072EEA32A24EE204A30EE450AC5ED002A10
:107E800086ED000A34EE010A86ED010A91ED020A40
:107E900091ED031A33EE653A22EE004A23EE015AC1
:107EA00023EE003A22EE012A37EEE67A33EE422A3A
:107EB00085ED032A26EE012A27EE011A27EE003A65
:107EC00026EE000A103734EE054A32EE432A30EE31
:107ED000010ABC4285ED024A86ED022A86ED030ABC
:107EE0007FF45CAF4946022300F080FAD8F8042002
:107EF000504649460223BDEC028BBDE8F04700F036
:107F000075BA00002DE9F04F81B02DED108B8CB0CB
:107F1000038891ED000A5E0801EB860B0BEB860AE5
:107F200091ED011A9AED002A9AED013A0AEB8608C2
:107F300030EE024A30EE420A31EE032A31EE431AA5
:107F40009BED013A9BED005A0190D0F804E09808AF
:107F500098ED017AD8ED000A6FF00102009030EE42
:107F6000036A71EE451A74EE452A72EE433A30EE1A
:107F7000430A31EE051A34EE054A32EE032A02EBCB
:107F8000930036EE476A71EEA01A72EEE02A73EEA5
:107F9000C73A30EE070A31EE601A34EE204A32EE6C
:107FA000072A440881ED004A81ED012A8BED006A21
:107FB000CBED011ACAED002ACAED013A88ED000A9C
:107FC00088ED011ACDF82880CDF810B000F0568168
:107FD0006FF0030006EB46026FF0070300EB061597
:107FE00003EB820700EBC60C03EB860B0020764602
:107FF0004FF0000E00230990CDE9021A0B97CDE94E
:1080000007540B9A01EB05098F18049ACDF818C094
:10801000C8180AEB03080A9D1A4490ED024A90ED35
:10802000035AD8ED020AD8ED031A1D4492ED020A54
:1080300092ED032A34EE206A35EE217A95ED021A8C
:1080400095ED033A76EE002A77EE023A72EE812A37
:1080500073EE833AC0ED022AC0ED033A01EB0B0048
:108060008C44D0ED015AD7ED016ADCED003A75EE93
:10807000A62AD9ED004A34EE604A72EEA30A70EEE9
:10808000A47A35EE615A90ED008A97ED009A5CED86
:10809000010A59ED011AC0ED017A1CED01AA78EE32
:1080A000097A19ED01BA37EE8AAA3AEE0BAA80EDE9
:1080B00000AAF01834EE02AA35EE40BA90ED02CADA
:1080C00090ED03DA3AEE43AA3BEE01BA2AEE0CEA4F
:1080D0002BEE0DFA2BEE0CBA2AEE0DAA75EEE65A2F
:1080E0003BEE4AAA38EE498A75EEE06A33EEE49A2E
:1080F00082ED03AA76EEA16A38EE09AA26EE8DBAC1
:108100002AEE0DDA2AEE0CAA66EE8C6A3EEE0FEA33
:108110003BEE4AAA76EE8D6A82ED02EA4CED016AE8
:108120008CED00AA06EB0E0036EE406A37EE427A7E
:10813000D0ED046A90ED05AA36EE416A37EE437A37
:1081400026EE26BA27EE0ACA27EE267A26EE0A6A15
:1081500037EE466A88ED036A32EEE36A37EEE07A7C
:10816000059536EE646A37EE617A66EE662A67EE4A
:10817000263A27EE0A7A26EE0A6A099A3BEE0CBAEC
:1081800032EEC77A36EE636A88ED02BA87ED006A8E
:1081900087ED017AB01890ED066A90ED077A34EE1B
:1081A000422A35EE000A32EE032A30EE410A22EE70
:1081B000061A20EE073A059831EE031A20EE060A59
:1081C00022EE072AB2460C4630EE420A80ED021A31
:1081D00031EEE01A1832DDE907540B9F80ED030AF7
:1081E000DDF80CA0DDF8288039EE480A31EE651A7A
:1081F000DDF818C0099221EE072A20EE073A20EE9A
:10820000060A21EE061A029932EE400A31EE031AEE
:10821000013C03F10803A5F10805A7F108070EF1D9
:10822000100EACF1080CABF1080B09ED011A89ED49
:10823000000A7FF4E3AE06EB030C0CF10800089093
:108240000498324600EB030B06EB0E00079010304B
:108250000B90099D01EB03090AEB0300154443440D
:1082600009F108070BF1080400F1080605F1180EE2
:1082700003F10808CDF824E019E000BF0EF1180062
:1082800009900EF110000B900EF10800434608F122
:1082900008080AF108060BF10804089001F1080724
:1082A000504672467546CDF81CE0F446894697ED77
:1082B000000A96ED001A94ED007A30EE012AD8ED0E
:1082C000000A99ED033A90ED034A72EE472A32EE26
:1082D000072A32EE202A30EE410A33EE041A33EE3A
:1082E000443A9BED034A93ED035A87ED002A9BED38
:1082F000032A30EE046A71EE443A30EE440A93EDFC
:10830000034A31EE021A31EE041A089F89ED031A6E
:1083100073EE471A97ED001A9CED032A36EE456A74
:1083200071EEA01A73EEC53A30EE050A26EE014A48
:1083300021EE825A21EE811A26EE022A34EE054AF7
:1083400031EE421A0B9F84ED004A8BED031A97ED34
:10835000001A079F72EEE02A97ED052A22EE814A65
:1083600023EE825A23EE811A22EE822A34EE054A47
:1083700031EE421A86ED004A80ED031A099833EE79
:10838000073A90ED001A95ED072A33EE603A20EE99
:10839000014A23EE025A23EE011A20EE020A009D42
:1083A00034EE052A31EE400A88ED002A83ED030AF7
:1083B00008462946042300F019F8019C04986268D5
:1083C0002946042300F012F8626850462946042327
:1083D00000F00CF862680A98294604230CB0BDEC42
:1083E000108B01B0BDE8F04FAFF300802DE9F04FE6
:1083F00081B02DED108BA0B0DFED05CACDE90332C1
:10840000021D0C300C46029201901A9102E000BF4E
:10841000F304353FE30824F007001990D8000790D3
:10842000A0EBD400C000189003EB43004FEA031EFA
:108430000201C60003EB830008935F01029BE50085
:10844000C0004FF0000B1F950C96CDE91D42CDE901
:108450001B7000BF19981F4403EB00091C9803EB25
:108460000E0C03EB00080C981A4403EB000A189852
:1084700013ED011A1E1817ED012A19ED013A18ED36
:10848000014A1CED017A52ED010A5AED011A56ED2E
:10849000012A31EE025A33EE046A77EE203A71EE89
:1084A000A24A75EE235A76EE246A75EEA67A43ED5B
:1084B000017A75EEE65AD9ED007A98ED008A9AEDC8
:1084C00000BA96ED00CAD3ED006A47ED015AD7ED28
:1084D000005A9CED009A92ED00AA37EE88EA7BEEF6
:1084E0000C8A36EEA5DA39EE0AFA35EE635A36EE24
:1084F000646A7EEE684A7DEE0F9A7DEE4F3A35EE65
:1085000024DA35EE645A7EEE28AA0CED01DA33EE59
:10851000C6DA02ED015A36EE235A31EE421A33EE34
:10852000442A37EE603A31EEE24A37EEC86A7BEE13
:108530004C0A79EEAABA79EEEA9A72EE441A32EE51
:10854000042A36EE604A36EE206AC3ED00BAC7ED63
:10855000009A8CED00DA82ED005A36EEE55A39EEDB
:108560004A7A61EEAC1A22EE2C2A24EE2C4A26EE30
:108570002C6A1D9C1F9D1A9971EE210A73EE022A26
:1085800075EE043A77EE064A31EE611A33EE422A6E
:1085900035EE443A37EE464A70EEA45A70EEE40ADD
:1085A00031EE045A1B9F31EE441A1E9AA34449ED42
:1085B000015A73EEE25A46ED010A72EEA30A08ED83
:1085C000015A33EE425A0AED011A32EE031A8B4574
:1085D0002B44C9ED005AC6ED000A88ED005A8AED19
:1085E000001AFFF437AF402CC0F0AC810399CDF8EE
:1085F00018E088B20899DDF804E0C1EBC1014FEA48
:10860000C10C0026012405900598049B064403EB49
:10861000C60191ED000ACDE909E48DED190A91ED4D
:10862000010A03EB06118DED180A91ED000A0C9872
:108630008DED170A91ED010A06EB460103EBC1022D
:108640008DED160A92ED000A03EB01118DED150A6E
:1086500092ED010A03EB46128DED140A92ED000A29
:108660000B968DED130A92ED010A06EB860203EBE1
:10867000C2028DED120A92ED000A8DED110A92ED03
:10868000010A8DED100A91ED000A8DED0F0A91EDB2
:10869000010AC6EBC60103EBC1018DED0E0A91ED97
:1086A000000AD1ED016A2346DDE906548DED0D0A7D
:1086B0001C9977440EEB01081E990EEB04090EEB92
:1086C000050B0EEB010A0EEB00020EEB0C065EED45
:1086D000017A17ED018A19ED019A18ED01AA1BED37
:1086E00001BA1AED01CA12ED01DA16ED01EA77EED0
:1086F00088FA39EE0A0A3BEE0C1A3DEE0E2A3FEEDE
:1087000081FA70EE028A7FEE289A4EED019A3FEED2
:10871000683A9EED00FAD7ED008AD9ED009AD8EDBF
:1087200000AADBED00BAF0EE6C3ADAED00CAD2ED49
:1087300000DAD6ED00EA3FEE284A39EEAA5A3BEEBF
:10874000AC6A3DEEAE7A74EE060A75EE071ADDED00
:10875000134ADDED125A70EEA12A70EEE10ACEED59
:10876000002A64EE831A65EEA02A64EEA00A25EEC4
:10877000833A71EEA21A30EEC33A47ED011A87ED43
:10878000003A3FEEC11A30EE420A34EE462A35EE88
:10879000473ADDED170ADDED161A31EE034A32EEE7
:1087A000405A20EE846A21EE857A20EE855A21EE29
:1087B000844A35EE444A8BED004A9DED0F4A9DED0B
:1087C0000E5A31EE431A30EE020A24EE012A25EE4B
:1087D000003A24EE000A25EE011A37EE066A33EE5F
:1087E000022A30EE410A39EE4A1A3DEE4E3A39EE8F
:1087F000EA5A3DEEEE7A71EE430A31EE031A35EE97
:10880000473A35EE075A0BED016A0AED012A8AED67
:10881000000A37EEC80A3BEE4C2A3FEE684A3BEEB0
:10882000EC6A20EEA37A21EE231A23EE233A25EEFA
:10883000235AF0EE63CA70EE070A72EE011A74EE64
:10884000032A76EE057ADDED193A9DED18CA30EE71
:10885000A78A32EEE19A23EE88AA2CEE09BA23EE1B
:10886000899ADDED0D3A70EEE70A71EEA21A2CEE50
:10887000088A63EEA02A66EEA17A63EEA11A66EE7C
:10888000A00A39EE488A71EEE00A89ED008AC6ED49
:10889000000A30EE470A32EE411A34EE432A36EE31
:1088A000453ADDED110ADDED101A30EE034A32EEE5
:1088B000415A20EE846A21EE857A20EE855A21EE17
:1088C000844A35EE444A88ED004A9DED154A9DEDF7
:1088D000145A30EE430A31EE021A24EE002A25EE35
:1088E000013A24EE011A25EE000A3AEE0BAA72EEC6
:1088F000A72A36EE076A32EE032A31EE400A09ED66
:1089000001AA46ED012A08ED016A02ED012A82ED75
:10891000000A1D9A1A9913441F9A1B9F8B42964472
:10892000FFF4C6AE0A9C089ADDF824E001340B9EE1
:1089300094420EF1080E7FF467AE0398089CC000C5
:10894000039067E520B0BDEC108B01B0BDE8F08F5F
:1089500050B110B54FF400710446FFF7A3F938B1D8
:10896000BDE8104040B27047FF2040B2704700BFE2
:108970004FF4806020824FF63C60C0F601006061D9
:108980000020BDE8104040B27047000050B110B563
:1089900040210446FFF786F940B1BDE8104040B2DF
:1089A000704700BFFF2040B2704700BF8020208288
:1089B00040F63C60C0F6020060610020BDE8104057
:1089C00040B2704750B110B54FF480610446FFF7D4
:1089D00069F938B1BDE8104040B27047FF2040B29D
:1089E000704700BF4FF40060208241F23C00C0F6A7
:1089F000020060610020BDE8104040B270470000F6
:108A000050B110B580210446FFF74CF940B1BDE8E4
:108A1000104040B2704700BFFF2040B2704700BF17
:108A20004FF48070208243F23C00C0F60200606187
:108A30000020BDE8104040B27047000050B110B5B2
:108A400010210446FFF72EF940B1BDE8104040B2B6
:108A5000704700BFFF2040B2704700BF2020208237
:108A600043F23C40C0F6020060610020BDE81040C7
:108A700040B2704750B110B54FF400610446FFF7A3
:108A800011F938B1BDE8104040B27047FF2040B244
:108A9000704700BF4FF48050208243F2BC40C0F6C4
:108AA000020060610020BDE8104040B27047000045
:108AB00050B110B54FF480710446FFF7F3F838B1A8
:108AC000BDE8104040B27047FF2040B2704700BF81
:108AD0004FF40070208247F2BC40C0F60200606193
:108AE0000020BDE8104040B27047000050B110B502
:108AF00020210446FFF7D6F840B1BDE8104040B24F
:108B0000704700BFFF2040B2704700BF4020208266
:108B100047F6BC40C0F6020060610020BDE810408E
:108B200040B270472DE9F04790468A46002B5DD051
:108B30009AED001A9AED012A0688D0F814E031EE79
:108B4000023AB6EE000A31EE421A23EE003A21EE66
:108B5000001A022E88ED003A88ED011AC0F0138346
:108B6000721E0AEBC20712F00301A6F1020C00F01C
:108B70009D8097ED001A97ED012A9AED023A9AED41
:108B8000034A9EED025A9EED036A33EE417A72EE7D
:108B9000040A67EE051A60EE862A27EE066A31EEB1
:108BA000031A34EE422A25EE205A31EE611A32EED3
:108BB000062A31EE621A32EE452A21EE001A22EE22
:108BC000002A012988ED021A88ED032A40F0AA80C4
:108BD0000AF1080A08F108090EF1080E083F62467A
:108BE000BCF1030F80F00E82CDE200BF514600229F
:108BF000012306460127FEF757FF9AED000A9AED7A
:108C0000011A318830EE002A31EE011A32EE013AB3
:108C1000B6EE000A32EE411A4B1E23EE003A21EE68
:108C2000001A706988ED003A88ED011A012BB8BF6F
:108C30001F46CA1B12F003060AEBC30200F0E180D4
:108C400092ED001A9AED023A92ED012A9AED034A4A
:108C500090ED025A90ED036A31EE437A72EE040A07
:108C600067EE051A27EE067A31EE031A34EE422A31
:108C700025EE205A20EE866A31EE211A32EE072ABE
:108C800031EE061A32EE452A21EE001A22EE002AB3
:108C9000012E88ED021A88ED032A0DD10AF1080A87
:108CA00008F108080830083A8B1EAAE0C146BCF15A
:108CB000030F80F0A78166E212ED021A9AED043AE2
:108CC00012ED012A9AED054A90ED045A90ED056ADD
:108CD00031EE437A72EE040A67EE051A27EE067A41
:108CE00031EE031A34EE422A25EE205A20EE866A2F
:108CF00031EE211A32EE072A31EE061A32EE452AFB
:108D000021EE001A22EE002A022E88ED041A88EDC8
:108D1000052A43D10AF1100A08F110081030103A60
:108D2000CB1E6EE017ED021A17ED012A9AED043AF8
:108D30009AED054A9EED045A9EED056A33EE417A9E
:108D400072EE040A67EE051A60EE862A27EE066ABE
:108D500031EE031A34EE422A25EE205A31EE611A22
:108D600032EE062A31EE621A32EE452A21EE001A60
:108D700022EE002A022988ED041A88ED052A40F027
:108D800009810AF1100A08F110090EF1100E103FC6
:108D9000F21EBCF1030F80F03581F4E19AED061A62
:108DA00012ED043A9AED072A12ED034A90ED065AA5
:108DB00090ED076A33EE417A74EE020A67EE051A07
:108DC00027EE067A33EE011A32EE442A25EE205AB7
:108DD00020EE866A31EE211A32EE072A31EE061AAB
:108DE00032EE452A21EE001A22EE002A0AF1180A74
:108DF00088ED061A88ED072A08F118081830183A85
:108E00000B1F791A11F1040F88BFBDE8F08702F13A
:108E10002407191D002200BF0AEB0206851817ED72
:108E2000092A96ED023A17ED081A96ED034A95EDD8
:108E3000025A95ED036A32EE437A71EE040A67EE48
:108E4000051A27EE067A32EE032A34EE411A25EE91
:108E5000205A20EE866A32EE212A31EE071A32EECF
:108E6000062A31EE451A08EB020322EE002A21EE13
:108E7000001A83ED022A83ED031A17ED0B2A96EDF3
:108E8000043A17ED0A1A96ED054A95ED045A95ED48
:108E9000056A32EE437A71EE040A67EE051A27EE90
:108EA000067A32EE032A34EE411A25EE205A20EEDD
:108EB000866A32EE212A31EE071A32EE062A31EEA8
:108EC000451A22EE002A21EE001A83ED042A83EDD2
:108ED000051A17ED0D2A96ED063A17ED0C1A96EDC8
:108EE000074A95ED065A95ED076A32EE437A71EE20
:108EF000040A67EE051A27EE067A32EE032A34EEEC
:108F0000411A25EE205A20EE866A32EE212A31EEF1
:108F1000071A32EE062A31EE451A22EE002A21EE19
:108F2000001A83ED062A83ED071A17ED0F2A96ED36
:108F3000083A17ED0E1A96ED094A95ED085A95ED87
:108F4000096A32EE437A71EE040A67EE051A27EEDB
:108F5000067A32EE032A34EE411A25EE205A20EE2C
:108F6000866A32EE212A31EE071A32EE062A31EEF7
:108F7000451A0439203F22EE002A21EE001A203241
:108F8000042983ED082A83ED091A3FF745AFBDE8B0
:108F9000F08700BF9AED061A9AED072A17ED045ADA
:108FA00017ED036A9EED063A9EED074A31EE457ACB
:108FB00076EE020A67EE031A60EE842A27EE044A70
:108FC00035EE011A32EE462A23EE203A31EE611ACE
:108FD00032EE042A31EE621A32EE432A0AF1180AFE
:108FE00008F118090EF1180E21EE001A22EE002ADF
:108FF000183F321F88ED061A88ED072ABCF1030FCF
:10900000C0F0C180561E07F1240100270AEB0702B9
:109010000EEB070511ED081A11ED092A92ED023A3F
:1090200092ED034A95ED025A95ED036A33EE427ACA
:1090300071EE040A67EE051A60EE862A27EE066ACC
:1090400032EE032A34EE411A25EE205A32EE612A1E
:1090500031EE061A32EE622A31EE451A09EB0704A8
:1090600022EE002A21EE001A84ED022A84ED031A72
:1090700011ED0A1A11ED0B2A92ED043A92ED054A10
:1090800095ED045A95ED056A33EE427A71EE040AC5
:1090900067EE051A60EE862A27EE066A32EE032A8C
:1090A00034EE411A25EE205A32EE612A31EE061ACC
:1090B00032EE622A31EE451A22EE002A21EE001A23
:1090C00084ED042A84ED051A11ED0C1A11ED0D2A18
:1090D00092ED063A92ED074A95ED065A95ED076A2C
:1090E00033EE427A71EE040A67EE051A60EE862AC4
:1090F00027EE066A32EE032A34EE411A25EE205A94
:1091000032EE612A31EE061A32EE622A31EE451A4B
:1091100022EE002A21EE001A84ED062A84ED071AB9
:1091200011ED0E1A11ED0F2A92ED083A92ED094A4F
:1091300095ED085A95ED096A33EE427A71EE040A0C
:1091400067EE051A60EE862A27EE066A32EE032ADB
:1091500034EE411A25EE205A32EE612A31EE061A1B
:1091600032EE622A31EE451A043E203922EE002A00
:1091700021EE001A203716F1020F84ED082A84ED43
:10918000091AFFF443AF41461A460123BDE8F047F0
:10919000FEF78ABCB1F5007F0ADA7F2916DC2029A8
:1091A0002AD0402940D148F6ED21C0F600010847F9
:1091B000B1F5006F14DAB1F5007F23D0B1F5806FFF
:1091C00032D148F65111C0F60001084780291FD05E
:1091D000B1F5807F28D148F60121C0F6000108478B
:1091E000B1F5805F1AD0B1F5006F1DD148F6C511F9
:1091F000C0F60001084700BF48F63D21C0F6000157
:10920000084700BF48F6B121C0F60001084700BF7B
:1092100048F68D11C0F60001084700BF48F67521D9
:10922000C0F60001084700BF4FF0FF307047000054
:109230008AB040F6004AC4F2020AF8F7EBFEFDF7E6
:10924000ADF9FBF79DF8FBF77FF8FAF7E9FFFBF7BD
:1092500017F9FBF739F9F9F725FF002743F6300531
:109260000997CDE90777CDE905770497C4F20205A0
:1092700028680DF1140840F00800286028680126CD
:1092800000F00800049004984FF47C50059050467C
:1092900041460796F8F7C6FD0497286805A940F0EF
:1092A0001000286028680AF5806400F0100004901F
:1092B000049840F60100C1C1204641460897F8F7DE
:1092C000B1FD204640F6010101220394F8F788FE23
:1092D000FBF702F8FCF7BCFFF7F778FCFDF778F82E
:1092E0001E20F8F7A3FCFBF735F9FDF76BFAFDF745
:1092F00053FAFDF7C3FD40F6C006C2F20006304641
:10930000FDF7E4FEF8F772FE40F23C08C2F20008F6
:10931000C8F80400F8F76AFEC8F8080042F2E01046
:1093200044F2985740F2B00440F206093044C2F2C9
:109330000007C2F20004C2F2000902902BE000BF55
:10934000F8F754FE42F2EC31755CC8F80400FBF704
:10935000D5FDFCF741FAFBF72FFC002D00F0DA8079
:10936000FCF76EFF00EE100A42F2C431B8EE400A7C
:1093700006F57150725880ED000A30464FF40061D6
:10938000F7F736FC40F2B440C2F20000FDF730FAC5
:109390003046FDF79BFEF8F729FED8F80C10411A6D
:1093A0000A297CD3C8F80C00207828B1002020704E
:1093B000FDF708FAFEF7BCFA50464FF40051F8F7F3
:1093C00001FE451E0FD099F8000001280BD1FBF7D4
:1093D000C1F8012042F2DB317054FDF7F3F9FEF7DA
:1093E00087FAFDF74BFDB5FA85F0400989F80000D2
:1093F00050464FF40061F8F7E5FD451E0AD099F894
:109400000100012806D10020FDF720F80398012172
:10941000F8F7DEFDB5FA85F0400989F801005046FD
:109420004FF40071F8F7CEFD451E0BD099F80200FD
:10943000012807D10120FDF709F803984FF40061D6
:10944000F8F7C6FDB5FA85F0400989F802005046E4
:109450004FF48051F8F7B6FDB0F1010B10D099F838
:10946000030001280CD1FCF7E5FFFDF7ABF9FEF78F
:109470003FFA42F2EC30305C002808BFFDF7FEFCFA
:10948000BBFA8BF0400989F8030050464FF4806125
:10949000F8F798FD50464FF48071F8F793FDF8F710
:1094A000A5FDD8F8081088422BD0D8F81020411A12
:1094B0004FF47A7301FB0321C8F80800B1F5FA7F75
:1094C000C8F810101DD300BFA1F5FA7098F800106D
:1094D000C8F81000B1FA81F0400988F800000029AE
:1094E0004FF4FA7338464FF000014FF0000208BF06
:1094F00040F6B833F8F710F9D8F8101088087C282F
:10950000E2D8F8F773FDD8F80410401A2128FFF4C8
:1095100042AF15E742F2CC30335C06F50051002033
:109520003C2201250095FDF7EBFF02990120002266
:10953000002300250095FDF7E3FF29E70FB47CB574
:109540000C0009AD01D0611E00E00021CDE9000151
:10955000064B6A462946089800F00AFB002C02D008
:10956000009A002111707CBC5DF814FB9FA20008DA
:1095700010EE101A08B5444A6846B2EB410F28D9DC
:109580004FF0E640B0EB410F94BF00204FF0FF30AA
:1095900000900098002861DB60EE000A10F0010FD7
:1095A00045D010F0020FDFED391A9FED391A00EEA9
:1095B000A11ADFED381A40EE811A21EEA01AF0EE62
:1095C000400A40EE010A08BFF1EE600AB0EE600A00
:1095D00008BD314B21F0004293423CD911F0004FBD
:1095E000DFED2E0A20EE201ADFED2D0A19BF31EE35
:1095F000601A71EE200A31EE201A71EE600ABDEE9B
:10960000E01A11EE100A9FED271A00F0030000EE99
:10961000C10A9FED251A009000EEC10A9FED231AA2
:1096200000EEC10A9FED221A00EEC10AB1E79FEDDC
:10963000211A9FED210A10F0020F00EE810A9FED22
:109640001F1A00EE801AB7EE000A00EE810A18BF5A
:10965000B1EE400A08BD00F009F99AE710EE100AD1
:109660004000B0F17F4F3CBFB7EE000A08BD07D104
:109670004FF0010000F0B4F9BDE8084000F0EEB88A
:10968000BDE8084000F0E6B8B61F927E336D4CB9D5
:10969000DA82083CA0AA2ABE490E494683F9223F35
:1096A0000000004B0000C93F00A0FD390020A2339C
:1096B0001A61342CB93AB2BACA9F2A3DDDFFFFBE07
:1096C00010EE100A10B5A0F500014FF0000CB1F13A
:1096D000FE4F6CD200F500216FF07E0202EBE153E9
:1096E000C1F302524FF07E5101EB025100EE901A8D
:1096F000A0EBC3500CEB030100EE100A51EA02008C
:1097000036D030EE601A30EE200AC1EE000A20EEAC
:10971000A00A60EE801A9FED3D2A9FED3D1A3D485C
:10972000DFED3F2A00EE021A784400EB82009FED45
:109730003A2A21EE810A01EE101AD0ED001A3748BC
:10974000B8EEC11A784400EB820041EE021A01EE35
:10975000101A90ED002AB8EEC11A01EE222A9FEDF0
:10976000311A32EE000A00EE810A31EE800A10BD95
:10977000F7EE000A9FED2D1A70EE600A9FED2A0A9F
:1097800000EE801A9FED2A0A60EEA01A00EE810A10
:109790009FED281A00EE801A21EE810A9FED261A0D
:1097A00000EE810AB5EE0B1A00EE810A10BD4FF0F3
:1097B0007F41B1EB400F03D2BDE8104000F04AB842
:1097C000B0F1FF4F08BF10BDB5EEC00AF1EE10FAC0
:1097D00006D2012000F004F9BDE8104000F03EB8C8
:1097E000B5EEC00AF1EE10FA07D1022000F0F8F849
:1097F00000F026F8B1EE400A10BDDFED100A6FF060
:10980000160C20EE200A10EE100A63E7DE02323E4C
:109810003B3D943E880B000000209A3E8C0B0000DC
:10982000FC849A36D95B5E3F924FA93D7279DEBDCA
:109830002D3E143ED85B5EBE157B4B3C0000004BBA
:10984000DFED030AB7EE001A81EE200A7047000030
:109850000000000030EE000A70470000DFED020A51
:1098600080EEA00A70470000000000002DE9F00122
:109870004FF07F42B2EB410F9FBF4FF0FF310160CD
:10988000BDE8F00170474FF0004242EA0123C1F306
:10989000C752783A551112F01F0C434CCCF12006F8
:1098A0007C44C1F3C752A2F178024FEA621204EB82
:1098B000820254F8254008BFD2E9015612D05568FB
:1098C00004FA0CF425FA06F73C43976805FA0CF500
:1098D00027FA06F8D26807FA0CFCF24045EA0805B8
:1098E0004CEA0206A4FB034CA5FB0352A6FB036350
:1098F0001D449D4234BF012600261319334416B17E
:10990000934202D903E0934201D2012200E00022F7
:10991000624402F1200C9206DC0C42EA443200EE72
:10992000102A5B03DFED210AF8EEC01A00EE103AB0
:109930004FEA9C1C11F0004FB8EE400AC0F800C07E
:1099400020EE201A00EE105ADFED190AB8EE400A98
:1099500020EE200A71EE810A70EE800A10EE902A45
:1099600002F500626FF30B0200EE902A70EEE11A2E
:1099700031EEC11ADFED101A30EE411A9FED0D0ADB
:1099800020EE800A01EE210A9FED0C1A00EE810AFA
:1099900004BFBDE8F0017047CCF180510160BDE823
:1099A000F001B1EE400A7047500A00000000003696
:1099B0000000802C22AAFD29DB0FC92F0000C92F2F
:1099C00002E008C8121F08C1002AFAD17047704788
:1099D000002001E001C1121F002AFBD170470000E6
:1099E0000149086070470000000000202DE9FF5F7A
:1099F00082B00021DDE90430020DDDF840B0034300
:109A000018D044F61050A2F2FF32424315141198B8
:109A100001281FD0A5EB0B00401C5FEA000A4FF0A5
:109A200000064E4FDFF83891B046504615D5CAF1C2
:109A3000000413E0119801244AA3012801D16FEA20
:109A40000B010298119AC0E90031C0E9024206B048
:109A5000BDE8F09FCBF10000DFE704460021404A5B
:109A6000491842EB0450CDE9001012E0E00707D09E
:109A700032463B4640464946F6F7FDFC804689465D
:109A800032463B4610461946F6F7F5FC06460F46A9
:109A90006410002CEAD1DDE90401DDE90023BAF10C
:109AA000000F06DAF6F7E7FC42464B46F6F7E3FC12
:109AB00005E0F6F752FD42464B46F6F74EFD0446EA
:109AC0000E460022284BF6F7CFFD03D84FF0FF30AB
:109AD000014607E00022254B20463146F6F724FCDC
:109AE000F6F7AAFD102409E0002C0ADB0A22002365
:109AF000F6F766FB039B30321A55641E50EA0102EA
:109B0000F2D1641C039AC4F111031444119A012A7E
:109B100003D0012208430DD10AE0084304D00020FD
:109B20004FF0110B119072E7A3EB0B056D1E0DE0CA
:109B30005B4504DD4FF0000205F1010504E003DAA6
:109B40004FF00002A5F10105002AECD0029811990E
:109B5000C0E90231C0E9004579E700000000144087
:109B60000000F03F300000000000F0430000E03F44
:109B70002DE9FF4F95B09B468946064600250FE22A
:109B8000252877D100242746F84A0121059400E0D2
:109B9000044316F8013F203B01FA03F01042F7D1CD
:109BA00030782A2811D06FF02F033078A0F13002DE
:109BB000092A16D8059A44F0020402EB820203EB4C
:109BC00042021044761C0590EFE759F8042B0592E9
:109BD000002A03DA504244F40054059044F0020491
:109BE000761C30782E2816D116F8010F44F00404A4
:109BF0002A280DD06FF02F023078A0F13003092B06
:109C000009D807EB870302EB4303C718761CF3E779
:109C100059F8047B761C30786C280FD006DC4C2871
:109C200017D068280DD06A2814D104E0742810D009
:109C30007A280FD10DE044F400140AE044F48014B3
:109C400001E044F440147278824202D104F5801499
:109C5000761C761C307866280BD013DC582877D019
:109C600009DC002875D04528F6D04628F4D04728CE
:109C70001AD19DE118E0632835D0642879D0652891
:109C800012D195E1702873D008DC6728F1D06928DB
:109C90006FD06E280DD06F2806D1B5E073282CD078
:109CA000752875D0782874D05A46179990476D1C3E
:109CB00075E1C4F30250022809D003280DD0D9F869
:109CC000001004280DD00D6009F1040967E1D9F8EE
:109CD0000010EA17C1E90052F6E7D9F800100D802C
:109CE000F2E70D70F0E719F8041B8DF80010002062
:109CF0008DF80100EA46012003E059F804AB4FF06B
:109D0000FF3061074FF0000102D40DE008F10101BE
:109D10008846B9420FDA8045F8DB1AF808100029A6
:109D2000F4D108E008F1010188468142FADB1AF813
:109D300008100029F6D105985B46A0EB08072146DC
:109D40003846179A00F094FA284400EB080507E01B
:109D50004DE029E10DE01AF8010B5A46179990479A
:109D6000B8F10108F7D25B4621463846179A13E14D
:109D700042E00A220092C4F302524FF0000A022A83
:109D800008D059F804CB032A4FEAEC710AD00DE051
:109D900029E02AE009F1070121F00702F2E802C1F7
:109DA000914609E00FFA8CFC4FEAEC71042A03D1CA
:109DB0004FFA8CFC4FEAEC71002907DA0A460021C1
:109DC000DCF1000C61EB02012D2202E0220504D53A
:109DD0002B228DF80420012203E0E20701D020228B
:109DE000F7E7904659E00A2102E010220DE0102129
:109DF0004FF0000A00910BE010224FF0000A44F0EF
:109E000004040827009203E008224FF0000A0092A1
:109E1000C4F30252022A05D059F804CB0021032AC8
:109E200008D009E009F1070121F00702F2E802C1B8
:109E3000914605E01FFA8CFC042A01D10CF0FF0CBE
:109E40004FF00008220728D5702806D0009B83F029
:109E5000100353EA0A0305D00EE040228DF80420D7
:109E6000012208E05CEA010206D030228DF80420CD
:109E70008DF8050002229046009B83F0080353EA08
:109E80000A030AD15CEA010201D1620705D530223A
:109E90008DF804204FF001087F1E582804D034A00C
:109EA00003900EA802900DE036A0F9E753466046F5
:109EB000009AF6F785F984460398825C0298401E62
:109EC000029002705CEA0100F0D1029806A9081A1B
:109ED00000F1200A600702D524F4803400E0012755
:109EE000574502DDA7EB0A0000E0002000EB0A0165
:109EF000009005984144401A0590E00306D45B4663
:109F00002146179A059800F0B3F90544002706E0AA
:109F100001A85A46C05D179990476D1C7F1C4745A4
:109F2000F6DBE0030CD55B462146179A059800F056
:109F30009FF9054404E030205A46179990476D1C5C
:109F40000099481E00900029F5DC08E0029802996B
:109F50005A460078491C0291179990476D1CBAF136
:109F60000001AAF1010AF1DC65E100000928010005
:109F7000303132333435363738396162636465667F
:109F80000000000030313233343536373839414241
:109F9000434445460000000000F058F90544761C93
:109FA000307800287FF4ECAD19B02846BDE8F08F7A
:109FB000620700D4062709F1070222F0070CFCE82B
:109FC0000223E14603F000485FEA080C02D00FF2DA
:109FD000702C0DE05FEA045C02D50FF2682C07E0FC
:109FE0005FEAC47C02D00FF2602C01E0AFF2700C8B
:109FF0004FF0FF3823F00043CDF850C065280CD057
:10A0000006DC452809D046281DD047283DD13DE033
:10A01000662818D067287ED138E00021112F01DB97
:10A02000112000E0781CCDE9000106A90EA8FFF779
:10A03000DDFCDDE90F010E9A03910021009207F18A
:10A04000010A04914DE04FF000400097CDE9011066
:10A0500006A90EA8FFF7CAFCDDE90F0203920E9BCA
:10A0600011990022DDF80CA00093049211B9791C1B
:10A0700000EB010AB7EB0A0004D4C0F1FF3007F18E
:10A08000010A0490AAEB0700019044E0012F00DAD6
:10A0900001270021112F01DD112000E03846CDE914
:10A0A000000106A90EA8FFF7A1FCDDE90F010E9A39
:10A0B0000391002104910092BA4621070CD4039920
:10A0C000514500DA8A46BAF1010F05DD009AAAF17E
:10A0D0000101515C302908D0B84202DA10F1040FB6
:10A0E00006DA0121CDE9011015E0AAF10101E9E745
:10A0F000002805DC049901440491AAEB000102E068
:10A10000411C514500DD8A460499401A401C0190CB
:10A110004FF000400290200704D40198504501DB25
:10A12000CDF8048000208DF84F0002980DF14F0704
:10A13000B0F1004F25D02B200E9002984FF002086E
:10A1400000280CDA404202902D200E9007E00A21F0
:10A150000298F6F7B4F83031029007F8011DB8F113
:10A160000001A8F10108F2DC02980028EFD1791E65
:10A170000E980870307800F0200040F0450007F895
:10A18000020D12A8C01B00F107081498007800B156
:10A19000012000EB0A01019801EBE07105984144B0
:10A1A000401A401E0590E00306D45B462146179AEC
:10A1B000059800F05DF805441498007818B15A46E7
:10A1C000179990476D1CE00324D55B462146179AEA
:10A1D000059800F04DF805441CE00498002807DBC2
:10A1E000DDE90301884203DD0098405C179901E036
:10A1F000179930205A469047049805F10105401CF4
:10A2000004900198401E019004D12E205A461799BF
:10A2100090476D1CBAF10001AAF1010ADDDC05E0EE
:10A2200017F8010B5A46179990476D1CB8F10001B9
:10A23000A8F10108F4DC5B462146179A0598ABE6C5
:10A240002D0000002B000000200000002DE9F0414F
:10A25000044600251E461746880404D405E0394606
:10A260002020B0476D1C641EF9D52846BDE8F0815A
:10A270002DE9F041044600251E469046C80301D54D
:10A28000302700E02027880404D505E04146384601
:10A29000B0476D1C641EF9D52846BDE8F0814A68B8
:10A2A000002A06D00A68531C0B6010704868401ED4
:10A2B00048607047000000000080513D0070C63DBE
:10A2C00000900D3E0050343E00E0573E00D0783EF6
:10A2D00000C08B3E000000000AD6A936431C8C3714
:10A2E000658F7338832DA236121D1F38B3756F38F2
:10A2F000D2535A38000000006E83F9A22915444E4B
:10A30000D15727FCC0DD34F5999562DB4190433C81
:10A31000AB6351FE000000000000000001020304D6
:10A3200006070809080000101000000218000012BB
:10A330002000000428000014300000063800001639
:10A3400040000008480000185000000A5800001A99
:10A350006000000C6800001C7000000E7800001EF9
:10A3600080000008880040109000400298004012D1
:10A37000A0004004A8004014B0004006B8004016F9
:10A38000C0004008C8004018D000400AD800401A59
:10A39000E000400CE800401CF000400EF800401EB9
:10A3A00000010008080180101001800218018012CD
:10A3B00020018004280180143001800638018016B5
:10A3C00040018008480180185001800A5801801A15
:10A3D0006001800C6801801C7001800E7801801E75
:10A3E000800140088801C0109001C0029801C0128D
:10A3F000A001C004A801C014B001C006B801C01675
:10A40000C001C008C801C018D001C00AD801C01AD4
:10A41000E001C00CE801C01CF001C00EF801C01E34
:10A4200000020008080200111002000318020013C5
:10A43000200200052802001530020007380200172C
:10A4400040020009480200195002000B5802001B8C
:10A450006002000D6802001D7002000F7802001FEC
:10A460008002800888024011900240039802401345
:10A47000A0024005A8024015B0024007B8024017EC
:10A48000C0024009C8024019D002400BD802401B4C
:10A49000E002400DE802401DF002400FF802401FAC
:10A4A0000003400808038011100380031803801381
:10A4B00020038005280380153003800738038017A8
:10A4C00040038009480380195003800B5803801B08
:10A4D0006003800D6803801D7003800F7803801F68
:10A4E0008003C0088803C0119003C0039803C01301
:10A4F000A003C005A803C015B003C007B803C01768
:10A50000C003C009C803C019D003C00BD803C01BC7
:10A51000E003C00DE803C01DF003C00FF803C01F27
:10A520000004001008040810100400111804081298
:10A5300020040810280408143004080638040816FB
:10A5400040040808480408185004080A5804081A67
:10A550006004080C6804081C7004080E7804081EC7
:10A5600080040018880448109004001998044812C8
:10A57000A0040818A8044814B0044806B8044816F3
:10A58000C0044808C8044818D004480AD804481A27
:10A59000E004480CE804481CF004480EF804481E87
:10A5A0000005401008058810100540111805881294
:10A5B00020054810280588143005880638058816B7
:10A5C00040058808480588185005880A5805881AE3
:10A5D0006005880C6805881C7005880E7805881E43
:10A5E000800540188805C810900540199805C812C4
:10A5F000A0054818A805C814B005C806B805C816AF
:10A60000C005C808C805C818D005C80AD805C81AA2
:10A61000E005C80CE805C81CF005C80EF805C81E02
:10A62000000680100806081110068011180608138D
:10A63000200688102806081530060807380608176F
:10A6400040060809480608195006080B5806081B5A
:10A650006006080D6806081D7006080F7806081FBA
:10A6600080068018880648119006801998064813BD
:10A67000A0068818A8064815B0064807B806481767
:10A68000C0064809C8064819D006480BD806481B1A
:10A69000E006480DE806481DF006480FF806481F7A
:10A6A0000007C010080788111007C0111807881389
:10A6B0002007C8102807881530078807380788172B
:10A6C00040078809480788195007880B5807881BD6
:10A6D0006007880D6807881D7007880F7807881F36
:10A6E0008007C0188807C8119007C0199807C813B9
:10A6F000A007C818A807C815B007C807B807C81723
:10A70000C007C809C807C819D007C80BD807C81B95
:10A71000E007C80DE807C81DF007C80FF807C81FF5
:10A72000080810101008400818081012200800111E
:10A73000280810143008801138081016480810181E
:10A740005008100A5808101A6008100C6808101CED
:10A750007008100E7808101E8008000A8808501033
:10A760009008000B98085012A008080AA808501476
:10A77000B008080BB8085016C008100AC8085018CE
:10A78000D008500AD808501AE008500CE808501CAD
:10A79000F008500EF808501E0809901010098009A2
:10A7A00018099012200900192809901430098019FD
:10A7B000380990164009000B480990185009900A72
:10A7C0005809901A6009900C6809901C7009900E45
:10A7D0007809901E8009400A8809D0109009400B22
:10A7E0009809D012A009480AA809D014B009480B4A
:10A7F000B809D016C009500AC809D018D009D00A23
:10A80000D809D01AE009D00CE809D01CF009D00E04
:10A81000F809D01E080A1011180A1013200A401156
:10A82000280A1015300AC011380A1017480A1019E2
:10A83000500A100B580A101B600A100D680A101DF0
:10A84000700A100F780A101F880A5011900A800BA6
:10A85000980A5013A00A5011A80A5015B00A880B84
:10A86000B80A5017C00A800BC80A5019D00A500BFA
:10A87000D80A501BE00A500DE80A501DF00A500F8C
:10A88000F80A501F080B9011180B9013200B401959
:10A89000280B9015300BC019380B9017480B9019E6
:10A8A000500B900B580B901B600B900D680B901D7C
:10A8B000700B900F780B901F880BD011900BC00B72
:10A8C000980BD013A00B5019A80BD015B00BC80BC8
:10A8D000B80BD017C80BD019D80BD01BE00BD00D7C
:10A8E000E80BD01DF00BD00FF80BD01F000C00129E
:10A8F000080C1810100C0013180C1812200C081259
:10A90000280C1814300C0813380C1816400C1012B0
:10A91000480C1818500C1013580C181A600C181208
:10A92000680C181C700C180E780C181E800C001A7D
:10A93000880C5810900C001B980C5812A00C081A88
:10A94000A80C5814B00C081BB80C5816C00C101AE0
:10A95000C80C5818D00C101BD80C581AE00C181A38
:10A96000E80C581CF00C580EF80C581E000D401244
:10A97000080D9810100D4013180D9812200D481254
:10A98000280D9814300D4813380D9816400D5012AC
:10A99000480D9818500D5013580D981A600D581204
:10A9A000680D981C700D980E780D981E800D401A39
:10A9B000880DD810900D401B980DD812A00D481A84
:10A9C000A80DD814B00D481BB80DD816C00D501ADC
:10A9D000C80DD818D00D501BD80DD81AE00D581A34
:10A9E000E80DD81CF00DD80EF80DD81E000E801200
:10A9F000080E1811100E8013180E1813200E88124E
:10AA0000280E1815300E8813380E1817400E9012A5
:10AA1000480E1819500E9013580E181B600E9812FD
:10AA2000680E181D700E180F780E181F800E801AF1
:10AA3000880E5811900E801B980E5813A00E881A7D
:10AA4000A80E5815B00E881BB80E5817C00E901AD5
:10AA5000C80E5819D00E901BD80E581BE00E981A2D
:10AA6000E80E581DF00E580FF80E581F000FC012B8
:10AA7000080F9811100FC013180F9813200FC81249
:10AA8000280F9815300FC813380F9817400FD012A1
:10AA9000480F9819500FD013580F981B600FD812F9
:10AAA000680F981D700F980F780F981F800FC01AAD
:10AAB000880FD811900FC01B980FD813A00FC81A79
:10AAC000A80FD815B00FC81BB80FD817C00FD01AD1
:10AAD000C80FD819D00FD01BD80FD81BE00FD81A29
:10AAE000E80FD81DF00FD81BF80FD81F0810201042
:10AAF0001010401018102012281020143010881048
:10AB00003810201640100011481020185010401125
:10AB10005810201A601008126810201C701088123B
:10AB20007810201E80100012881008129010401219
:10AB300098106012A0102012A8106014B0106012BB
:10AB4000B8106016C0100013C8106018D010401361
:10AB5000D810601AE0101812E810601CF01098125B
:10AB6000F810601E08112012101140111811A012C7
:10AB7000201108182811A014301188183811A016B7
:10AB80004811A0185811A01A6011081A6811A01CC9
:10AB90007011881A7811A01E8011101288111812D5
:10ABA000901150129811E012A0111818A811E01479
:10ABB000B0119818B811E016C0111013C811E018A0
:10ABC000D0115013D811E01AE011181AE811E01C46
:10ABD000F011981AF811E01E001200180812081857
:10ABE00010124018181220132012201828122015B5
:10ABF000301260183812201740120019481220191C
:10AC0000501240195812201B601220196812201D82
:10AC10007012C8127812201F8012001A8812081AA7
:10AC20009012401A98126013A012201AA8126015F0
:10AC3000B012601AB8126017C012001BC812601957
:10AC4000D012401BD812601BE012201BE812601DBE
:10AC5000F012601BF812601F001310180813181868
:10AC6000101350181813A013201348182813A015F8
:10AC70003013C8183813A017401310194813A0191F
:10AC8000501350195813A01B6013481A6813A01DC5
:10AC90007013C81A7813A01F8013101A8813181A7B
:10ACA0009013501A9813E013A0135818A813E01526
:10ACB000B013D818B813E017C013101BC813E0194D
:10ACC000D013501BD813E01BE013581AE813E01DF3
:10ACD000F013D81AF813E01F0814201410140015EC
:10ACE00018142015301408153814281640140015AF
:10ACF00048142818501410155814281A60142015D8
:10AD00006814281C701418157814281E8014001C50
:10AD10008814201C9014001D9814201DA014081CD9
:10AD2000A814281CB014081DB8146816C014101CF0
:10AD3000C8146818D014101DD814681AE014181C10
:10AD4000E814681CF014181DF814681E0815201566
:10AD50001015401518156015201528182815281CE1
:10AD6000301548153815A8164815A8185815A81AEA
:10AD70006015281A6815A81C7015A81A7815A81E41
:10AD80008015401C8815601C9015401D9815601D8D
:10AD9000A015481CA815681CB015481DB815E81664
:10ADA000C015501CC815E818D015501DD815E81A44
:10ADB000E015581CE815E81CF015581DF815E81E9C
:10ADC0000016001C0816081C1016401C1816481CFB
:10ADD0002016201C2816281C3016601C3816281730
:10ADE0004016001D481628195016401D5816281BDD
:10ADF0006016201D6816281D7016601D7816281F05
:10AE00008016801C8816A01C9016801D9816A01D08
:10AE1000A016881CA816A81CB016881DB81668179E
:10AE2000C016901CC8166819D016901DD816681B3D
:10AE3000E016981CE816681DF016981DF816681F95
:10AE40000017101C0817181C1017501C1817581C36
:10AE5000201768182817681C3017E8183817A81723
:10AE60004017101D4817A8195017501D5817A81B38
:10AE70006017681A6817A81D7017E81A7817A81FB6
:10AE80008017C01C8817E01C9017C01D9817E01D84
:10AE9000A017C81CA817E81CB017C81DB817E817DA
:10AEA000C017D01CC817E819D017D01DD817E81B39
:10AEB000E017D81CE817E81DF017D81DF817E81F91
:10AEC00018186018301848183818601C5818301AAC
:10AED0006818301C7018181A7818301E8018001A5C
:10AEE0008818081A9018001B98186019A018201AC2
:10AEF000A818281AB018201BB818601DC018101AFE
:10AF0000C818181AD018101BD818701AE018301A60
:10AF1000E818701CF018581AF818701E0819201933
:10AF20001819601A2819081D301988193819881D30
:10AF30004819201B5819B01A6019081B6819B01C51
:10AF40007019881B7819B01E8019401A8819481A80
:10AF50009019401B9819601BA019601AA819181D98
:10AF6000B019601BB819981DC019501AC819581A81
:10AF7000D019501BD819F01AE019181BE819F01C49
:10AF8000F019981BF819F01E381A701C581A301B4B
:10AF9000681A301D701A181B781A301F901AC01AC0
:10AFA000981AC81AB01AE01AB81AE81AC01A801B00
:10AFB000C81A881BD01AC01BD81A701BE01AA01B15
:10AFC000E81A701DF01AE01BF81A701F281B481DA4
:10AFD000381BC81D481B601B581BB01B681BB01DCD
:10AFE000701BC81B781BB01F901BC01B981BC81B75
:10AFF000A81B581DB01BE01BB81BD81DD81BF01B8D
:10B00000E81BF01DF81BF01F081C201C181C301C2E
:10B01000381C681C481C601C581C701C781C381E8E
:10B02000801C001E881C201E901C001F981C201FC6
:10B03000A01C081EA81C281EB01C081FB81C281F16
:10B04000C01C101EC81C301ED01C101FD81C301F66
:10B05000E01C181EE81C381EF01C181FF81C781E77
:10B06000081D201D181D301D381DA81D481D601D00
:10B07000581D701D681D281F781DB81E801D401E9C
:10B08000881D601E901D401F981D601FA01D481E3A
:10B09000A81D681EB01D481FB81D681FC01D501E8A
:10B0A000C81D701ED01D501FD81D701FE01D581EDA
:10B0B000E81D781EF01D581FF81DF81E081E201EE2
:10B0C000181E301E481E601E581E701E781E381F27
:10B0D000881EA01E901E801F981EA01FB01E881FD5
:10B0E000B81EA81FC01E801FC81E881FD01E901F1C
:10B0F000D81EB01FE01EA01FE81EA81FF01E981F3C
:10B10000F81E781F081F201F181F301F481F601FC0
:10B11000581F701F781FB81F881FA01F901FC01FC7
:10B12000981FE01FB01FC81FB81FE81FC81FE01FEF
:10B13000D81FF01F08000002100040001800400255
:10B1400020008000280080023000C0003800C002CB
:10B150004000000148000003500040015800400337
:10B1600060008001680080037000C0017800C003A7
:10B170008000000288000802900000039800480246
:10B18000A0000802A8008802B000C800B800C802E9
:10B19000C0000801C8000803D0004801D8004803D7
:10B1A000E0008801E8008803F000C801F800C80347
:10B1B0000801100210014001180150022001000393
:10B1C00028019002300148013801D00248011003E3
:10B1D0005801500360019001680190037001D00193
:10B1E0007801D003800140028801180290014003D9
:10B1F00098015802A0014802A8019802B001480332
:10B20000B801D802C0015002C8011803D001500390
:10B21000D8015803E0015802E8019803F0015803EF
:10B22000F801D8030802200210024002180260024E
:10B230002802A002300260023802E002400200034D
:10B2400048022003500240035802600360022003BA
:10B250006802A003700260037802E0038802A00283
:10B26000900280039802A003B0028803B802E802AB
:10B27000C0028003C8022803D0029003D8026803EA
:10B28000E002A003E802A803F0029803F802E80332
:10B2900008032003100340031803600328038803F6
:10B2A00030036003380398034803600358037003B6
:10B2B0006803B0037803F0038803A0039003C0037E
:10B2C0009803E003B003C803B803E803C803E0032E
:10B2D000D803F003080040001800480010004000A8
:10B2E000280050002000400038005800300048007E
:10B2F00058006800480060006800700008000010F6
:10B300001000002018000030200000022800001269
:10B3100030000022380000324000000448000014D1
:10B320005000002458000034600000066800001639
:10B3300070000026780000368000000888000018A1
:10B340009000002898000038A000000AA800001A09
:10B35000B000002AB800003AC000000CC800001C71
:10B36000D000002CD800003CE000000EE800001ED9
:10B37000F000002EF800003E00010004080140101B
:10B3800010014020180140302001400228014012E5
:10B39000300140223801403240014004480140144D
:10B3A00050014024580140346001400668014016B5
:10B3B000700140267801403680014008880140181D
:10B3C0009001402898014038A001400AA801401A85
:10B3D000B001402AB801403AC001400CC801401CED
:10B3E000D001402CD801403CE001400EE801401E55
:10B3F000F001402EF801403E0002000808028010D3
:10B400001002802018028030200280022802801260
:10B4100030028022380280324002800448028014C8
:10B420005002802458028034600280066802801630
:10B430007002802678028036800280088802801898
:10B440009002802898028038A002800AA802801A00
:10B45000B002802AB802803AC002800CC802801C68
:10B46000D002802CD802803CE002800EE802801ED0
:10B47000F002802EF802803E0003000C0803C0108A
:10B480001003C0201803C0302003800C2803C01212
:10B490003003C0223803C0324003C0044803C01444
:10B4A0005003C0245803C0346003C0066803C016AC
:10B4B0007003C0267803C0368003C0088803C01814
:10B4C0009003C0289803C038A003C00AA803C01A7C
:10B4D000B003C02AB803C03AC003C00CC803C01CE4
:10B4E000D003C02CD803C03CE003C00EE803C01E4C
:10B4F000F003C02EF803C03E080400111004002120
:10B50000180400312004000C280400133004002328
:10B510003804003340040005480400155004002599
:10B520005804003560040007680400177004002701
:10B530007804003780040009880400199004002969
:10B5400098040039A004000BA804001BB004002BD1
:10B55000B804003BC004000DC804001DD004002D39
:10B56000D804003DE004000FE804001FF004002FA1
:10B57000F804003F0805401110054021180540312E
:10B580002005000D280540133005402338054033C1
:10B5900048054015500540255805403560054007D1
:10B5A0006805401770054027780540378005400939
:10B5B000880540199005402998054039A005400BA1
:10B5C000A805401BB005402BB805403BC005400D09
:10B5D000C805401DD005402DD805403DE005400F71
:10B5E000E805401FF005402FF805403F00064008E1
:10B5F0000806801110068021180680312006C00838
:10B600002806801330068023380680334006400920
:10B61000480680155006802558068035600680074C
:10B6200068068017700680277806803780068009B4
:10B63000880680199006802998068039A006800B1C
:10B64000A806801BB006802BB806803BC006800D84
:10B65000C806801DD006802DD806803DE006800FEC
:10B66000E806801FF006802FF806803F0007400C98
:10B670000807C0111007C0211807C0312007C00CEF
:10B680002807C0133007C0233807C0334007400DD8
:10B690004807C0155007C0255807C0356007C007C8
:10B6A0006807C0177007C0277807C0378007C00930
:10B6B0008807C0199007C0299807C039A007C00B98
:10B6C000A807C01BB007C02BB807C03BC007C00D00
:10B6D000C807C01DD007C02DD807C03DE007C00F68
:10B6E000E807C01FF007C02FF807C03F0008001090
:10B6F00008080810100808201808083020088010D2
:10B7000028080812300808223808083240080011BA
:10B7100048080814500808245808083460088011A4
:10B720006808081670080826780808368008081087
:10B73000880808189008082898080838A008080AF7
:10B74000A808081AB008082AB808083AC008080C5F
:10B75000C808081CD008082CD808083CE008080EC7
:10B76000E808081EF008082EF808083E0009001432
:10B770000809481010094820180948302009801489
:10B780002809481230094822380948324009001572
:10B79000480948145009482458094834600980155C
:10B7A000680948167009482678094836800908143F
:10B7B000880948189009482898094838A009480A73
:10B7C000A809481AB009482AB809483AC009480CDB
:10B7D000C809481CD009482CD809483CE009480E43
:10B7E000E809481EF009482EF809483E000A0018EA
:10B7F000080A8810100A8820180A8830200A801841
:10B80000280A8812300A8822380A8832400A001929
:10B81000480A8814500A8824580A8834600A801913
:10B82000680A8816700A8826780A8836800A0818F6
:10B83000880A8818900A8828980A8838A00A8818E0
:10B84000A80A881AB00A882AB80A883AC00A880C56
:10B85000C80A881CD00A882CD80A883CE00A880EBE
:10B86000E80A881EF00A882EF80A883E000B001CA1
:10B87000080BC810100BC820180BC830200B801CF8
:10B88000280BC812300BC822380BC832400B001DE1
:10B89000480BC814500BC824580BC834600B801DCB
:10B8A000680BC816700BC826780BC836800B081CAE
:10B8B000880BC818900BC828980BC838A00B881C98
:10B8C000A80BC81AB00BC82AB80BC83AC00BC80CD2
:10B8D000C80BC81CD00BC82CD80BC83CE00BC80E3A
:10B8E000E80BC81EF00BC82EF80BC83E000C401029
:10B8F000080C0811100C0821180C0831200CC0107D
:10B90000280C0813300C0823380C0833400C401165
:10B91000480C0815500C0825580C0835600CC0114F
:10B92000680C0817700C0827780C0837800C481032
:10B93000880C0819900C0829980C0839A00CC8101C
:10B94000A80C081BB00C082BB80C083BC00C080D49
:10B95000C80C081DD00C082DD80C083DE00C080FB1
:10B96000E80C081FF00C082FF80C083F000D4014DD
:10B97000080D4811100D4821180D4831200DC01434
:10B98000280D4813300D4823380D4833400D40151D
:10B99000480D4815500D4825580D4835600DC01507
:10B9A000680D4817700D4827780D4837800D4814EA
:10B9B000880D4819900D4829980D4839A00DC814D4
:10B9C000A80D481BB00D482BB80D483BC00D4815BD
:10B9D000C80D481DD00D482DD80D483DE00D480F2D
:10B9E000E80D481FF00D482FF80D483F000E401895
:10B9F000080E8811100E8821180E8831200EC018EC
:10BA0000280E8813300E8823380E8833400E4019D4
:10BA1000480E8815500E8825580E8835600EC019BE
:10BA2000680E8817700E8827780E8837800E4818A1
:10BA3000880E8819900E8829980E8839A00EC8188B
:10BA4000A80E881BB00E882BB80E883BC00E481974
:10BA5000C80E881DD00E882DD80E883DE00E880FA8
:10BA6000E80E881FF00E882FF80E883F000F401C4C
:10BA7000080FC811100FC821180FC831200FC01CA3
:10BA8000280FC813300FC823380FC833400F401D8C
:10BA9000480FC815500FC825580FC835600FC01D76
:10BAA000680FC817700FC827780FC837800F481C59
:10BAB000880FC819900FC829980FC839A00FC81C43
:10BAC000A80FC81BB00FC82BB80FC83BC00F481D2C
:10BAD000C80FC81DD00FC82DD80FC83DE00FC81D16
:10BAE000E80FC81FF00FC82FF80FC83F0010002044
:10BAF0000810101010101020181010302010802086
:10BB0000281010123010102238101032401000216E
:10BB10004810101450101024581010346010802158
:10BB2000681010167010102678101036801008203B
:10BB3000881010189010102898101038A010882025
:10BB4000A810101AB010102AB810103AC01008210E
:10BB5000C810101CD010102CD810103CE0108821F8
:10BB6000E810101EF010102EF810103E00110024E6
:10BB70000811102410115020181150302011802469
:10BB80002811501230115022381150324011002526
:10BB90004811501450115024581150346011802510
:10BBA00068115016701150267811503680110824F3
:10BBB000881150189011502898115038A0118824DD
:10BBC000A811501AB011502AB811503AC0110825C6
:10BBD000C811501CD011502CD811503CE0118825B0
:10BBE000E811501EF011502EF811503E001200289E
:10BBF000081210281012902018129030201280285D
:10BC000028129012301290223812903240120029DD
:10BC100048129014501290245812903460128029C7
:10BC200068129016701290267812903680120828AA
:10BC3000881290189012902898129038A012882894
:10BC4000A812901AB012902AB812903AC01208297D
:10BC5000C812901CD012902CD812903CE012882967
:10BC6000E812901EF012902EF812903E0013002C55
:10BC70000813102C1013D0201813D0302013802C50
:10BC80002813902C3013D0223813D0324013002DBB
:10BC90004813D0145013D0245813D0346013802D7F
:10BCA0006813D0167013D0267813D0368013082C62
:10BCB0008813D0189013D0289813D038A013882C4C
:10BCC000A813D01AB013D02AB813D03AC013082D35
:10BCD000C813D01CD013D02CD813D03CE013882D1F
:10BCE000E813D01EF013D02EF813D03E00144020DD
:10BCF0000814502010141021181410312014C020E2
:10BD00002814D0203014102338141033401440214C
:10BD10004814101550141025581410356014C02103
:10BD200068141017701410277814103780144820E6
:10BD3000881410199014102998141039A014C820D0
:10BD4000A814101BB014102BB814103BC0144821B9
:10BD5000C814101DD014102DD814103DE014C821A3
:10BD6000E814101FF014102FF814103F0015402491
:10BD70000815502410155021181550312015C024D5
:10BD80002815D02430155023381550334015402540
:10BD90004815501550155025581550356015C025BB
:10BDA000681550177015502778155037801548249E
:10BDB000881550199015502998155039A015C82488
:10BDC000A815501BB015502BB815503BC015482571
:10BDD000C815501DD015502DD815503DE015C8255B
:10BDE000E815501FF015502FF815503F0016402849
:10BDF0000816502810169021181690312016C028C9
:10BE00002816D02830169023381690334016402933
:10BE10004816502950169025581690356016C0299E
:10BE20006816901770169027781690378016482855
:10BE3000881690199016902998169039A016C8283F
:10BE4000A816901BB016902BB816903BC016482928
:10BE5000C816901DD016902DD816903DE016C82912
:10BE6000E816901FF016902FF816903F0017402C00
:10BE70000817502C1017D0211817D0312017C02CBC
:10BE80002817D02C3017D0233817D0334017402D27
:10BE90004817502D5017D0255817D0356017C02D92
:10BEA0006817D0177017D0277817D0378017482C0D
:10BEB0008817D0199017D0299817D039A017C82CF7
:10BEC000A817D01BB017D02BB817D03BC017482DE0
:10BED000C817D01DD017D02DD817D03DE017C82DCA
:10BEE000E817D01FF017D02FF817D03F00180030F8
:10BEF0000818103010181820181818302018803022
:10BF0000281890303018182238181832401800318C
:10BF100048181031501818245818183460188031F7
:10BF2000681890317018182678181836801808305C
:10BF3000881818309018182898181838A0188830C1
:10BF4000A818181AB018182AB818183AC0180831C2
:10BF5000C818181CD018182CD818183CE0188831AC
:10BF6000E818181EF018182EF818183E001900349A
:10BF70000819103410195820181958302019803415
:10BF80002819903430195822381958324019003580
:10BF900048191035501958245819583460198035EB
:10BFA0006819903570195826781958368019083450
:10BFB000881918349019582898195838A0198834B5
:10BFC000A819581AB019582AB819583AC01908357A
:10BFD000C819581CD019582CD819583CE019883564
:10BFE000E819581EF019582EF819583E001A003852
:10BFF000081A1038101A9820181A9830201A803809
:10C00000281A9038301A9822381A9832401A003973
:10C01000481A1039501A9824581A9834601A8039DE
:10C02000681A9039701A9826781A9836801A083843
:10C03000881A1838901A9828981A9838A01A8838A8
:10C04000A81A9838B01A982AB81A983AC01A083913
:10C05000C81A981CD01A982CD81A983CE01A88391B
:10C06000E81A981EF01A982EF81A983E001B003C09
:10C07000081B103C101BD820181BD830201B803CFC
:10C08000281B903C301BD822381BD832401B003D67
:10C09000481B103D501BD824581BD834601B803DD2
:10C0A000681B903D701BD826781BD836801B083C37
:10C0B000881B183C901BD828981BD838A01B883C9C
:10C0C000A81B983CB01BD82AB81BD83AC01B083D07
:10C0D000C81BD81CD01BD82CD81BD83CE01B883DD3
:10C0E000E81BD81EF01BD82EF81BD83E001C403091
:10C0F000081C5030101C1821181C1831201CC0308E
:10C10000281CD030301C1823381C1833401C4031F8
:10C11000481C5031501C1825581C1835601CC03163
:10C12000681CD031701C1827781C1837801C4830C8
:10C13000881C5830901C1829981C1839A01CC8302D
:10C14000A81CD830B01C182BB81C183BC01C483198
:10C15000C81C181DD01C182DD81C183DE01CC83157
:10C16000E81C181FF01C182FF81C183F001D403445
:10C17000081D5034101D5821181D5831201DC03481
:10C18000281DD034301D5823381D5833401D4035EC
:10C19000481D5035501D5825581D5835601DC03557
:10C1A000681DD035701D5827781D5837801D4834BC
:10C1B000881D5834901D5829981D5839A01DC83421
:10C1C000A81DD834B01D582BB81D583BC01D48358C
:10C1D000C81D5835D01D582DD81D583DE01DC835F7
:10C1E000E81D581FF01D582FF81D583F001E4038FD
:10C1F000081E5038101E9821181E9831201EC03875
:10C20000281ED038301E9823381E9833401E4039DF
:10C21000481E5039501E9825581E9835601EC0394A
:10C22000681ED039701E9827781E9837801E4838AF
:10C23000881E5838901E9829981E9839A01EC83814
:10C24000A81ED838B01E982BB81E983BC01E48397F
:10C25000C81E5839D01E982DD81E983DE01EC839EA
:10C26000E81E981FF01E982FF81E983F001F403CB4
:10C27000081F503C101FD821181FD831201FC03C68
:10C28000281FD03C301FD823381FD833401F403DD3
:10C29000481F503D501FD825581FD835601FC03D3E
:10C2A000681FD03D701FD827781FD837801F483CA3
:10C2B000881F583C901FD829981FD839A01FC83C08
:10C2C000A81FD83CB01FD82BB81FD83BC01F483D73
:10C2D000C81F583DD01FD82DD81FD83DE01FC83DDE
:10C2E000E81FD83DF01FD82FF81FD83F0820802026
:10C2F00010202020182020302820802830202022C4
:10C3000038202032402000214820C0205020202406
:10C3100058202034602010246820C0287020202657
:10C3200078202036882080309020202898202038BF
:10C33000A0200830A8208038B020202AB820203A39
:10C34000C0200821C820C030D020202CD820203C7C
:10C35000E0200831E820C038F020202EF820203ED0
:10C360000021002408218021102110241821603090
:10C370002021202428218029302160223821603288
:10C38000402100254821C0215021602458216034DB
:10C39000602150246821C0297021602678216036F0
:10C3A00080210824882180319021602898216038DC
:10C3B000A0210834A8218039B021602AB821603A30
:10C3C000C0210825C821C031D021602CD821603C73
:10C3D000E0210835E821C039F021602EF821603EC7
:10C3E0000022003008228030102208301822A030AD
:10C3F00020221030282288283022A0223822A03281
:10C40000402240304822C0305022A0245822A0347C
:10C41000602250306822C8287022A0267822A036D8
:10C4200080222030882288309022A0289822A038AC
:10C43000A0221830A8228838B022A02AB822A03A18
:10C44000C0226030C822C830D022A02CD822A03C04
:10C45000E0221831E822C838F022A02EF822A03EAF
:10C460000023003108238031102308311823E030E5
:10C470002023103128238829302318313823E03233
:10C48000402340314823C0315023E0245823E03476
:10C49000602350316823C8297023E0267823E036D2
:10C4A00080231824882388319023E0289823E038BB
:10C4B000A0231834A8238839B023E02AB823E03A0F
:10C4C000C0231825C823C831D023E02CD823E03C52
:10C4D000E0231835E823C839F023E02EF823E03EA6
:10C4E0000824802410242024182420312824802C7F
:10C4F0003024103138242033402400254824C0241F
:10C500005024202558242035602410256824C02C70
:10C5100070242027782420378824803490242029F0
:10C5200098242039A0244830A824803CB024202B13
:10C53000B824203BC0240825C824C034D024202D92
:10C54000D824203DE0244831E824C03CF024202FAA
:10C55000F824203F08258025102520251825603146
:10C560002825802D30255031382560334825C025B9
:10C5700050256025582560356825C02D7025602719
:10C580007825603788258035902560299825603981
:10C59000A0254834A825803DB025602BB825603BF8
:10C5A000C825C035D025602DD825603DE02548350B
:10C5B000E825C03DF025602FF825603F00260034B7
:10C5C00008268034102608341826A031202610347E
:10C5D0002826882C302618343826A03340264034AC
:10C5E0004826C034502648345826A035602650349A
:10C5F0006826C82C7026A0277826A03780262034ED
:10C60000882688349026A0299826A039A02658305C
:10C61000A826883CB026A02BB826A03BC0266034B4
:10C62000C826C834D026A02DD826A03DE0265831F3
:10C63000E826C83CF026A02FF826A03F00270035AA
:10C6400008278035102708351827E03120271035B6
:10C650002827882D302718353827E03340274035E4
:10C660004827C035502748355827E03560275035D2
:10C670006827C82D7027E0277827E03780272035E6
:10C68000882788359027E0299827E039A027583453
:10C69000A827883DB027E02BB827E03BC0276035AE
:10C6A000C827C835D027E02DD827E03DE0275835EA
:10C6B000E827C83DF027E02FF827E03F082820288A
:10C6C00010288028182828302828902830288828E2
:10C6D000382828324028002C4828202C5028802C2C
:10C6E000582828346028082C6828D0287028882CDE
:10C6F000782828368828903098282838A02828308C
:10C70000A8289038B028282AB828283AC028102C01
:10C71000C828D030D028282CD828283CE028182C2D
:10C72000E828D038F028282EF828283E0029002CA8
:10C730000829082C1029102C182968302029202CB1
:10C74000282990293029D030382968324029402CB6
:10C750004829602C5029C02C582968346029482C5D
:10C760006829D0297029C82C782968368029802C1E
:10C77000882990319029282C98296838A0292834B4
:10C78000A8299039B029682AB829683AC029502CBC
:10C79000C829D031D029682CD829683CE029582CE8
:10C7A000E829D039F029682EF829683E002A003897
:10C7B000082A2038102A8038182AA830202A083859
:10C7C000282A2838302A8838382AA832402A003CBB
:10C7D000482A203C502A803C582AA834602A083C29
:10C7E000682A283C702A883C782AA836802A103883
:10C7F000882A9830902A9038982AA838A02A183881
:10C80000A82A9838B02A9838B82AA83AC02A103CE2
:10C81000C82AD830D02AA82CD82AA83CE02A183C0C
:10C82000E82AD838F02AA82EF82AA83E002B40384B
:10C83000082B6038102BC038182BE830202B4838D4
:10C84000282B6838302BC838382BE832402B403C36
:10C85000482B603C502BC03C582BE834602B483CA4
:10C86000682B683C702BC83C782BE836802B5038FE
:10C87000882B9831902BD038982BE838A02B58383B
:10C88000A82B9839B02BD838B82BE83AC02B503C9D
:10C89000C82BD831D02BE82CD82BE83CE02B583CC7
:10C8A000E82BD839F02BE82EF82BE83E082C202C6A
:10C8B000102C802C182C2831282C902C302C9031C6
:10C8C000382C2833402C002D482C202D502C802D26
:10C8D000582C2835602C082D682CD02C702C882DD5
:10C8E000782C2837882C9034982C2839A02C683044
:10C8F000A82C903CB02C6838B82C283BC02C102DAC
:10C90000C82CD034D02C282DD82C283DE02C182D24
:10C91000E82CD03CF02C282FF82C283F082D202D77
:10C92000102D802D182D6831282D902D302DD031CF
:10C93000382D6833482D602D502DC02D582D683569
:10C94000682DD02D702DC82D782D6837882D903505
:10C95000982D6839A02D6834A82D903DB02D683CE5
:10C96000B82D683BC82DD035D82D683DE02D6835F1
:10C97000E82DD03DF02D682FF82D683F002E0039AE
:10C98000082E2039102E8039182EA831202E083973
:10C99000282E2839302E8839382EA833402E003DD5
:10C9A000482E203D502E803D582EA835602E083D43
:10C9B000682E283D702E883D782EA837802E10399D
:10C9C000882E9834902E9039982EA839A02E183998
:10C9D000A82E983CB02E9839B82EA83BC02E103DFA
:10C9E000C82ED834D02E903DD82EA83DE02E183D2C
:10C9F000E82ED83CF02EA82FF82EA83F002F403963
:10CA0000082F6039102FC039182FE831202F4839EE
:10CA1000282F6839302FC839382FE833402F403D50
:10CA2000482F603D502FC03D582FE835602F483DBE
:10CA3000682F683D702FC83D782FE837802F503918
:10CA4000882F9835902FD039982FE839A02F583952
:10CA5000A82F983DB02FD839B82FE83BC02F503DB4
:10CA6000C82FD835D02FD03DD82FE83DE02F583DE6
:10CA7000E82FD83DF02FD83DF82FE83F1830303060
:10CA800038303032403000314830083150301031C9
:10CA900058303034603020316830283170301834EC
:10CAA000783030368830A03098303038A830A03810
:10CAB000B0308838B830303AC0308031C830E030DB
:10CAC000D0309031D830303CE0308831E830E03838
:10CAD000F0308839F830303E003100340831083405
:10CAE00010311034183118342031203428312834D2
:10CAF000303130343831703240310035483108350A
:10CB00005031103558317034603120356831283556
:10CB10007031583478317036803180348831A031AA
:10CB20009031903498317038A0318834A831A039D0
:10CB3000B031883CB831703AC0318035C831E0310D
:10CB4000D0319035D831703CE0318835E831E0396A
:10CB5000F031883DF831703E0032003808328038BC
:10CB6000103208381832883820321038283290387D
:10CB7000303218383832B032403240384832C0385B
:10CB8000503248385832B034603250386832D03879
:10CB9000703258387832B036803220388832A03837
:10CBA000903228389832B038A0323038A832A838BD
:10CBB000B0329838B832B03AC0326038C832E03853
:10CBC000D0326838D832B03CE0327038E832E838D9
:10CBD000F0329839F832B03E0033003908338039EA
:10CBE00010330839183388392033103928339039F5
:10CBF0003033183938339839403340394833C039E5
:10CC0000503348395833F034603350396833D039B1
:10CC1000703358397833F036803320398833A0396F
:10CC2000903328399833F038A0339834A833A83992
:10CC3000B033983CB833F03AC0336039C833E03988
:10CC4000D0336839D833F03CE0339835E833E839ED
:10CC5000F033983DF833F03E183430343834183916
:10CC600040340035483408355034103558343035A8
:10CC700060342035683428357034183578343037CE
:10CC80008834A03498343039A834A03CB034C83843
:10CC9000B834303BC0348035C834E034D0349035BB
:10CCA000D834303DE0348835E834E03CF034C839DD
:10CCB000F834303F183530353835583958357035F7
:10CCC000783570378835A03598357039A835A03D4E
:10CCD000B035C83CB835703BC835E035D835703D07
:10CCE000E835E03DF035C83DF835703F0036003C92
:10CCF0000836803C1036083C1836883C2036103CFC
:10CD00002836903C3036183C3836983C4036403C0B
:10CD10004836C03C5036483C5836C83C6036503CDB
:10CD20006836D03C7036583C7836B0378036203C78
:10CD30008836A03C9036283C9836B039A036303C36
:10CD4000A836A83CB036D838B836B03BC036603CC0
:10CD5000C836E03CD036683CD836B03DE036703C52
:10CD6000E836E83CF036D839F836B03F0037003DB9
:10CD70000837803D1037083D1837883D2037103D73
:10CD80002837903D3037183D3837983D4037403D83
:10CD90004837C03D5037483D5837C83D6037503D53
:10CDA0006837D03D7037583D7837F0378037203DB1
:10CDB0008837A03D9037283D9837F039A037303D6F
:10CDC000A837A83DB037D83CB837F03BC037603DF6
:10CDD000C837E03DD037683DD837F03DE037703D8B
:10CDE000E837E83DF037D83DF837F03F3838983825
:10CDF000403800394838083950381039583818390F
:10CE00006038203968382839703830397838983C9B
:10CE1000A838B038B838383AC0388039C838883976
:10CE2000D0389039D838383CE038A039E838F03874
:10CE3000F838383EF038A8390039003C0839083C49
:10CE40001039103C1839183C2039203C2839283C2E
:10CE50003039303C3839383C4039003D4839083D9C
:10CE60005039103D5839183D6039203D6839283D0A
:10CE70007039303D7839D83C8039803C8839883CDD
:10CE80009039903C9839983CA039A03CA839B039E9
:10CE9000B839783AB039A83CC039803DC839883DA6
:10CEA000D039903DD839783CE039A03DE839F039A7
:10CEB000F839783EF039A83D083A103A103A203A4D
:10CEC000183A303A203A803A283A903A303AA03A22
:10CED000383AB03A403A003B483A103B503A203B8F
:10CEE000583A303B603A803B683A903B703AA03BFE
:10CEF000783AB03B883AA03A983AB03AA83AB03A71
:10CF0000C03A083BC83A183BD03A283BD83AB83C1C
:10CF1000E03A883BE83A983BF03AA83BF83AB83E0A
:10CF2000003B003E083B103E103B203E183B303E8D
:10CF3000203B803E283B903E303BA03E383BB03EFD
:10CF4000403B003F483B103F503B203F583B303F69
:10CF5000603B803F683B903F703BA03F783BB03FD9
:10CF6000803B083E883B183E903B283E983B383E2D
:10CF7000A03B883EA83B983EB03BA83EB83BB83E9D
:10CF8000C03B083FC83B183FD03B283FD83BF83C4C
:10CF9000E03B883FE83B983FF03BA83FF83BF83E3A
:10CFA000383C983C403C003D483C083D503C103DDE
:10CFB000583C183D603C203D683C283D703C303D6D
:10CFC000783C983DA83CB03CB83CB03EC03C803D6D
:10CFD000C83C883DD03C903DD83C383DE03CA03D2D
:10CFE000E83CF03CF03CA83DF83C383F383D983DEB
:10CFF000783DD83DA83DB03DB83DB03FE83DF03D5F
:10D00000083E803EF83D783F103E803E183E883E08
:10D01000203E803E283E903E303E883E383E983E40
:10D02000403E003F483E203F503E803F583EA03F9C
:10D03000603E083F683E283F703E883F783EA83FEC
:10D04000883EA03E983EA83EC03E103FA83EB03E5F
:10D05000C83E303FD03E903FD83EB03FE03E183F04
:10D06000E83E383FF03E983F083F803FF83EB83FEB
:10D07000103F803F183F883F203F803F283F903F30
:10D08000303F883F383F983F483F503F503F603FD8
:10D09000583F703F603FC03F683FD03F703FE03F28
:10D0A000783FF03F883FA03F983FA83FA83FB03F60
:10D0B000D83FF03FC83FE03FE83FF03F08000002A4
:10D0C0001000000418000006200040002800400264
:10D0D00030004004380040064000800048008002D4
:10D0E00050008004580080066000C0006800C00244
:10D0F0007000C0047800C0068000000188000003B2
:10D100009000000598000007A0004001A80040031F
:10D11000B0004005B8004007C0008001C80080038F
:10D12000D0008005D8008007E000C001E800C003FF
:10D13000F000C005F800C007000100020801080265
:10D140001001080418010806200180022801480285
:10D1500030014804380148064001000348018802B4
:10D160005001880458018806600180036801C802E4
:10D170007001C8047801C80680010802880108030C
:10D180009001080598010807A0018802A80148033A
:10D19000B0014805B8014807C0010803C801880369
:10D1A000D0018805D8018807E0018803E801C80399
:10D1B000F001C805F801C8070802100200020004C7
:10D1C00010021004180210062002800428025002E7
:10D1D0003002500438025006400200054802900216
:10D1E0005002900458029006600280056802D00246
:10D1F0007002D0047802D00680020804880210036E
:10D200009002100598021007A0028804A80250039B
:10D21000B0025005B8025007C0020805C8029003CA
:10D22000D0029005D8029007E0028805E802D003FA
:10D23000F002D005F802D00700030006080310062C
:10D24000100318041803180620038006280390060C
:10D2500030035804380358064003000748031007FA
:10D2600050039804580398066003800768039007EA
:10D270007003D8047803D8068003080688031806CC
:10D280009003180598031807A0038806A8039806BA
:10D29000B0035805B8035807C0030807C8031807A8
:10D2A000D0039805D8039807E0038807E803980798
:10D2B000F003D805F803D8070804800410042004FC
:10D2C0001804200628048005300460043804600631
:10D2D00040040006480488045004A0045804A00632
:10D2E00060041006680488057004E0047804E00611
:10D2F000880480069004200598042007A0040806EE
:10D30000A8048007B0046005B8046007C0042006C4
:10D31000C8048806D004A005D804A007E0041806B5
:10D32000E8048807F004E005F804E0070805200594
:10D330001005800518052806280590053005880584
:10D340003805680640050007480520075005800796
:10D350005805A80660050807680598057005880740
:10D360007805E8068805900698052807A005280690
:10D37000A8059007B0052807B8056807C00510077D
:10D38000C8059806D0059007D805A807E005180736
:10D39000E8059807F0059807F805E807180630062D
:10D3A0003806700640060007480680075006080742
:10D3B0005806B00660061007680690077006180742
:10D3C0007806F0068806A00698063007A806A0078B
:10D3D000B0068807B8067007C0062007C806A00771
:10D3E000D0062807D806B007E0063007E806A807E9
:10D3F000F0069807F806F00748075007380798071F
:10D4000050076007580770076007C0076807D00714
:10D410007807F0077007E007B807F007A807B0071C
:10D42000D807F007C807E007E807F0070800400042
:10D43000100080001800C0002000400028004800B4
:10D44000300088003800C8004000800048005000CC
:10D450005800D000500090006000C0006800D0006C
:10D46000700098007800D8008800C0009000A000EC
:10D47000A800D0009800E000B000D000B800E8009C
:10D48000D800F000C800E000E800F000080000103C
:10D49000100000201800003020000040280000503C
:10D4A00030000060380000704000000248000012A8
:10D4B0005000002258000032600000426800005214
:10D4C0007000006278000072800000048800001480
:10D4D0009000002498000034A0000044A8000054EC
:10D4E000B0000064B8000074C0000006C800001658
:10D4F000D0000026D8000036E0000046E8000056C4
:10D50000F0000066F800007600010008080100182D
:10D510001001002818010038200100482801005897
:10D5200030010068380100784001000A4801001A03
:10D530005001002A5801003A6001004A6801005A6F
:10D540007001006A7801007A8001000C8801001CDB
:10D550009001002C9801003CA001004CA801005C47
:10D56000B001006CB801007CC001000EC801001EB3
:10D57000D001002ED801003EE001004EE801005E1F
:10D58000F001006EF801007E0802401010024020F9
:10D5900018024030200240402802405030024060D3
:10D5A0003802407048024012500240225802403275
:10D5B000600240426802405270024062780240724B
:10D5C00080024004880240149002402498024034B3
:10D5D000A0024044A8024054B0024064B802407423
:10D5E000C0024006C8024016D0024026D80240368B
:10D5F000E0024046E8024056F0024066F8024076FB
:10D60000000340080803401810034028180340385E
:10D6100020034048280340583003406838034078CE
:10D620004003400A4803401A5003402A5803403A36
:10D630006003404A6803405A7003406A7803407AA6
:10D640008003400C8803401C9003402C9803403C0E
:10D65000A003404CA803405CB003406CB803407C7E
:10D66000C003400EC803401ED003402ED803403EE6
:10D67000E003404EE803405EF003406EF803407E56
:10D68000080480101004802018048030200480409A
:10D690002804805030048060380480704804801270
:10D6A0005004802258048032600480426804805212
:10D6B000700480627804807288048014900480244E
:10D6C00098048034A0048044A8048054B00480648A
:10D6D000B8048074C0048006C8048016D004802674
:10D6E000D8048036E0048046E8048056F004806662
:10D6F000F804807600058008080580181005802849
:10D700001805803820058048280580583005806835
:10D71000380580784005800A4805801A5005802A1F
:10D720005805803A6005804A6805805A7005806A0D
:10D730007805807A8005800C8805801C9005802CF7
:10D740009805803CA005804CA805805CB005806CE5
:10D75000B805807CC005800EC805801ED005802ECF
:10D76000D805803EE005804EE805805EF005806EBD
:10D77000F805807E0806C0101006C0201806C030CC
:10D780002006C0402806C0503006C0603806C07071
:10D790004806C0125006C0225806C0326006C04279
:10D7A0006806C0527006C0627806C0728806C0144F
:10D7B0009006C0249806C034A006C044A806C054F1
:10D7C000B006C064B806C074C806C016D006C0262D
:10D7D000D806C036E006C046E806C056F006C06669
:10D7E000F806C0760007C0080807C0181007C02850
:10D7F0001807C0382007C0482807C0583007C0683D
:10D800003807C0784007C00A4807C01A5007C02A26
:10D810005807C03A6007C04A6807C05A7007C06A14
:10D820007807C07A8007C00C8807C01C9007C02CFE
:10D830009807C03CA007C04CA807C05CB007C06CEC
:10D84000B807C07CC007C00EC807C01ED007C02ED6
:10D85000D807C03EE007C04EE807C05EF007C06EC4
:10D86000F807C07E080800111008002118080031D0
:10D870002008004128080051300800613808007174
:10D88000480800135008002358080033600800437C
:10D890006808005370080063780800738808001552
:10D8A0009008002598080035A0080045A8080055F4
:10D8B000B0080065B8080075C8080017D008002730
:10D8C000D8080037E0080047E8080057F00800676C
:10D8D000F80800770809001910090029180900390B
:10D8E00020090049280900593009006938090079E0
:10D8F0004009000B4809001B5009002B5809003B48
:10D900006009004B6809005B7009006B7809007BB7
:10D910008009000D8809001D9009002D9809003D1F
:10D92000A009004DA809005DB009006DB809007D8F
:10D93000C009000FC809001FD009002FD809003FF7
:10D94000E009004FE809005FF009006FF809007F67
:10D95000080A4011100A4021180A4031200A4041AB
:10D96000280A4051300A4061380A4071480A401381
:10D97000500A4023580A4033600A4043680A405323
:10D98000700A4063780A4073880A4015900A40255F
:10D99000980A4035A00A4045A80A4055B00A40659B
:10D9A000B80A4075C80A4017D00A4027D80A40373D
:10D9B000E00A4047E80A4057F00A4067F80A407713
:10D9C000080B4019100B4029180B4039200B404917
:10D9D000280B4059300B4069380B4079480B401BED
:10D9E000500B402B580B403B600B404B680B405B8F
:10D9F000700B406B780B407B800B400D880B401DFB
:10DA0000900B402D980B403DA00B404DA80B405D66
:10DA1000B00B406DB80B407DC00B400FC80B401FD2
:10DA2000D00B402FD80B403FE00B404FE80B405F3E
:10DA3000F00B406FF80B407F080C8011100C802118
:10DA4000180C8031200C8041280C8051300C8061F2
:10DA5000380C8071480C8013500C8023580C803394
:10DA6000600C8043680C8053700C8063780C80736A
:10DA7000880C8015900C8025980C8035A00C804572
:10DA8000A80C8055B00C8065B80C8075C80C801748
:10DA9000D00C8027D80C8037E00C8047E80C8057EA
:10DAA000F00C8067F80C8077080D8019100D802924
:10DAB000180D8039200D8049280D8059300D80695E
:10DAC000380D8079480D801B500D802B580D803B00
:10DAD000600D804B680D805B700D806B780D807BD6
:10DAE000880D801D900D802D980D803DA00D804DDE
:10DAF000A80D805DB00D806DB80D807DC00D800FCC
:10DB0000C80D801FD00D802FD80D803FE00D804FB5
:10DB1000E80D805FF00D806FF80D807F080EC0115A
:10DB2000100EC021180EC031200EC041280EC05169
:10DB3000300EC061380EC071480EC013500EC023A5
:10DB4000580EC033600EC043680EC053700EC063E1
:10DB5000780EC073880EC015900EC025980EC03583
:10DB6000A00EC045A80EC055B00EC065B80EC07559
:10DB7000C80EC017D00EC027D80EC037E00EC04761
:10DB8000E80EC057F00EC067F80EC077080FC01936
:10DB9000100FC029180FC039200FC049280FC059D5
:10DBA000300FC069380FC079480FC01B500FC02B11
:10DBB000580FC03B600FC04B680FC05B700FC06B4D
:10DBC000780FC07B880FC01D900FC02D980FC03DEF
:10DBD000A00FC04DA80FC05DB00FC06DB80FC07DC5
:10DBE000C80FC01FD00FC02FD80FC03FE00FC04FCD
:10DBF000E80FC05FF00FC06FF80FC07F1010082053
:10DC00001810083020100840281008503010086004
:10DC100038100870481008125010082258100832A6
:10DC2000601008426810085270100862781008727C
:10DC3000881008149010082498100834A010084484
:10DC4000A8100854B0100864B8100874C81008165A
:10DC5000D0100826D8100836E0100846E8100856FC
:10DC6000F0100866F8100876081108181011082836
:10DC70001811083820110848281108583011086870
:10DC8000381108784811081A5011082A5811083A12
:10DC90006011084A6811085A7011086A7811087AE8
:10DCA0008811081C9011082C9811083CA011084CF0
:10DCB000A811085CB011086CB811087CC811081EC6
:10DCC000D011082ED811083EE011084EE811085E68
:10DCD000F011086EF811087E101248201812483012
:10DCE00020124840281248503012486038124870BC
:10DCF0005012482258124832601248426812485264
:10DD0000701248627812487288124814901248249F
:10DD100098124834A0124844A8124854B0124864DB
:10DD2000B8124874C8124816D0124826D81248367D
:10DD3000E0124846E8124856F0124866F812487653
:10DD40000813481810134828181348382013484857
:10DD50002813485830134868381348784813481A2D
:10DD60005013482A5813483A6013484A6813485ACF
:10DD70007013486A7813487A8813481C9013482C0B
:10DD80009813483CA013484CA813485CB013486C47
:10DD9000B813487CC813481ED013482ED813483EE9
:10DDA000E013484EE813485EF013486EF813487EBF
:10DDB00010148820181488302014884028148850A3
:10DDC00030148860381488705014882258148832AF
:10DDD00060148842681488527014886278148872BB
:10DDE0009014882498148834A0148844A814885463
:10DDF000B0148864B8148874C8148816D01488269F
:10DE0000D8148836E0148846E8148856F0148866DA
:10DE1000F814887608158818101588281815883879
:10DE2000201588482815885830158868381588784E
:10DE30004815881A5015882A5815883A6015884A56
:10DE40006815885A7015886A7815887A8815881C2C
:10DE50009015882C9815883CA015884CA815885CCE
:10DE6000B015886CB815887CC815881ED015882E0A
:10DE7000D815883EE015884EE815885EF015886E46
:10DE8000F815887E1016C8201816C8302016C8400D
:10DE90002816C8503016C8603816C8705016C822E8
:10DEA0005816C8326016C8426816C8527016C86242
:10DEB0007816C8729016C8249816C834A016C8449C
:10DEC000A816C854B016C864B816C874D016C826A8
:10DED000D816C836E016C846E816C856F016C86602
:10DEE000F816C8760817C8181017C8281817C838A1
:10DEF0002017C8482817C8583017C8683817C87876
:10DF00004817C81A5017C82A5817C83A6017C84A7D
:10DF10006817C85A7017C86A7817C87A8817C81C53
:10DF20009017C82C9817C83CA017C84CA817C85CF5
:10DF3000B017C86CB817C87CC817C81ED017C82E31
:10DF4000D817C83EE017C84EE817C85EF017C86E6D
:10DF5000F817C87E10180821181808312018084131
:10DF6000281808513018086138180871501808230B
:10DF70005818083360180843681808537018086365
:10DF8000781808739018082598180835A0180845BF
:10DF9000A8180855B0180865B8180875D0180827CB
:10DFA000D8180837E0180847E8180857F018086725
:10DFB000F81808771019082918190839201908497C
:10DFC0002819085930190869381908794819081B9F
:10DFD0005019082B5819083B6019084B6819085B41
:10DFE0007019086B7819087B8819081D9019082D7D
:10DFF0009819083DA019084DA819085DB019086DB9
:10E00000B819087DC819081FD019082FD819083F5A
:10E01000E019084FE819085FF019086FF819087F30
:10E02000101A4821181A4831201A4841281A485114
:10E03000301A4861381A4871501A4823581A483320
:10E04000601A4843681A4853701A4863781A48732C
:10E05000901A4825981A4835A01A4845A81A4855D4
:10E06000B01A4865B81A4875D01A4827D81A4837E0
:10E07000E01A4847E81A4857F01A4867F81A4877EC
:10E08000101B4829181B4839201B4849281B485990
:10E09000301B4869381B4879501B482B581B483B9C
:10E0A000601B484B681B485B701B486B781B487BA8
:10E0B000881B481D901B482D981B483DA01B484DB0
:10E0C000A81B485DB01B486DB81B487DC81B481F86
:10E0D000D01B482FD81B483FE01B484FE81B485F28
:10E0E000F01B486FF81B487F101C8821181C8831D2
:10E0F000201C8841281C8851301C8861381C88717C
:10E10000501C8823581C8833601C8843681C885323
:10E11000701C8863781C8873901C8825981C88352F
:10E12000A01C8845A81C8855B01C8865B81C88753B
:10E13000D01C8827D81C8837E01C8847E81C8857E3
:10E14000F01C8867F81C8877101D8829181D8839ED
:10E15000201D8849281D8859301D8869381D8879F7
:10E16000501D882B581D883B601D884B681D885B9F
:10E17000701D886B781D887B901D882D981D883DAB
:10E18000A01D884DA81D885DB01D886DB81D887DB7
:10E19000C81D881FD01D882FD81D883FE01D884FBF
:10E1A000E81D885FF01D886FF81D887F101EC8214C
:10E1B000181EC831201EC841281EC851301EC86113
:10E1C000381EC871501EC823581EC833601EC8436D
:10E1D000681EC853701EC863781EC873901EC82579
:10E1E000981EC835A01EC845A81EC855B01EC865D3
:10E1F000B81EC875D01EC827D81EC837E01EC8472D
:10E20000E81EC857F01EC867F81EC877101FC82937
:10E21000181FC839201FC849281FC859301FC8698E
:10E22000381FC879501FC82B581FC83B601FC84BE8
:10E23000681FC85B701FC86B781FC87B901FC82DF4
:10E24000981FC83DA01FC84DA81FC85DB01FC86D4E
:10E25000B81FC87DD01FC82FD81FC83FE01FC84FA8
:10E26000E81FC85FF01FC86FF81FC87F1820103064
:10E2700020201040282010503020106038201070CE
:10E280005020102258201032602010426820105276
:10E290007020106278201072902010249820103482
:10E2A000A0201044A8201054B0201064B82010748E
:10E2B000D0201026D8201036E0201046E820105636
:10E2C000F0201066F8201076102110281821103840
:10E2D000202110482821105830211068382110784A
:10E2E0005021102A5821103A6021104A6821105AF2
:10E2F0007021106A7821107A9021102C9821103CFE
:10E30000A021104CA821105CB021106CB821107C09
:10E31000D021102ED821103EE021104EE821105EB1
:10E32000F021106EF821107E18225030202250402B
:10E3300028225050302250603822507058225032DB
:10E3400060225042682250527022506278225072ED
:10E350009022502498225034A0225044A822505495
:10E36000B0225064B8225074D0225026D8225036A1
:10E37000E0225046E8225056F0225066F8225076AD
:10E380001023502818235038202350482823505851
:10E3900030235068382350785023502A5823503A5D
:10E3A0006023504A6823505A7023506A7823507A69
:10E3B0009023502C9823503CA023504CA823505C11
:10E3C000B023506CB823507CD023502ED823503E1D
:10E3D000E023504EE823505EF023506EF823507E29
:10E3E00018249030202490402824905030249060AD
:10E3F00038249070582490326024904268249052BF
:10E40000702490627824907298249034A0249044D0
:10E41000A8249054B0249064B8249074D0249026FA
:10E42000D8249036E0249046E8249056F024906654
:10E43000F8249076102590281825903820259048AB
:10E440002825905830259068382590785025902AB6
:10E450005825903A6025904A6825905A7025906A10
:10E460007825907A9025902C9825903CA025904C6A
:10E47000A825905CB025906CB825907CD025902E76
:10E48000D825903EE025904EE825905EF025906ED0
:10E49000F825907E1826D0302026D0402826D0504F
:10E4A0003026D0603826D0705826D0326026D04230
:10E4B0006826D0527026D0627826D0729826D03442
:10E4C000A026D044A826D054B026D064B826D07454
:10E4D000D826D036E026D046E826D056F026D0669C
:10E4E000F826D0761027D0281827D0382027D048F3
:10E4F0002827D0583027D0683827D0785027D02AFE
:10E500005827D03A6027D04A6827D05A7027D06A57
:10E510007827D07A9027D02C9827D03CA027D04CB1
:10E52000A827D05CB027D06CB827D07CD027D02EBD
:10E53000D827D03EE027D04EE827D05EF027D06E17
:10E54000F827D07E18281031202810412828105193
:10E550003028106138281071582810336028104373
:10E560006828105370281063782810739828103585
:10E57000A0281045A8281055B0281065B828107597
:10E58000D8281037E0281047E8281057F0281067DF
:10E59000F8281077182910392029104928291059EE
:10E5A00030291069382910795029102B5829103B2F
:10E5B0006029104B6829105B7029106B7829107B3B
:10E5C0009029102D9829103DA029104DA829105DE3
:10E5D000B029106DB829107DD029102FD829103FEF
:10E5E000E029104FE829105FF029106FF829107FFB
:10E5F000182A5031202A5041282A5051302A50617F
:10E60000382A5071582A5033602A5043682A505390
:10E61000702A5063782A5073982A5035A02A5045A2
:10E62000A82A5055B02A5065B82A5075D82A5037B4
:10E63000E02A5047E82A5057F02A5067F82A5077C6
:10E64000182B5039202B5049282B5059302B50690A
:10E65000382B5079582B503B602B504B682B505B1C
:10E66000702B506B782B507B902B502D982B503D5E
:10E67000A02B504DA82B505DB02B506DB82B507D6A
:10E68000D02B502FD82B503FE02B504FE82B505F12
:10E69000F02B506FF82B507F182C9031202C90418C
:10E6A000282C9051302C9061382C9071582C90333C
:10E6B000602C9043682C9053702C9063782C90734E
:10E6C000982C9035A02C9045A82C9055B02C906596
:10E6D000B82C9075D82C9037E02C9047E82C9057A8
:10E6E000F02C9067F82C9077182D9039202D9049B8
:10E6F000282D9059302D9069382D9079582D903BC8
:10E70000602D904B682D905B702D906B782D907BD9
:10E71000982D903DA02D904DA82D905DB02D906D21
:10E72000B82D907DD02D902FD82D903FE02D904F7B
:10E73000E82D905FF02D906FF82D907F182ED0313E
:10E74000202ED041282ED051302ED061382ED071BD
:10E75000582ED033602ED043682ED053702ED06305
:10E76000782ED073982ED035A02ED045A82ED05517
:10E77000B02ED065B82ED075D82ED037E02ED04729
:10E78000E82ED057F02ED067F82ED077182FD0393A
:10E79000202FD049282FD059302FD069382FD07949
:10E7A000582FD03B602FD04B682FD05B702FD06B91
:10E7B000782FD07B982FD03DA02FD04DA82FD05DA3
:10E7C000B02FD06DB82FD07DD82FD03FE02FD04FB5
:10E7D000E82FD05FF02FD06FF82FD07F2030184077
:10E7E00028301850303018603830187058301832CF
:10E7F00060301842683018527030186278301872E1
:10E8000098301834A0301844A8301854B030186428
:10E81000B8301874D8301836E0301846E83018563A
:10E82000F0301866F830187618311838203118484A
:10E830002831185830311868383118785831183A5A
:10E840006031184A6831185A7031186A7831187A6C
:10E850009831183CA031184CA831185CB031186CB4
:10E86000B831187CD831183EE031184EE831185EC6
:10E87000F031186EF831187E203258402832585046
:10E8800030325860383258706032584268325852CC
:10E89000703258627832587298325834A0325844E4
:10E8A000A8325854B0325864B8325874D8325836F6
:10E8B000E0325846E8325856F0325866F832587608
:10E8C000183358382033584828335858303358684C
:10E8D000383358785833583A6033584A6833585A5E
:10E8E0007033586A7833587A9833583CA033584C70
:10E8F000A833585CB033586CB833587CD833583E82
:10E90000E033584EE833585EF033586EF833587E93
:10E9100020349840283498503034986038349870B7
:10E92000603498426834985270349862783498729F
:10E93000A0349844A8349854B0349864B834987487
:10E94000D8349836E0349846E8349856F0349866CF
:10E95000F8349876183598382035984828359858DE
:10E9600030359868383598785835983A6035984AEF
:10E970006835985A7035986A7835987A9835983C01
:10E98000A035984CA835985CB035986CB835987C13
:10E99000D835983EE035984EE835985EF035986E5B
:10E9A000F835987E2036D8402836D8503036D86092
:10E9B0003836D8706036D8426836D8527036D86249
:10E9C0007836D872A036D844A836D854B036D86431
:10E9D000B836D874E036D846E836D856F036D86619
:10E9E000F836D8761837D8382037D8482837D85846
:10E9F0003037D8683837D8785837D83A6037D84A57
:10EA00006837D85A7037D86A7837D87A9837D83C68
:10EA1000A037D84CA837D85CB037D86CB837D87C7A
:10EA2000D837D83EE037D84EE837D85EF037D86EC2
:10EA3000F837D87E203818412838185130381861F6
:10EA400038381871603818436838185370381863AC
:10EA500078381873A0381845A8381855B038186594
:10EA6000B8381875E0381847E8381857F03818677C
:10EA7000F838187720391849283918593039186961
:10EA8000383918795839183B6039184B6839185B90
:10EA90007039186B7839187B9839183DA039184DA2
:10EAA000A839185DB039186DB839187DD839183FB4
:10EAB000E039184FE839185FF039186FF839187FC6
:10EAC000203A5841283A5851303A5861383A5871EA
:10EAD000603A5843683A5853703A5863783A5873D2
:10EAE000A03A5845A83A5855B03A5865B83A5875BA
:10EAF000E03A5847E83A5857F03A5867F83A5877A2
:10EB0000203B5849283B5859303B5869383B587985
:10EB1000603B584B683B585B703B586B783B587B6D
:10EB2000983B583DA03B584DA83B585DB03B586DB5
:10EB3000B83B587DD83B583FE03B584FE83B585FC7
:10EB4000F03B586FF83B587F203C9841283C985147
:10EB5000303C9861383C9871603C9843683C9853CD
:10EB6000703C9863783C9873A03C9845A83C9855B5
:10EB7000B03C9865B83C9875E03C9847E83C98579D
:10EB8000F03C9867F83C9877203D9849283D985983
:10EB9000303D9869383D9879603D984B683D985B69
:10EBA000703D986B783D987BA03D984DA83D985D51
:10EBB000B03D986DB83D987DD83D983FE03D984F69
:10EBC000E83D985FF03D986FF83D987F203ED84132
:10EBD000283ED851303ED861383ED871603ED84387
:10EBE000683ED853703ED863783ED873A03ED8456F
:10EBF000A83ED855B03ED865B83ED875E03ED84757
:10EC0000E83ED857F03ED867F83ED877203FD8493D
:10EC1000283FD859303FD869383FD879603FD84B22
:10EC2000683FD85B703FD86B783FD87BA03FD84D0A
:10EC3000A83FD85DB03FD86DB83FD87DE03FD84FF2
:10EC4000E83FD85FF03FD86FF83FD87F284020508A
:10EC500030402060384020706040204268402052A0
:10EC60007040206278402072A0402044A840205488
:10EC7000B0402064B8402074E0402046E840205670
:10EC8000F0402066F8402076204120482841205856
:10EC900030412068384120786041204A6841205A3C
:10ECA0007041206A7841207AA041204CA841205C24
:10ECB000B041206CB841207CE041204EE841205E0C
:10ECC000F041206EF841207E284260503042606062
:10ECD000384260706842605270426062784260728E
:10ECE000A0426044A8426054B0426064B84260747C
:10ECF000E0426046E8426056F0426066F842607664
:10ED00002043604828436058304360683843607847
:10ED10006043604A6843605A7043606A7843607A2F
:10ED2000A043604CA843605CB043606CB843607C17
:10ED3000E043604EE843605EF043606EF843607EFF
:10ED40002844A0503044A0603844A0706844A052C9
:10ED50007044A0627844A072A844A054B044A06457
:10ED6000B844A074E044A046E844A056F044A0662D
:10ED7000F844A0762045A0482845A0583045A06812
:10ED80003845A0786045A04A6845A05A7045A06AF9
:10ED90007845A07AA045A04CA845A05CB045A06CE1
:10EDA000B845A07CE045A04EE845A05EF045A06EC9
:10EDB000F845A07E2846E0503046E0603846E070D6
:10EDC0006846E0527046E0627846E072A846E05439
:10EDD000B046E064B846E074E846E056F046E066C7
:10EDE000F846E0762047E0482847E0583047E0689A
:10EDF0003847E0786047E04A6847E05A7047E06A81
:10EE00007847E07AA047E04CA847E05CB047E06C68
:10EE1000B847E07CE047E04EE847E05EF047E06E50
:10EE2000F847E07E2848205130482061384820715A
:10EE3000684820537048206378482073A8482055BC
:10EE4000B0482065B8482075E8482057F04820674A
:10EE5000F8482077284920593049206938492079D5
:10EE60006049204B6849205B7049206B7849207BC2
:10EE7000A049204DA849205DB049206DB849207DAA
:10EE8000E049204FE849205FF049206FF849207F92
:10EE9000284A6051304A6061384A6071684A60535C
:10EEA000704A6063784A6073A84A6055B04A6065EA
:10EEB000B84A6075E84A6057F04A6067F84A607778
:10EEC000284B6059304B6069384B6079684B605B08
:10EED000704B606B784B607BA04B604DA84B605DC6
:10EEE000B04B606DB84B607DE04B604FE84B605FAE
:10EEF000F04B606FF84B607F284CA051304CA06104
:10EF0000384CA071684CA053704CA063784CA0732F
:10EF1000A84CA055B04CA065B84CA075E84CA057C3
:10EF2000F04CA067F84CA077284DA059304DA0694F
:10EF3000384DA079684DA05B704DA06B784DA07BDB
:10EF4000A84DA05DB04DA06DB84DA07DE04DA04F87
:10EF5000E84DA05FF04DA06FF84DA07F284EE05126
:10EF6000304EE061384EE071684EE053704EE06321
:10EF7000784EE073A84EE055B04EE065B84EE075AF
:10EF8000E84EE057F04EE067F84EE077284FE05942
:10EF9000304FE069384FE079684FE05B704FE06BCD
:10EFA000784FE07BA84FE05DB04FE06DB84FE07D5B
:10EFB000E84FE05FF04FE06FF84FE07F305028609F
:10EFC0003850287068502852705028627850287243
:10EFD000A8502854B0502864B8502874E8502856D7
:10EFE000F0502866F8502876285128583051286863
:10EFF000385128786851285A7051286A7851287AEF
:10F00000A851285CB051286CB851287CE851285E82
:10F01000F051286EF851287E30526860385268707E
:10F020007052686278526872A8526854B05268642C
:10F03000B8526874E8526856F0526866F8526876BA
:10F040002853685830536868385368786853685A4A
:10F050007053686A7853687AA853685CB053686CD8
:10F06000B853687CE853685EF053686EF853687E66
:10F070003054A8603854A8707054A8627854A872AC
:10F08000B054A864B854A874E854A856F054A866BC
:10F09000F854A8762855A8583055A8683855A87847
:10F0A0006855A85A7055A86A7855A87AA855A85CDA
:10F0B000B055A86CB855A87CE855A85EF055A86E68
:10F0C000F855A87E3056E8603856E8707056E86209
:10F0D0007856E872B056E864B856E874F056E866B8
:10F0E000F856E8762857E8583057E8683857E878EF
:10F0F0006857E85A7057E86A7857E87AA857E85C82
:10F10000B057E86CB857E87CE857E85EF057E86E0F
:10F11000F857E87E305828613858287170582863AD
:10F1200078582873B0582865B8582875F05828675B
:10F13000F858287730592869385928796859285B50
:10F140007059286B7859287BA859285DB059286DCB
:10F15000B859287DE859285FF059286FF859287F59
:10F16000305A6861385A6871705A6863785A68739F
:10F17000B05A6865B85A6875F05A6867F85A68777F
:10F18000305B6869385B6879705B686B785B687B5B
:10F19000A85B685DB05B686DB85B687DE85B685FC5
:10F1A000F05B686FF85B687F305CA861385CA871C1
:10F1B000705CA863785CA873B05CA865B85CA8753F
:10F1C000F05CA867F85CA877305DA869385DA8791D
:10F1D000705DA86B785DA87BB05DA86DB85DA87DFB
:10F1E000E85DA85FF05DA86FF85DA87F305EE8611C
:10F1F000385EE871705EE863785EE873B05EE8657B
:10F20000B85EE875F05EE867F85EE877305FE86959
:10F21000385FE879705FE86B785FE87BB05FE86D36
:10F22000B85FE87DF05FE86FF85FE87F38603070C6
:10F230007060306278603072B0603064B860307492
:10F24000F0603066F8603076306130683861307870
:10F250007061306A7861307AB061306CB861307C4E
:10F26000F061306EF861307E386270707862707272
:10F27000B0627064B8627074F0627066F862707642
:10F2800030637068386370787063706A7863707A1E
:10F29000B063706CB863707CF063706EF863707EFE
:10F2A0003864B0707864B072B864B074F064B066FA
:10F2B000F864B0763065B0683865B0787065B06A6B
:10F2C0007865B07AB065B06CB865B07CF065B06E4A
:10F2D000F865B07E3866F0707866F072B866F074E3
:10F2E000F866F0763067F0683867F0787067F06A33
:10F2F0007867F07AB067F06CB867F07CF067F06E12
:10F30000F867F07E3868307178683073B8683075A7
:10F31000F8683077386930797069306B7869307B9C
:10F32000B069306DB869307DF069306FF869307F51
:10F33000386A7071786A7073B86A7075F86A707735
:10F34000386B7079786B707BB06B706DB86B707D5B
:10F35000F06B706FF86B707F386CB071786CB07355
:10F36000B86CB075F86CB077386DB079786DB07BEB
:10F37000B86DB07DF06DB06FF86DB07F386EF07124
:10F38000786EF073B86EF075F86EF077386FF079CC
:10F39000786FF07BB86FF07DF86FF07F787038721F
:10F3A000B8703874F8703876387138787871387A7F
:10F3B000B871387CF871387EB8727874F8727876E3
:10F3C000387378787873787AB873787CF873787E45
:10F3D000F874B8763875B8787875B87AB875B87C36
:10F3E000F875B87E3877F8787877F87AB877F87C57
:10F3F000F877F87E7879387BB879387DF879387F76
:10F40000B87B787DF87B787FF87DB87F08000002B4
:10F410001000000418000006200000082800000A60
:10F420003000000C3800000E48004002500040043C
:10F4300058004006600040086800400A7000400C18
:10F440007800400E880080029000800498008006BA
:10F45000A0008008A800800AB000800CB800800ED0
:10F46000C800C002D000C004D800C006E000C00838
:10F47000E800C00AF000C00CF800C00E080100034C
:10F480001001000518010007200100092801000BE8
:10F490003001000D3801000F4801400350014005C4
:10F4A00058014007600140096801400B7001400DA0
:10F4B0007801400F88018003900180059801800742
:10F4C000A0018009A801800BB001800DB801800F58
:10F4D000C801C003D001C005D801C007E001C009C0
:10F4E000E801C00BF001C00DF801C00F10020804C4
:10F4F00018020806200208082802080A3002080C30
:10F500003802080E500248045802480660024808B3
:10F510006802480A7002480C7802480E900288047B
:10F5200098028806A0028808A802880AB002880CFF
:10F53000B802880ED002C804D802C806E002C80883
:10F54000E802C80AF002C80CF802C80E1003080549
:10F5500018030807200308092803080B3003080DC7
:10F560003803080F5003480558034807600348094B
:10F570006803480B7003480D7803480F9003880513
:10F5800098038807A0038809A803880BB003880D97
:10F59000B803880FD003C805D803C807E003C8091B
:10F5A000E803C80BF003C80DF803C80F18041006D1
:10F5B000200410082804100A3004100C3804100E1F
:10F5C00058045006600450086804500A7004500C37
:10F5D0007804500E98049006A0049008A804900A9D
:10F5E000B004900CB804900ED804D006E004D00803
:10F5F000E804D00AF004D00CF804D00E1805100767
:10F60000200510092805100B3005100D3805100FC6
:10F6100058055007600550096805500B7005500DDE
:10F620007805500F98059007A0059009A805900B44
:10F63000B005900DB805900FD805D007E005D009AA
:10F64000E805D00BF005D00DF805D00F20061808FE
:10F650002806180A3006180C3806180E60065808D6
:10F660006806580A7006580C7806580EA0069808C6
:10F67000A806980AB006980CB806980EE006D808B6
:10F68000E806D80AF006D80CF806D80E20071809A4
:10F690002807180B3007180D3807180F600758098E
:10F6A0006807580B7007580D7807580FA00798097E
:10F6B000A807980BB007980DB807980FE007D8096E
:10F6C000E807D80BF007D80DF807D80F2808200A4C
:10F6D0003008200C3808200E6808600A7008600C9A
:10F6E0007808600EA808A00AB008A00CB808A00E00
:10F6F000E808E00AF008E00CF808E00E2809200B02
:10F700003009200D3809200F6809600B7009600D61
:10F710007809600FA809A00BB009A00DB809A00FC7
:10F72000E809E00BF009E00DF809E00F300A280CB9
:10F73000380A280E700A680C780A680EB00AA80CFD
:10F74000B80AA80EF00AE80CF80AE80E300B280DEB
:10F75000380B280F700B680D780B680FB00BA80DD5
:10F76000B80BA80FF00BE80DF80BE80F380C300EB3
:10F77000780C700EB80CB00EF80CF00E380D300F7F
:10F78000780D700FB80DB00FF80DF00F08004000A5
:10F79000100080001800C000200000012800400177
:10F7A000300080013800C001500088005800C800B7
:10F7B0006000080168004801700088017800C801F5
:10F7C0009800D000A0001001A8005001B0009001E6
:10F7D000B800D001E0001801E8005801F0009801DD
:10F7E000F800D801280160013001A0013801E001D2
:10F7F0007001A8017801E801B801F00100040000DF
:10F80000BCFE000824A300080807000080000000D8
:10F81000BC1E010834B10008D00000001000000038
:10F82000BC220108D4B20008140000000008000047
:10F830003C230108FCB20008E00E000000010000BB
:10F840003C630108BCD00008B801000020000000A3
:10F850003C6B01082CD400083000000000100000B0
:10F860003C6C01088CD40008C00F000000020000AE
:10F870003CEC01080CF40008C0010000400000004E
:10F880003CFC01088CF70008380000000006101648
:10F89000000610160000000000000000000000003C
:10F8A0000000202020202020002000000050505088
:10F8B000000000000000000000005050F850F85018
:10F8C00050000000002070A8A07028A87020000040
:10F8D000000088A8502050A8880000000000609018
:10F8E0009060988878000000002020200000000030
:10F8F00000000000000010204040402010000000E8
:10F90000000040201010102040000000000020A83F
:10F91000702070A8200000000000002020F82020A7
:10F920000000000000000000000000002020400057
:10F930000000000000F800000000000000000000CF
:10F9400000000000200000000000081010204040CF
:10F95000800000000000708888888888700000009F
:10F9600000002060A0202020F80000000000708827
:10F9700008102040F8000000000070880830088857
:10F9800070000000000010305090F81010000000CF
:10F990000000F880F00808887000000000007088FF
:10F9A00080F08888700000000000F80810202040D7
:10F9B0004000000000007088887088887000000097
:10F9C000000070888878088870000000000000003F
:10F9D00020000000200000000000000020000000C7
:10F9E0002020400000001020408040201000000037
:10F9F00000000000F800F8000000000000004020B7
:10FA0000100810204000000000007088081020003E
:10FA10002000000000007088B8A8B88070000000C6
:10FA20000000708888F88888880000000000F0884E
:10FA300088F08888F000000000007088808080884E
:10FA4000700000000000F08888888888F0000000BE
:10FA50000000F88080F08080F80000000000F8804E
:10FA600080F0808080000000000070888098888886
:10FA7000780000000000888888F8888888000000E6
:10FA800000007020202020207000000000003810AE
:10FA9000101010906000000000008890A0C0A0909E
:10FAA000880000000000808080808080F8000000D6
:10FAB000000088D8A8A8888888000000000088C8AE
:10FAC000A898888888000000000070888888888846
:10FAD000700000000000F08888F080808000000046
:10FAE000000070888888A890680000000000F088F6
:10FAF00088F0A0908800000000007088807008885E
:10FB0000700000000000F8202020202020000000CD
:10FB10000000888888888888700000000000888835
:10FB200088885050200000000000888888A8A8D845
:10FB3000880000000000888850205088880000005D
:10FB40000000888850202020200000000000F808D5
:10FB500010204080F800000000007040404040400D
:10FB600070000000000080404020101008000000DD
:10FB7000000070101010101070000000002050885D
:10FB80000000000000000000000000000000000075
:10FB900000F80000004020100000000000000000FD
:10FBA00000000000700878887800000000808080E5
:10FBB000B0C888C8B00000000000000070888088CD
:10FBC0007000000000080808689888986800000025
:10FBD000000000007088F88070000000003048408D
:10FBE000E040404040000000000000007888887835
:10FBF0000888700000808080B0C888888800000075
:10FC00000020000060202020700000000010000094
:10FC10003010101010502000008080808890E090FC
:10FC200088000000006020202020202070000000BC
:10FC300000000000D0A8A8A8A80000000000000054
:10FC4000B0C888888800000000000000708888889C
:10FC50007000000000000000B0C888C8B0808000BC
:10FC600000000000689888986808080000000000FC
:10FC7000B0C880808000000000000000788070081C
:10FC8000F000000000004040E0404048300000002C
:10FC900000000000888888986800000000000000CC
:10FCA0008888505020000000000000008888A8A824
:10FCB0005000000000000000885020508800000024
:10FCC0000000000088889868088870000000000024
:10FCD000F8102040F80000000010202020402020D4
:10FCE00010000000002020202020202020200000E4
:10FCF00000402020201020204000000000000000D4
:10FD000050A0000000000000000000003B000000C8
:10FD1000C05C1500010046003575732F64697600DC
:10FD200000000000000000003B000000C05C150067
:10FD300001008C00313075732F646976000000007B
:10FD4000000000003B000000C05C1500010018012D
:10FD5000323075732F6469760000000000000000E7
:10FD6000AE000000005307000100F000353075734D
:10FD70002F64697600000000000000005D010000B3
:10FD800080A903000100F00031303075732F6469E1
:10FD90007600000000000000BB020000C0D401009B
:10FDA0000100F00032303075732F64697600000076
:10FDB00000000000D506000080BB00000100F0003C
:10FDC00035303075732F6469760000000000000044
:10FDD000AB0D0000C05D00000100F000316D732F1D
:10FDE000646976000000000000000000571B00005E
:10FDF000E02E00000100F000326D732F6469760080
:10FE000000000000000000005B440000C012000081
:10FE10000100F000356D732F64697600000000006A
:10FE200000000000B7880000600900000100F00039
:10FE300031306D732F64697600000000030000000C
:10FE40005B440000B00400000100F00032306D732C
:10FE50002F64697600000000FF0F32562F64697628
:10FE60000000CD0C31562F646976000066063530EF
:10FE7000306D5600000041430044430043483128A0
:10FE80002573293A4E6F205369676E616C004348B1
:10FE900031282573293A252E3066487A20252E32BE
:10FEA0006656707000434831282573293A252E3153
:10FEB00066487A20252E3266567070000000803F1A
:10FEC00000000000C4FE7F3F890FC93B11FB7F3F4C
:10FED000900E493CE6F47F3FB6C9963C43EC7F3F29
:10FEE000B00AC93C29E17F3FB949FB3C98D37F3F29
:10FEF0002CC3163D8FC37F3F07E02F3D0FB17F3FDF
:10FF00002FFB483D189C7F3F6814623DAB847F3FC8
:10FF1000742B7B3DC76A7F3F0A208A3D6D4E7F3F31
:10FF200005A9963D9D2F7F3F8C30A33D580E7F3F06
:10FF300080B6AF3D9DEA7E3FC33ABC3D6DC47E3F77
:10FF400036BDC83DC99B7E3FB93DD53DB0707E3FB3
:10FF50002EBCE13D23437E3F7638EE3D24137E3FA9
:10FF600073B2FA3DB1E07D3F0295033ECCAB7D3FDD
:10FF700086CF093E74747D3FB708103EAC3A7D3F92
:10FF80008340163E73FE7C3FDE761C3EC9BF7C3F3D
:10FF9000B6AB223EB07E7C3FFCDE283E283B7C3F59
:10FFA000A2102F3E31F57B3F9840353ECDAC7B3FD4
:10FFB000CF6E3B3EFC617B3F379B413EBE147B3F97
:10FFC000C2C5473E16C57A3F60EE4D3E02737A3F8A
:10FFD0000115543E841E7A3F97395A3E9DC7793F9A
:10FFE000135C603E4E6E793F667C663E9812793FA8
:10FFF0007F9A6C3E7BB4783F51B6723EF853783F9F
:020000040801F1
:10000000CCCF783E10F1773FE1E67E3EC58B773F5F
:10001000C07D823E1724773FCE86853E07BA763F65
:10002000938E883E974D763F07958B3EC6DE753F93
:10003000229A8E3E976D753FDD9D913E0BFA743F7F
:1000400031A0943E2284743F17A1973EDD0B743F8C
:1000500086A09A3E3F91733F789E9D3E4714733F22
:10006000E59AA03EF894723FC595A33E5213723FA5
:10007000128FA63E578F713FC486A93E0809713F73
:10008000D47CAC3E6680703F3A71AF3E73F56F3FF3
:10009000EF63B23E30686F3FEC54B53E9ED86E3F82
:1000A0002A44B83EBE466E3FA031BB3E93B26D3F80
:1000B0004A1DBE3E1D1C6D3F1E07C13E5E836C3F48
:1000C00015EFC33E58E86B3F29D5C63E0C4B6B3F3E
:1000D00053B9C93E7BAB6A3F8B9BCC3EA7096A3FB5
:1000E000CA7BCF3E9165693F095AD23E3CBF683F0B
:1000F0004136D53EA816683F6B10D83ED86B673F97
:1001000080E8DA3ECCBE663F79BEDD3E880F663FB2
:100110004F92E03E0B5E653FFA63E33E59AA643FAF
:100120007533E63E73F4633FB700E93E5A3C633FE4
:10013000BBCBEB3E1082623F7994EE3E98C5613FA7
:10014000EA5AF13EF206613F071FF43E2146603F46
:10015000CBE0F63E27835F3F2DA0F93E05BE5E3F14
:10016000275DFC3EBEF65D3FB217FF3E532D5D3F5F
:10017000E4E7003FC7615C3FB142023F1A945B3F36
:100180003D9C033F50C45A3F84F4043F6AF2593FF8
:10019000824B063F6A1E593F36A1073F5348583FDE
:1001A0009BF5083F2670573FAD480A3FE595563FFF
:1001B0006B9A0B3F93B9553FD0EA0C3F31DB543F6C
:1001C000DA390E3FC3FA533F84870F3F4918533F34
:1001D000CDD3103FC633523FB01E123F3D4D513F6D
:1001E0002A68133FAF64503F39B0143F1F7A4F3F26
:1001F000D9F6153F908D4E3F073C173F029F4D3F6C
:10020000C07F183F79AE4C3F00C2193FF8BB4B3F4F
:10021000C6021B3F7FC74A3F0C421C3F12D1493FD9
:10022000D17F1D3FB3D8483F12BC1E3F65DE473F1C
:10023000CBF61F3F2AE2463FF92F213F03E4453F1B
:100240009967223FF5E3443FA99D233F00E2433FE6
:1002500025D2243F29DE423F0A05263F70D8413F80
:100260005636273FDAD0403F0566283F67C73F3FF5
:100270001594293F1BBC3E3F82C02A3FF9AE3D3F4B
:100280004AEB2B3F03A03C3F69142D3F3B8F3B3F84
:10029000DE3B2E3FA47C3A3FA5612F3F4268393FA9
:1002A000BB85303F1652383F1DA8313F233A373FB8
:1002B000C9C8323F6C20363FBCE7333FF304353FBB
:1002C000F304353FBCE7333F6C20363FC9C8323FAB
:1002D000233A373F1DA8313F1652383FBB85303F88
:1002E0004268393FA5612F3FA47C3A3FDE3B2E3F59
:1002F0003B8F3B3F69142D3F03A03C3F4AEB2B3F14
:10030000F9AE3D3F82C02A3F1BBC3E3F1594293FBA
:1003100067C73F3F0566283FDAD0403F5636273F44
:1003200070D8413F0A05263F29DE423F25D2243FAF
:1003300000E2433FA99D233FF5E3443F9967223FF5
:1003400003E4453FF92F213F2AE2463FCBF61F3F0A
:1003500065DE473F12BC1E3FB3D8483FD17F1D3FEB
:1003600012D1493F0C421C3F7FC74A3FC6021B3F88
:10037000F8BB4B3F00C2193F79AE4C3FC07F183FDE
:10038000029F4D3F073C173F908D4E3FD9F6153FDA
:100390001F7A4F3F39B0143FAF64503F2A68133F74
:1003A0003D4D513FB01E123FC633523FCDD3103F9B
:1003B0004918533F84870F3FC3FA533FDA390E3F42
:1003C00031DB543FD0EA0C3F93B9553F6B9A0B3F5A
:1003D000E595563FAD480A3F2670573F9BF5083FCD
:1003E0005348583F36A1073F6A1E593F824B063F8C
:1003F0006AF2593F84F4043F50C45A3F3D9C033F86
:100400001A945B3FB142023FC7615C3FE4E7003FA3
:10041000532D5D3FB217FF3EBEF65D3F275DFC3EAC
:1004200005BE5E3F2DA0F93E27835F3FCBE0F63E41
:100430002146603F071FF43EF206613FEA5AF13E53
:1004400098C5613F7994EE3E1082623FBBCBEB3E94
:100450005A3C633FB700E93E73F4633F7533E63EB1
:1004600059AA643FFA63E33E0B5E653F4F92E03E5C
:10047000880F663F79BEDD3ECCBE663F80E8DA3E3F
:10048000D86B673F6B10D83EA816683F4136D53E03
:100490003CBF683F095AD23E9165693FCA7BCF3E57
:1004A000A7096A3F8B9BCC3E7BAB6A3F53B9C93EE1
:1004B0000C4B6B3F29D5C63E58E86B3F15EFC33E4A
:1004C0005E836C3F1E07C13E1D1C6D3F4A1DBE3E34
:1004D00093B26D3FA031BB3EBE466E3F2A44B83E4C
:1004E0009ED86E3FEC54B53E30686F3FEF63B23E2E
:1004F00073F56F3F3A71AF3E6680703FD47CAC3E7F
:100500000809713FC486A93E578F713F128FA63EDE
:100510005213723FC595A33EF894723FE59AA03EF0
:100520004714733F789E9D3E3F91733F86A09A3E4D
:10053000DD0B743F17A1973E2284743F31A0943E97
:100540000BFA743FDD9D913E976D753F229A8E3E6A
:10055000C6DE753F07958B3E974D763F938E883E5E
:1005600007BA763FCE86853E1724773FC07D823E10
:10057000C58B773FE1E67E3E10F1773FCCCF783EEA
:10058000F853783F51B6723E7BB4783F7F9A6C3E09
:100590009812793F667C663E4E6E793F135C603EF2
:1005A0009DC7793F97395A3E841E7A3F0115543EC4
:1005B00002737A3F60EE4D3E16C57A3FC2C5473E94
:1005C000BE147B3F379B413EFC617B3FCF6E3B3E81
:1005D000CDAC7B3F9840353E31F57B3FA2102F3E9E
:1005E000283B7C3FFCDE283EB07E7C3FB6AB223E03
:1005F000C9BF7C3FDE761C3E73FE7C3F8340163EC7
:10060000AC3A7D3FB708103E74747D3F86CF093EFB
:10061000CCAB7D3F0295033EB1E07D3F73B2FA3D26
:1006200024137E3F7638EE3D23437E3F2EBCE13DD2
:10063000B0707E3FB93DD53DC99B7E3F36BDC83DBC
:100640006DC47E3FC33ABC3D9DEA7E3F80B6AF3D60
:10065000580E7F3F8C30A33D9D2F7F3F05A9963DCF
:100660006D4E7F3F0A208A3DC76A7F3F742B7B3DDA
:10067000AB847F3F6814623D189C7F3F2FFB483D51
:100680000FB17F3F07E02F3D8FC37F3F2CC3163D47
:1006900098D37F3FB949FB3C29E17F3FB00AC93C71
:1006A00043EC7F3FB6C9963CE6F47F3F900E493C51
:1006B00011FB7F3F890FC93BC4FE7F3F0000000054
:1006C0000000803F890FC9BBC4FE7F3F900E49BC2C
:1006D00011FB7F3FB6C996BCE6F47F3FB00AC9BCA8
:1006E00043EC7F3FB949FBBC29E17F3F2CC316BDDA
:1006F00098D37F3F07E02FBD8FC37F3F2FFB48BDBF
:100700000FB17F3F681462BD189C7F3F742B7BBD87
:10071000AB847F3F0A208ABDC76A7F3F05A996BD8B
:100720006D4E7F3F8C30A3BD9D2F7F3F80B6AFBD08
:10073000580E7F3FC33ABCBD9DEA7E3F36BDC8BD63
:100740006DC47E3FB93DD5BDC99B7E3F2EBCE1BD8A
:10075000B0707E3F7638EEBD23437E3F73B2FABD64
:1007600024137E3F029503BEB1E07D3F86CF09BED4
:10077000CCAB7D3FB70810BE74747D3F834016BE7E
:10078000AC3A7D3FDE761CBE73FE7C3FB6AB22BE2C
:10079000C9BF7C3FFCDE28BEB07E7C3FA2102FBECE
:1007A000283B7C3F984035BE31F57B3FCF6E3BBE4A
:1007B000CDAC7B3F379B41BEFC617B3FC2C547BE92
:1007C000BE147B3F60EE4DBE16C57A3F011554BE88
:1007D00002737A3F97395ABE841E7A3F135C60BE1B
:1007E0009DC7793F667C66BE4E6E793F7F9A6CBE30
:1007F0009812793F51B672BE7BB4783FCCCF78BEA9
:10080000F853783FE1E67EBE10F1773FC07D82BEAF
:10081000C58B773FCE8685BE1724773F938E88BEE3
:1008200007BA763F07958BBE974D763F229A8EBECC
:10083000C6DE753FDD9D91BE976D753F31A094BEBC
:100840000BFA743F17A197BE2284743F86A09ABE0C
:10085000DD0B743F789E9DBE3F91733FE59AA0BE2D
:100860004714733FC595A3BEF894723F128FA6BE7E
:100870005213723FC486A9BE578F713FD47CACBE61
:100880000809713F3A71AFBE6680703FEF63B2BE38
:1008900073F56F3FEC54B5BE30686F3F2A44B8BE65
:1008A0009ED86E3FA031BBBEBE466E3F4A1DBEBE47
:1008B00093B26D3F1E07C1BE1D1C6D3F15EFC3BE39
:1008C0005E836C3F29D5C6BE58E86B3F53B9C9BE9D
:1008D0000C4B6B3F8B9BCCBE7BAB6A3FCA7BCFBEC6
:1008E000A7096A3F095AD2BE9165693F4136D5BE14
:1008F0003CBF683F6B10D8BEA816683F80E8DABEE0
:10090000D86B673F79BEDDBECCBE663F4F92E0BE7E
:10091000880F663FFA63E3BE0B5E653F7533E6BE44
:1009200059AA643FB700E9BE73F4633FBBCBEBBE8B
:100930005A3C633F7994EEBE1082623FEA5AF1BEA0
:1009400098C5613F071FF4BEF206613FCBE0F6BEDB
:100950002146603F2DA0F9BE27835F3F275DFCBE87
:1009600005BE5E3FB217FFBEBEF65D3FE4E700BFC7
:10097000532D5D3FB14202BFC7615C3F3D9C03BF49
:100980001A945B3F84F404BF50C45A3F824B06BFA5
:100990006AF2593F36A107BF6A1E593F9BF508BF4F
:1009A0005348583FAD480ABF2670573F6B9A0BBF5C
:1009B000E595563FD0EA0CBF93B9553FDA390EBFE3
:1009C00031DB543F84870FBFC3FA533FCDD310BFF1
:1009D0004918533FB01E12BFC633523F2A6813BF97
:1009E0003D4D513F39B014BFAF64503FD9F615BFEC
:1009F0001F7A4F3F073C17BF908D4E3FC07F18BFF7
:100A0000029F4D3F00C219BF79AE4C3FC6021BBFCB
:100A1000F8BB4B3F0C421CBF7FC74A3FD17F1DBF75
:100A200012D1493F12BC1EBFB3D8483FCBF61FBFFF
:100A300065DE473FF92F21BF2AE2463F996722BF73
:100A400003E4453FA99D23BFF5E3443F25D224BFDE
:100A500000E2433F0A0526BF29DE423F563627BF44
:100A600070D8413F056628BFDAD0403F159429BFB2
:100A700067C73F3F82C02ABF1BBC3E3F4AEB2BBF2C
:100A8000F9AE3D3F69142DBF03A03C3FDE3B2EBFB6
:100A90003B8F3B3FA5612FBFA47C3A3FBB8530BF56
:100AA0004268393F1DA831BF1652383FC9C832BF0E
:100AB000233A373FBCE733BF6C20363FF30435BFE2
:100AC000F304353F6C2036BFBCE7333F233A37BFD2
:100AD000C9C8323F165238BF1DA8313F426839BFDE
:100AE000BB85303FA47C3ABFA5612F3F3B8F3BBF06
:100AF000DE3B2E3F03A03CBF69142D3FF9AE3DBF46
:100B00004AEB2B3F1BBC3EBF82C02A3F67C73FBF9B
:100B10001594293FDAD040BF0566283F70D841BF01
:100B20005636273F29DE42BF0A05263F00E243BF73
:100B300025D2243FF5E344BFA99D233F03E445BFED
:100B40009967223F2AE246BFF92F213F65DE47BF62
:100B5000CBF61F3FB3D848BF12BC1E3F12D149BFCE
:100B6000D17F1D3F7FC74ABF0C421C3FF8BB4BBF24
:100B7000C6021B3F79AE4CBF00C2193F029F4DBF5A
:100B8000C07F183F908D4EBF073C173F1F7A4FBF65
:100B9000D9F6153FAF6450BF39B0143F3D4D51BF3A
:100BA0002A68133FC63352BFB01E123F491853BFC5
:100BB000CDD3103FC3FA53BF84870F3F31DB54BFFF
:100BC000DA390E3F93B955BFD0EA0C3FE59556BFD1
:100BD0006B9A0B3F267057BFAD480A3F534858BF2A
:100BE0009BF5083F6A1E59BF36A1073F6AF259BFFD
:100BF000824B063F50C45ABF84F4043F1A945BBF33
:100C00003D9C033FC7615CBFB142023F532D5DBFB6
:100C1000E4E7003FBEF65DBFB217FF3E05BE5EBF14
:100C2000275DFC3E27835FBF2DA0F93E214660BFB4
:100C3000CBE0F63EF20661BF071FF43E98C561BFE8
:100C4000EA5AF13E108262BF7994EE3E5A3C63BF8D
:100C5000BBCBEB3E73F463BFB700E93E59AA64BF58
:100C60007533E63E0B5E65BFFA63E33E880F66BFF1
:100C70004F92E03ECCBE66BF79BEDD3ED86B67BF0B
:100C800080E8DA3EA81668BF6B10D83E3CBF68BF4C
:100C90004136D53E916569BF095AD23EA7096ABF60
:100CA000CA7BCF3E7BAB6ABF8B9BCC3E0C4B6BBFF2
:100CB00053B9C93E58E86BBF29D5C63E5E836CBFA9
:100CC00015EFC33E1D1C6DBF1E07C13E93B26DBF25
:100CD0004A1DBE3EBE466EBFA031BB3E9ED86EBF13
:100CE0002A44B83E30686FBFEC54B53E73F56FBF11
:100CF000EF63B23E668070BF3A71AF3E080971BFC4
:100D0000D47CAC3E578F71BFC486A93E521372BFCC
:100D1000128FA63EF89472BFC595A33E471473BFC9
:100D2000E59AA03E3F9173BF789E9D3EDD0B74BF58
:100D300086A09A3E228474BF17A1973E0BFA74BF17
:100D400031A0943E976D75BFDD9D913EC6DE75BFA7
:100D5000229A8E3E974D76BF07958B3E07BA76BF97
:100D6000938E883E172477BFCE86853EC58B77BF8E
:100D7000C07D823E10F177BFE1E67E3EF85378BF3A
:100D8000CCCF783E7BB478BF51B6723E981279BF13
:100D90007F9A6C3E4E6E79BF667C663E9DC779BF7A
:100DA000135C603E841E7ABF97395A3E02737ABF45
:100DB0000115543E16C57ABF60EE4D3EBE147BBF92
:100DC000C2C5473EFC617BBF379B413ECDAC7BBF7C
:100DD000CF6E3B3E31F57BBF9840353E283B7CBF14
:100DE000A2102F3EB07E7CBFFCDE283EC9BF7CBF78
:100DF000B6AB223E73FE7CBFDE761C3EAC3A7DBFB6
:100E00008340163E74747DBFB708103ECCAB7DBFE7
:100E100086CF093EB1E07DBF0295033E24137EBF1D
:100E200073B2FA3D23437EBF7638EE3DB0707EBF8D
:100E30002EBCE13DC99B7EBFB93DD53D6DC47EBF93
:100E400036BDC83D9DEA7EBFC33ABC3D580E7FBF4C
:100E500080B6AF3D9D2F7FBF8C30A33D6D4E7FBFD1
:100E600005A9963DC76A7FBF0A208A3DAB847FBF34
:100E7000742B7B3D189C7FBF6814623D0FB17FBF10
:100E80002FFB483D8FC37FBF07E02F3D98D37FBF27
:100E90002CC3163D29E17FBFB949FB3C43EC7FBF22
:100EA000B00AC93CE6F47FBFB6C9963C11FB7FBFD0
:100EB000900E493CC4FE7FBF890FC93B000080BF34
:100EC00000000000C4FE7FBF890FC9BB11FB7FBFBC
:100ED000900E49BCE6F47FBFB6C996BC43EC7FBF19
:100EE000B00AC9BC29E17FBFB949FBBC98D37FBF19
:100EF0002CC316BD8FC37FBF07E02FBD0FB17FBFCF
:100F00002FFB48BD189C7FBF681462BDAB847FBFB8
:100F1000742B7BBDC76A7FBF0A208ABD6D4E7FBF21
:100F200005A996BD9D2F7FBF8C30A3BD580E7FBFF6
:100F300080B6AFBD9DEA7EBFC33ABCBD6DC47EBF67
:100F400036BDC8BDC99B7EBFB93DD5BDB0707EBFA3
:100F50002EBCE1BD23437EBF7638EEBD24137EBF99
:100F600073B2FABDB1E07DBF029503BECCAB7DBFCD
:100F700086CF09BE74747DBFB70810BEAC3A7DBF82
:100F8000834016BE73FE7CBFDE761CBEC9BF7CBF2D
:100F9000B6AB22BEB07E7CBFFCDE28BE283B7CBF49
:100FA000A2102FBE31F57BBF984035BECDAC7BBFC4
:100FB000CF6E3BBEFC617BBF379B41BEBE147BBF87
:100FC000C2C547BE16C57ABF60EE4DBE02737ABF7A
:100FD000011554BE841E7ABF97395ABE9DC779BF8A
:100FE000135C60BE4E6E79BF667C66BE981279BF98
:100FF0007F9A6CBE7BB478BF51B672BEF85378BF8F
:10100000CCCF78BE10F177BFE1E67EBEC58B77BF4F
:10101000C07D82BE172477BFCE8685BE07BA76BF55
:10102000938E88BE974D76BF07958BBEC6DE75BF83
:10103000229A8EBE976D75BFDD9D91BE0BFA74BF6F
:1010400031A094BE228474BF17A197BEDD0B74BF7C
:1010500086A09ABE3F9173BF789E9DBE471473BF12
:10106000E59AA0BEF89472BFC595A3BE521372BF95
:10107000128FA6BE578F71BFC486A9BE080971BF63
:10108000D47CACBE668070BF3A71AFBE73F56FBFE3
:10109000EF63B2BE30686FBFEC54B5BE9ED86EBF72
:1010A0002A44B8BEBE466EBFA031BBBE93B26DBF70
:1010B0004A1DBEBE1D1C6DBF1E07C1BE5E836CBF38
:1010C00015EFC3BE58E86BBF29D5C6BE0C4B6BBF2E
:1010D00053B9C9BE7BAB6ABF8B9BCCBEA7096ABFA5
:1010E000CA7BCFBE916569BF095AD2BE3CBF68BFFB
:1010F0004136D5BEA81668BF6B10D8BED86B67BF87
:1011000080E8DABECCBE66BF79BEDDBE880F66BFA2
:101110004F92E0BE0B5E65BFFA63E3BE59AA64BF9F
:101120007533E6BE73F463BFB700E9BE5A3C63BFD4
:10113000BBCBEBBE108262BF7994EEBE98C561BF97
:10114000EA5AF1BEF20661BF071FF4BE214660BF36
:10115000CBE0F6BE27835FBF2DA0F9BE05BE5EBF04
:10116000275DFCBEBEF65DBFB217FFBE532D5DBF4F
:10117000E4E700BFC7615CBFB14202BF1A945BBF26
:101180003D9C03BF50C45ABF84F404BF6AF259BFE8
:10119000824B06BF6A1E59BF36A107BF534858BFCE
:1011A0009BF508BF267057BFAD480ABFE59556BFEF
:1011B0006B9A0BBF93B955BFD0EA0CBF31DB54BF5C
:1011C000DA390EBFC3FA53BF84870FBF491853BF24
:1011D000CDD310BFC63352BFB01E12BF3D4D51BF5D
:1011E0002A6813BFAF6450BF39B014BF1F7A4FBF16
:1011F000D9F615BF908D4EBF073C17BF029F4DBF5C
:10120000C07F18BF79AE4CBF00C219BFF8BB4BBF3F
:10121000C6021BBF7FC74ABF0C421CBF12D149BFC9
:10122000D17F1DBFB3D848BF12BC1EBF65DE47BF0C
:10123000CBF61FBF2AE246BFF92F21BF03E445BF0B
:10124000996722BFF5E344BFA99D23BF00E243BFD6
:1012500025D224BF29DE42BF0A0526BF70D841BF70
:10126000563627BFDAD040BF056628BF67C73FBFE5
:10127000159429BF1BBC3EBF82C02ABFF9AE3DBF3B
:101280004AEB2BBF03A03CBF69142DBF3B8F3BBF74
:10129000DE3B2EBFA47C3ABFA5612FBF426839BF99
:1012A000BB8530BF165238BF1DA831BF233A37BFA8
:1012B000C9C832BF6C2036BFBCE733BFF30435BFAB
:1012C000F30435BFBCE733BF6C2036BFC9C832BF9B
:1012D000233A37BF1DA831BF165238BFBB8530BF78
:1012E000426839BFA5612FBFA47C3ABFDE3B2EBF49
:1012F0003B8F3BBF69142DBF03A03CBF4AEB2BBF04
:10130000F9AE3DBF82C02ABF1BBC3EBF159429BFAA
:1013100067C73FBF056628BFDAD040BF563627BF34
:1013200070D841BF0A0526BF29DE42BF25D224BF9F
:1013300000E243BFA99D23BFF5E344BF996722BFE5
:1013400003E445BFF92F21BF2AE246BFCBF61FBFFA
:1013500065DE47BF12BC1EBFB3D848BFD17F1DBFDB
:1013600012D149BF0C421CBF7FC74ABFC6021BBF78
:10137000F8BB4BBF00C219BF79AE4CBFC07F18BFCE
:10138000029F4DBF073C17BF908D4EBFD9F615BFCA
:101390001F7A4FBF39B014BFAF6450BF2A6813BF64
:1013A0003D4D51BFB01E12BFC63352BFCDD310BF8B
:1013B000491853BF84870FBFC3FA53BFDA390EBF32
:1013C00031DB54BFD0EA0CBF93B955BF6B9A0BBF4A
:1013D000E59556BFAD480ABF267057BF9BF508BFBD
:1013E000534858BF36A107BF6A1E59BF824B06BF7C
:1013F0006AF259BF84F404BF50C45ABF3D9C03BF76
:101400001A945BBFB14202BFC7615CBFE4E700BF93
:10141000532D5DBFB217FFBEBEF65DBF275DFCBE9C
:1014200005BE5EBF2DA0F9BE27835FBFCBE0F6BE31
:10143000214660BF071FF4BEF20661BFEA5AF1BE43
:1014400098C561BF7994EEBE108262BFBBCBEBBE84
:101450005A3C63BFB700E9BE73F463BF7533E6BEA1
:1014600059AA64BFFA63E3BE0B5E65BF4F92E0BE4C
:10147000880F66BF79BEDDBECCBE66BF80E8DABE2F
:10148000D86B67BF6B10D8BEA81668BF4136D5BEF3
:101490003CBF68BF095AD2BE916569BFCA7BCFBE47
:1014A000A7096ABF8B9BCCBE7BAB6ABF53B9C9BED1
:1014B0000C4B6BBF29D5C6BE58E86BBF15EFC3BE3A
:1014C0005E836CBF1E07C1BE1D1C6DBF4A1DBEBE24
:1014D00093B26DBFA031BBBEBE466EBF2A44B8BE3C
:1014E0009ED86EBFEC54B5BE30686FBFEF63B2BE1E
:1014F00073F56FBF3A71AFBE668070BFD47CACBE6F
:10150000080971BFC486A9BE578F71BF128FA6BECE
:10151000521372BFC595A3BEF89472BFE59AA0BEE0
:10152000471473BF789E9DBE3F9173BF86A09ABE3D
:10153000DD0B74BF17A197BE228474BF31A094BE87
:101540000BFA74BFDD9D91BE976D75BF229A8EBE5A
:10155000C6DE75BF07958BBE974D76BF938E88BE4E
:1015600007BA76BFCE8685BE172477BFC07D82BE00
:10157000C58B77BFE1E67EBE10F177BFCCCF78BEDA
:10158000F85378BF51B672BE7BB478BF7F9A6CBEF9
:10159000981279BF667C66BE4E6E79BF135C60BEE2
:1015A0009DC779BF97395ABE841E7ABF011554BEB4
:1015B00002737ABF60EE4DBE16C57ABFC2C547BE84
:1015C000BE147BBF379B41BEFC617BBFCF6E3BBE71
:1015D000CDAC7BBF984035BE31F57BBFA2102FBE8E
:1015E000283B7CBFFCDE28BEB07E7CBFB6AB22BEF3
:1015F000C9BF7CBFDE761CBE73FE7CBF834016BEB7
:10160000AC3A7DBFB70810BE74747DBF86CF09BEEB
:10161000CCAB7DBF029503BEB1E07DBF73B2FABD16
:1016200024137EBF7638EEBD23437EBF2EBCE1BDC2
:10163000B0707EBFB93DD5BDC99B7EBF36BDC8BDAC
:101640006DC47EBFC33ABCBD9DEA7EBF80B6AFBD50
:10165000580E7FBF8C30A3BD9D2F7FBF05A996BDBF
:101660006D4E7FBF0A208ABDC76A7FBF742B7BBDCA
:10167000AB847FBF681462BD189C7FBF2FFB48BD41
:101680000FB17FBF07E02FBD8FC37FBF2CC316BD37
:1016900098D37FBFB949FBBC29E17FBFB00AC9BC61
:1016A00043EC7FBFB6C996BCE6F47FBF900E49BC41
:1016B00011FB7FBF890FC9BBC4FE7FBF0000008044
:1016C000000080BF890FC93BC4FE7FBF900E493C1C
:1016D00011FB7FBFB6C9963CE6F47FBFB00AC93C98
:1016E00043EC7FBFB949FB3C29E17FBF2CC3163DCA
:1016F00098D37FBF07E02F3D8FC37FBF2FFB483DAF
:101700000FB17FBF6814623D189C7FBF742B7B3D77
:10171000AB847FBF0A208A3DC76A7FBF05A9963D7B
:101720006D4E7FBF8C30A33D9D2F7FBF80B6AF3DF8
:10173000580E7FBFC33ABC3D9DEA7EBF36BDC83D53
:101740006DC47EBFB93DD53DC99B7EBF2EBCE13D7A
:10175000B0707EBF7638EE3D23437EBF73B2FA3D54
:1017600024137EBF0295033EB1E07DBF86CF093EC4
:10177000CCAB7DBFB708103E74747DBF8340163E6E
:10178000AC3A7DBFDE761C3E73FE7CBFB6AB223E1C
:10179000C9BF7CBFFCDE283EB07E7CBFA2102F3EBE
:1017A000283B7CBF9840353E31F57BBFCF6E3B3E3A
:1017B000CDAC7BBF379B413EFC617BBFC2C5473E82
:1017C000BE147BBF60EE4D3E16C57ABF0115543E78
:1017D00002737ABF97395A3E841E7ABF135C603E0B
:1017E0009DC779BF667C663E4E6E79BF7F9A6C3E20
:1017F000981279BF51B6723E7BB478BFCCCF783E99
:10180000F85378BFE1E67E3E10F177BFC07D823E9F
:10181000C58B77BFCE86853E172477BF938E883ED3
:1018200007BA76BF07958B3E974D76BF229A8E3EBC
:10183000C6DE75BFDD9D913E976D75BF31A0943EAC
:101840000BFA74BF17A1973E228474BF86A09A3EFC
:10185000DD0B74BF789E9D3E3F9173BFE59AA03E1D
:10186000471473BFC595A33EF89472BF128FA63E6E
:10187000521372BFC486A93E578F71BFD47CAC3E51
:10188000080971BF3A71AF3E668070BFEF63B23E28
:1018900073F56FBFEC54B53E30686FBF2A44B83E55
:1018A0009ED86EBFA031BB3EBE466EBF4A1DBE3E37
:1018B00093B26DBF1E07C13E1D1C6DBF15EFC33E29
:1018C0005E836CBF29D5C63E58E86BBF53B9C93E8D
:1018D0000C4B6BBF8B9BCC3E7BAB6ABFCA7BCF3EB6
:1018E000A7096ABF095AD23E916569BF4136D53E04
:1018F0003CBF68BF6B10D83EA81668BF80E8DA3ED0
:10190000D86B67BF79BEDD3ECCBE66BF4F92E03E6E
:10191000880F66BFFA63E33E0B5E65BF7533E63E34
:1019200059AA64BFB700E93E73F463BFBBCBEB3E7B
:101930005A3C63BF7994EE3E108262BFEA5AF13E90
:1019400098C561BF071FF43EF20661BFCBE0F63ECB
:10195000214660BF2DA0F93E27835FBF275DFC3E77
:1019600005BE5EBFB217FF3EBEF65DBFE4E7003FB7
:10197000532D5DBFB142023FC7615CBF3D9C033F39
:101980001A945BBF84F4043F50C45ABF824B063F95
:101990006AF259BF36A1073F6A1E59BF9BF5083F3F
:1019A000534858BFAD480A3F267057BF6B9A0B3F4C
:1019B000E59556BFD0EA0C3F93B955BFDA390E3FD3
:1019C00031DB54BF84870F3FC3FA53BFCDD3103FE1
:1019D000491853BFB01E123FC63352BF2A68133F87
:1019E0003D4D51BF39B0143FAF6450BFD9F6153FDC
:1019F0001F7A4FBF073C173F908D4EBFC07F183FE7
:101A0000029F4DBF00C2193F79AE4CBFC6021B3FBB
:101A1000F8BB4BBF0C421C3F7FC74ABFD17F1D3F65
:101A200012D149BF12BC1E3FB3D848BFCBF61F3FEF
:101A300065DE47BFF92F213F2AE246BF9967223F63
:101A400003E445BFA99D233FF5E344BF25D2243FCE
:101A500000E243BF0A05263F29DE42BF5636273F34
:101A600070D841BF0566283FDAD040BF1594293FA2
:101A700067C73FBF82C02A3F1BBC3EBF4AEB2B3F1C
:101A8000F9AE3DBF69142D3F03A03CBFDE3B2E3FA6
:101A90003B8F3BBFA5612F3FA47C3ABFBB85303F46
:101AA000426839BF1DA8313F165238BFC9C8323FFE
:101AB000233A37BFBCE7333F6C2036BFF304353FD2
:101AC000F30435BF6C20363FBCE733BF233A373FC2
:101AD000C9C832BF1652383F1DA831BF4268393FCE
:101AE000BB8530BFA47C3A3FA5612FBF3B8F3B3FF6
:101AF000DE3B2EBF03A03C3F69142DBFF9AE3D3F36
:101B00004AEB2BBF1BBC3E3F82C02ABF67C73F3F8B
:101B1000159429BFDAD0403F056628BF70D8413FF1
:101B2000563627BF29DE423F0A0526BF00E2433F63
:101B300025D224BFF5E3443FA99D23BF03E4453FDD
:101B4000996722BF2AE2463FF92F21BF65DE473F52
:101B5000CBF61FBFB3D8483F12BC1EBF12D1493FBE
:101B6000D17F1DBF7FC74A3F0C421CBFF8BB4B3F14
:101B7000C6021BBF79AE4C3F00C219BF029F4D3F4A
:101B8000C07F18BF908D4E3F073C17BF1F7A4F3F55
:101B9000D9F615BFAF64503F39B014BF3D4D513F2A
:101BA0002A6813BFC633523FB01E12BF4918533FB5
:101BB000CDD310BFC3FA533F84870FBF31DB543FEF
:101BC000DA390EBF93B9553FD0EA0CBFE595563FC1
:101BD0006B9A0BBF2670573FAD480ABF5348583F1A
:101BE0009BF508BF6A1E593F36A107BF6AF2593FED
:101BF000824B06BF50C45A3F84F404BF1A945B3F23
:101C00003D9C03BFC7615C3FB14202BF532D5D3FA6
:101C1000E4E700BFBEF65D3FB217FFBE05BE5E3F04
:101C2000275DFCBE27835F3F2DA0F9BE2146603FA4
:101C3000CBE0F6BEF206613F071FF4BE98C5613FD8
:101C4000EA5AF1BE1082623F7994EEBE5A3C633F7D
:101C5000BBCBEBBE73F4633FB700E9BE59AA643F48
:101C60007533E6BE0B5E653FFA63E3BE880F663FE1
:101C70004F92E0BECCBE663F79BEDDBED86B673FFB
:101C800080E8DABEA816683F6B10D8BE3CBF683F3C
:101C90004136D5BE9165693F095AD2BEA7096A3F50
:101CA000CA7BCFBE7BAB6A3F8B9BCCBE0C4B6B3FE2
:101CB00053B9C9BE58E86B3F29D5C6BE5E836C3F99
:101CC00015EFC3BE1D1C6D3F1E07C1BE93B26D3F15
:101CD0004A1DBEBEBE466E3FA031BBBE9ED86E3F03
:101CE0002A44B8BE30686F3FEC54B5BE73F56F3F01
:101CF000EF63B2BE6680703F3A71AFBE0809713FB4
:101D0000D47CACBE578F713FC486A9BE5213723FBC
:101D1000128FA6BEF894723FC595A3BE4714733FB9
:101D2000E59AA0BE3F91733F789E9DBEDD0B743F48
:101D300086A09ABE2284743F17A197BE0BFA743F07
:101D400031A094BE976D753FDD9D91BEC6DE753F97
:101D5000229A8EBE974D763F07958BBE07BA763F87
:101D6000938E88BE1724773FCE8685BEC58B773F7E
:101D7000C07D82BE10F1773FE1E67EBEF853783F2A
:101D8000CCCF78BE7BB4783F51B672BE9812793F03
:101D90007F9A6CBE4E6E793F667C66BE9DC7793F6A
:101DA000135C60BE841E7A3F97395ABE02737A3F35
:101DB000011554BE16C57A3F60EE4DBEBE147B3F82
:101DC000C2C547BEFC617B3F379B41BECDAC7B3F6C
:101DD000CF6E3BBE31F57B3F984035BE283B7C3F04
:101DE000A2102FBEB07E7C3FFCDE28BEC9BF7C3F68
:101DF000B6AB22BE73FE7C3FDE761CBEAC3A7D3FA6
:101E0000834016BE74747D3FB70810BECCAB7D3FD7
:101E100086CF09BEB1E07D3F029503BE24137E3F0D
:101E200073B2FABD23437E3F7638EEBDB0707E3F7D
:101E30002EBCE1BDC99B7E3FB93DD5BD6DC47E3F83
:101E400036BDC8BD9DEA7E3FC33ABCBD580E7F3F3C
:101E500080B6AFBD9D2F7F3F8C30A3BD6D4E7F3FC1
:101E600005A996BDC76A7F3F0A208ABDAB847F3F24
:101E7000742B7BBD189C7F3F681462BD0FB17F3F00
:101E80002FFB48BD8FC37F3F07E02FBD98D37F3F17
:101E90002CC316BD29E17F3FB949FBBC43EC7F3F12
:101EA000B00AC9BCE6F47F3FB6C996BC11FB7F3FC0
:101EB000900E49BCC4FE7F3F890FC9BB0000803F24
:101EC000000000000FB17F3F2FFB483D6DC47E3FF7
:101ED00036BDC83DAC3A7D3F8340163EBE147B3FC5
:101EE000C2C5473EF853783FCCCF783E0BFA743FDB
:101EF00031A0943E0809713FD47CAC3E5E836C3FB8
:101F000015EFC33ED86B673F80E8DA3E98C5613F66
:101F1000EA5AF13E1A945B3F3D9C033F31DB543F4C
:101F2000DA390E3F029F4D3FC07F183F03E4453F23
:101F30009967223FF9AE3D3F4AEB2B3FF304353F13
:101F4000F304353F4AEB2B3FF9AE3D3F9967223F03
:101F500003E4453FC07F183F029F4D3FDA390E3FF3
:101F600031DB543F3D9C033F1A945B3FEA5AF13EFC
:101F700098C5613F80E8DA3ED86B673F15EFC33EF6
:101F80005E836C3FD47CAC3E0809713F31A0943E27
:101F90000BFA743FCCCF783EF853783FC2C5473E2A
:101FA000BE147B3F8340163EAC3A7D3F36BDC83DF4
:101FB0006DC47E3F2FFB483D0FB17F3F0000000006
:101FC0000000803F2FFB48BD0FB17F3F36BDC8BD2D
:101FD0006DC47E3F834016BEAC3A7D3FC2C547BE4E
:101FE000BE147B3FCCCF78BEF853783F31A094BE6F
:101FF0000BFA743FD47CACBE0809713F15EFC3BE29
:102000005E836C3F80E8DABED86B673FEA5AF1BE68
:1020100098C5613F3D9C03BF1A945B3FDA390EBF00
:1020200031DB543FC07F18BF029F4D3F996722BFED
:1020300003E4453F4AEB2BBFF9AE3D3FF30435BF08
:10204000F304353FF9AE3DBF4AEB2B3F03E445BFF8
:102050009967223F029F4DBFC07F183F31DB54BFBD
:10206000DA390E3F1A945BBF3D9C033F98C561BFB0
:10207000EA5AF13ED86B67BF80E8DA3E5E836CBFF8
:1020800015EFC33E080971BFD47CAC3E0BFA74BF98
:1020900031A0943EF85378BFCCCF783EBE147BBFBE
:1020A000C2C5473EAC3A7DBF8340163E6DC47EBF7D
:1020B00036BDC83D0FB17FBF2FFB483D000080BF3C
:1020C000000000000FB17FBF2FFB48BD6DC47EBF75
:1020D00036BDC8BDAC3A7DBF834016BEBE147BBFC3
:1020E000C2C547BEF85378BFCCCF78BE0BFA74BFD9
:1020F00031A094BE080971BFD47CACBE5E836CBFB6
:1021000015EFC3BED86B67BF80E8DABE98C561BF64
:10211000EA5AF1BE1A945BBF3D9C03BF31DB54BF4A
:10212000DA390EBF029F4DBFC07F18BF03E445BF21
:10213000996722BFF9AE3DBF4AEB2BBFF30435BF11
:10214000F30435BF4AEB2BBFF9AE3DBF996722BF01
:1021500003E445BFC07F18BF029F4DBFDA390EBFF1
:1021600031DB54BF3D9C03BF1A945BBFEA5AF1BEFA
:1021700098C561BF80E8DABED86B67BF15EFC3BEF4
:102180005E836CBFD47CACBE080971BF31A094BE25
:102190000BFA74BFCCCF78BEF85378BFC2C547BE28
:1021A000BE147BBF834016BEAC3A7DBF36BDC8BDF2
:1021B0006DC47EBF2FFB48BD0FB17FBF0000008004
:1021C000000080BF2FFB483D0FB17FBF36BDC83D2B
:1021D0006DC47EBF8340163EAC3A7DBFC2C5473E4C
:1021E000BE147BBFCCCF783EF85378BF31A0943E6D
:1021F0000BFA74BFD47CAC3E080971BF15EFC33E27
:102200005E836CBF80E8DA3ED86B67BFEA5AF13E66
:1022100098C561BF3D9C033F1A945BBFDA390E3FFE
:1022200031DB54BFC07F183F029F4DBF9967223FEB
:1022300003E445BF4AEB2B3FF9AE3DBFF304353F06
:10224000F30435BFF9AE3D3F4AEB2BBF03E4453FF6
:10225000996722BF029F4D3FC07F18BF31DB543FBB
:10226000DA390EBF1A945B3F3D9C03BF98C5613FAE
:10227000EA5AF1BED86B673F80E8DABE5E836C3FF6
:1022800015EFC3BE0809713FD47CACBE0BFA743F96
:1022900031A094BEF853783FCCCF78BEBE147B3FBC
:1022A000C2C547BEAC3A7D3F834016BE6DC47E3F7B
:1022B00036BDC8BD0FB17F3F2FFB48BD0000803F3A
:1022C000000000005E836C3F15EFC33EF304353F12
:1022D000F304353F15EFC33E5E836C3F0000000002
:1022E0000000803F15EFC3BE5E836C3FF30435BF33
:1022F000F304353F5E836CBF15EFC33E000080BF23
:10230000000000005E836CBF15EFC3BEF30435BF51
:10231000F30435BF15EFC3BE5E836CBF00000080C1
:10232000000080BF15EFC33E5E836CBFF304353FF2
:10233000F30435BF5E836C3F15EFC3BE0000803FE2
:1023400000000000B1FF7F3FC70F493BC4FE7F3F45
:10235000890FC93B39FD7F3F59CB163C11FB7F3FAD
:10236000900E493C4AF87F3F4B517B3CE6F47F3F5F
:10237000B6C9963CE3F07F3F69EAAF3C43EC7F3F50
:10238000B00AC93C05E77F3F7B2AE23C29E17F3F59
:10239000B949FB3CAFDA7F3F2F340A3D98D37F3FEA
:1023A0002CC3163DE2CB7F3FCC51233D8FC37F3FF3
:1023B00007E02F3D9EBA7F3FD56D3C3D0FB17F3F7B
:1023C0002FFB483DE3A67F3F0E88553D189C7F3F7D
:1023D0006814623DB1907F3F38A06E3DAB847F3F73
:1023E000742B7B3D08787F3F0ADB833DC76A7F3FC4
:1023F0000A208A3DE95C7F3FB464903D6D4E7F3F8B
:1024000005A9963D543F7F3FF9EC9C3D9D2F7F3FB2
:102410008C30A33D491F7F3FBA73A93D580E7F3FC3
:1024200080B6AF3DC9FC7E3FDAF8B53D9DEA7E3F00
:10243000C33ABC3DD4D77E3F397CC23D6DC47E3F9C
:1024400036BDC83D69B07E3FB7FDCE3DC99B7E3FDE
:10245000B93DD53D8B867E3F377DDB3DB0707E3FFD
:102460002EBCE13D385A7E3F9AFAE73D23437E3F3A
:102470007638EE3D722B7E3FC075F43D24137E3FCF
:1024800073B2FA3D38FA7D3F4577003EB1E07D3FBB
:102490000295033E8CC67D3F6EB2063ECCAB7D3FBF
:1024A00086CF093E6E907D3F4AEC0C3E74747D3FB2
:1024B000B708103EDE577D3FCA24133EAC3A7D3F3D
:1024C0008340163EDD1C7D3FE05B193E73FE7C3F82
:1024D000DE761C3E6CDF7C3F7B911F3EC9BF7C3F9C
:1024E000B6AB223E8A9F7C3F8CC5253EB07E7C3FAA
:1024F000FCDE283E3A5D7C3F04F82B3E283B7C3FC7
:10250000A2102F3E7A187C3FD428323E31F57B3F13
:102510009840353E4DD17B3FEC57383ECDAC7B3FAC
:10252000CF6E3B3EB2877B3F3E853E3EFC617B3FAC
:10253000379B413EAB3B7B3FB9B0443EBE147B3F33
:10254000C2C5473E37ED7A3F4FDA4A3E16C57A3F5D
:1025500060EE4D3E599C7A3FF101513E02737A3F45
:102560000115543E10497A3F8F27573E841E7A3F0B
:1025700097395A3E5EF3793F1A4B5D3E9DC7793FCE
:10258000135C603E439B793F836C633E4E6E793FA4
:10259000667C663EC040793FBA8B693E9812793FAF
:1025A0007F9A6C3ED6E3783FB2A86F3E7BB4783F0B
:1025B00051B6723E8684783F5AC3753EF853783FD1
:1025C000CCCF783ED122783FA4DB7B3E10F1773F21
:1025D000E1E67E3EB7BE773FC0F8803EC58B773FD1
:1025E000C07D823E3A58773F7002843E1724773F81
:1025F000CE86853E5BEF763FDA0A873E07BA763FA6
:10260000938E883E1B84763FF8118A3E974D763F25
:1026100007958B3E7A16763FC0178D3EC6DE753F16
:10262000229A8E3E7BA6753F2C1C903E976D753F7F
:10263000DD9D913E1D34753F351F933E0BFA743F6F
:1026400031A0943E62BF743FD220963E2284743FF4
:1026500017A1973E4B48743FFE20993EDD0B743F17
:1026600086A09A3ED9CE733FAF1F9C3E3F91733FE9
:10267000789E9D3E0E53733FDF1C9F3E4714733F71
:10268000E59AA03EEBD4723F8718A23EF894723FC1
:10269000C595A33E7054723F9F12A53E5213723FE0
:1026A000128FA63E9FD1713F1F0BA83E578F713FDF
:1026B000C486A93E7A4C713F0102AB3E0809713FC6
:1026C000D47CAC3E02C5703F3CF7AD3E6680703FA7
:1026D0003A71AF3E373B703FCBEAB03E73F56F3F88
:1026E000EF63B23E1BAF6F3FA5DCB33E30686F3F78
:1026F000EC54B53EB0206F3FC3CCB63E9ED86E3F83
:102700002A44B83EF88F6E3F1EBBB93EBE466E3FB0
:10271000A031BB3EF2FC6D3FAFA7BC3E93B26D3F14
:102720004A1DBE3EA1676D3F6F92BF3E1D1C6D3FAF
:102730001E07C13E07D06C3F557BC23E5E836C3F97
:1027400015EFC33E24366C3F5C62C53E58E86B3FD4
:1027500029D5C63EFB996B3F7C47C83E0C4B6B3F6F
:1027600053B9C93E8CFB6A3FAE2ACB3E7BAB6A3F76
:102770008B9BCC3ED95A6A3FEA0BCE3EA7096A3FF3
:10278000CA7BCF3EE4B7693F2AEBD03E9165693FF3
:10279000095AD23EAE12693F67C8D33E3CBF683F7C
:1027A0004136D53E396B683F99A3D63EA816683F9F
:1027B0006B10D83E87C1673FB97CD93ED86B673F65
:1027C00080E8DA3E9915673FC153DC3ECCBE663FD8
:1027D00079BEDD3E7167663FA928DF3E880F663F00
:1027E0004F92E03E10B7653F6AFBE13E0B5E653FEE
:1027F000FA63E33E7904653FFECBE43E59AA643FA9
:102800007533E63EAC4F643F5D9AE73E73F4633F39
:10281000B700E93EAC98633F8166EA3E5A3C633FAD
:10282000BBCBEB3E7BDF623F6330ED3E1082623F0D
:102830007994EE3E1A24623FFBF7EF3E98C5613F64
:10284000EA5AF13E8A66613F43BDF23EF206613FBD
:10285000071FF43ECFA6603F3580F53E2146603F1E
:10286000CBE0F63EE9E45F3FC840F83E27835F3F98
:102870002DA0F93EDB205F3FF7FEFA3E05BE5E3F2E
:10288000275DFC3EA65A5E3FBBBAFD3EBEF65D3FED
:10289000B217FF3E4D925D3F063A003F532D5D3F1C
:1028A000E4E7003FD1C75C3F7395013FC7615C3FE0
:1028B000B142023F34FB5B3F9FEF023F1A945B3F04
:1028C0003D9C033F792C5B3F8948043F50C45A3FED
:1028D00084F4043FA05B5A3F2CA0053F6AF2593FA5
:1028E000824B063FAD88593F86F6063F6A1E593F28
:1028F00036A1073FA1B3583F924B083F5348583F7A
:102900009BF5083F7FDC573F4E9F093F2670573F9E
:10291000AD480A3F4803573FB7F10A3FE595563F98
:102920006B9A0B3FFE27563FC9420C3F93B9553F68
:10293000D0EA0C3FA44A553F81920D3F31DB543F12
:10294000DA390E3F3B6B543FDBE00E3FC3FA533F97
:1029500084870F3FC789533FD52D103F4918533FF8
:10296000CDD3103F49A6523F6B79113FC633523F3A
:10297000B01E123FC2C0513F9AC3123F3D4D513F5E
:102980002A68133F37D9503F5F0C143FAF64503F64
:1029900039B0143FA8EF4F3FB753153F1F7A4F3F51
:1029A000D9F6153F17044F3F9F99163F908D4E3F24
:1029B000073C173F89164E3F12DE173F029F4D3FDF
:1029C000C07F183FFD264D3F0F21193F79AE4C3F88
:1029D00000C2193F78354C3F93621A3FF8BB4B3F1A
:1029E000C6021B3FFA414B3F99A21B3F7FC74A3F9C
:1029F0000C421C3F874C4A3F1FE11C3F12D1493F0C
:102A0000D17F1D3F2155493F221E1E3FB3D8483F6D
:102A100012BC1E3FCA5B483F9F591F3F65DE473FC0
:102A2000CBF61F3F8560473F9393203F2AE2463F06
:102A3000F92F213F5463463FFBCB213F03E4453F41
:102A40009967223F3964453FD302233FF5E3443F72
:102A5000A99D233F3763443F1A38243F00E2433F98
:102A600025D2243F5160433FCB6B253F29DE423FB7
:102A70000A05263F895B423FE39D263F70D8413FD0
:102A80005636273FE154413F61CE273FDAD0403FE1
:102A90000566283F5C4C403F41FD283F67C73F3FEC
:102AA0001594293FFC413F3F802A2A3F1BBC3E3FF3
:102AB00082C02A3FC5353E3F1B562B3FF9AE3D3FF6
:102AC0004AEB2B3FB8273D3F0F802C3F03A03C3FF4
:102AD00069142D3FD9173C3F59A82D3F3B8F3B3FF1
:102AE000DE3B2E3F29063B3FF7CE2E3FA47C3A3FEC
:102AF000A5612F3FACF2393FE6F32F3F4268393FE3
:102B0000BB85303F65DD383F2217313F1652383FD5
:102B10001DA8313F55C6373FAA38323F233A373FC9
:102B2000C9C8323F7FAD363F7A58333F6C20363FBD
:102B3000BCE7333FE792353F8F76343FF304353FB0
:102B4000F304353F8F76343FE792353FBCE7333FA0
:102B50006C20363F7A58333F7FAD363FC9C8323F8D
:102B6000233A373FAA38323F55C6373F1DA8313F79
:102B70001652383F2217313F65DD383FBB85303F65
:102B80004268393FE6F32F3FACF2393FA5612F3F52
:102B9000A47C3A3FF7CE2E3F29063B3FDE3B2E3F3B
:102BA0003B8F3B3F59A82D3FD9173C3F69142D3F20
:102BB00003A03C3F0F802C3FB8273D3F4AEB2B3F03
:102BC000F9AE3D3F1B562B3FC5353E3F82C02A3FE5
:102BD0001BBC3E3F802A2A3FFC413F3F1594293FC2
:102BE00067C73F3F41FD283F5C4C403F0566283F9B
:102BF000DAD0403F61CE273FE154413F5636273F70
:102C000070D8413FE39D263F895B423F0A05263F3E
:102C100029DE423FCB6B253F5160433F25D2243F05
:102C200000E2433F1A38243F3763443FA99D233FC6
:102C3000F5E3443FD302233F3964453F9967223F80
:102C400003E4453FFBCB213F5463463FF92F213F2F
:102C50002AE2463F9393203F8560473FCBF61F3FD4
:102C600065DE473F9F591F3FCA5B483F12BC1E3F6E
:102C7000B3D8483F221E1E3F2155493FD17F1D3FFB
:102C800012D1493F1FE11C3F874C4A3F0C421C3F79
:102C90007FC74A3F99A21B3FFA414B3FC6021B3FE9
:102CA000F8BB4B3F93621A3F78354C3F00C2193F47
:102CB00079AE4C3F0F21193FFD264D3FC07F183F95
:102CC000029F4D3F12DE173F89164E3F073C173FCC
:102CD000908D4E3F9F99163F17044F3FD9F6153FF1
:102CE0001F7A4F3FB753153FA8EF4F3F39B0143FFE
:102CF000AF64503F5F0C143F37D9503F2A68133FF1
:102D00003D4D513F9AC3123FC2C0513FB01E123FCA
:102D1000C633523F6B79113F49A6523FCDD3103F86
:102D20004918533FD52D103FC789533F84870F3F24
:102D3000C3FA533FDBE00E3F3B6B543FDA390E3FA3
:102D400031DB543F81920D3FA44A553FD0EA0C3FFE
:102D500093B9553FC9420C3FFE27563F6B9A0B3F34
:102D6000E595563FB7F10A3F4803573FAD480A3F44
:102D70002670573F4E9F093F7FDC573F9BF5083F2A
:102D80005348583F924B083FA1B3583F36A1073FE5
:102D90006A1E593F86F6063FAD88593F824B063F73
:102DA0006AF2593F2CA0053FA05B5A3F84F4043FD0
:102DB00050C45A3F8948043F792C5B3F3D9C033FF8
:102DC0001A945B3F9FEF023F34FB5B3FB142023FEF
:102DD000C7615C3F7395013FD1C75C3FE4E7003FAB
:102DE000532D5D3F063A003F4D925D3FB217FF3EC7
:102DF000BEF65D3FBBBAFD3EA65A5E3F275DFC3E78
:102E000005BE5E3FF7FEFA3EDB205F3F2DA0F93E98
:102E100027835F3FC840F83EE9E45F3FCBE0F63EE2
:102E20002146603F3580F53ECFA6603F071FF43E48
:102E3000F206613F43BDF23E8A66613FEA5AF13EC7
:102E400098C5613FFBF7EF3E1A24623F7994EE3E4E
:102E50001082623F6330ED3E7BDF623FBBCBEB3ED7
:102E60005A3C633F8166EA3EAC98633FB700E93E57
:102E700073F4633F5D9AE73EAC4F643F7533E63EC3
:102E800059AA643FFECBE43E7904653FFA63E33E12
:102E90000B5E653F6AFBE13E10B7653F4F92E03E37
:102EA000880F663FA928DF3E7167663F79BEDD3E29
:102EB000CCBE663FC153DC3E9915673F80E8DA3EE1
:102EC000D86B673FB97CD93E87C1673F6B10D83E4E
:102ED000A816683F99A3D63E396B683F4136D53E68
:102EE0003CBF683F67C8D33EAE12693F095AD23E25
:102EF0009165693F2AEBD03EE4B7693FCA7BCF3E7C
:102F0000A7096A3FEA0BCE3ED95A6A3F8B9BCC3E5B
:102F10007BAB6A3FAE2ACB3E8CFB6A3F53B9C93EBE
:102F20000C4B6B3F7C47C83EFB996B3F29D5C63E97
:102F300058E86B3F5C62C53E24366C3F15EFC33EDC
:102F40005E836C3F557BC23E07D06C3F1E07C13E7F
:102F50001D1C6D3F6F92BF3EA1676D3F4A1DBE3E77
:102F600093B26D3FAFA7BC3EF2FC6D3FA031BB3EBC
:102F7000BE466E3F1EBBB93EF88F6E3F2A44B83E38
:102F80009ED86E3FC3CCB63EB0206F3FEC54B53EEA
:102F900030686F3FA5DCB33E1BAF6F3FEF63B23EBF
:102FA00073F56F3FCBEAB03E373B703F3A71AF3EAF
:102FB0006680703F3CF7AD3E02C5703FD47CAC3EAE
:102FC0000809713F0102AB3E7A4C713FC486A93EAD
:102FD000578F713F1F0BA83E9FD1713F128FA63EA6
:102FE0005213723F9F12A53E7054723FC595A33E87
:102FF000F894723F8718A23EEBD4723FE59AA03E48
:103000004714733FDF1C9F3E0E53733F789E9D3ED7
:103010003F91733FAF1F9C3ED9CE733F86A09A3E2F
:10302000DD0B743FFE20993E4B48743F17A1973E3D
:103030002284743FD220963E62BF743F31A0943EFA
:103040000BFA743F351F933E1D34753FDD9D913E55
:10305000976D753F2C1C903E7BA6753F229A8E3E45
:10306000C6DE753FC0178D3E7A16763F07958B3EBC
:10307000974D763FF8118A3E1B84763F938E883EAB
:1030800007BA763FDA0A873E5BEF763FCE86853E0B
:103090001724773F7002843E3A58773FC07D823EC6
:1030A000C58B773FC0F8803EB7BE773FE1E67E3EF6
:1030B00010F1773FA4DB7B3ED122783FCCCF783E26
:1030C000F853783F5AC3753E8684783F51B6723EB6
:1030D0007BB4783FB2A86F3ED6E3783F7F9A6C3ED0
:1030E0009812793FBA8B693EC040793F667C663E54
:1030F0004E6E793F836C633E439B793F135C603E29
:103100009DC7793F1A4B5D3E5EF3793F97395A3E32
:10311000841E7A3F8F27573E10497A3F0115543E4F
:1031200002737A3FF101513E599C7A3F60EE4D3E69
:1031300016C57A3F4FDA4A3E37ED7A3FC2C5473E61
:10314000BE147B3FB9B0443EAB3B7B3F379B413E17
:10315000FC617B3F3E853E3EB2877B3FCF6E3B3E70
:10316000CDAC7B3FEC57383E4DD17B3F9840353E50
:1031700031F57B3FD428323E7A187C3FA2102F3E97
:10318000283B7C3F04F82B3E3A5D7C3FFCDE283E2A
:10319000B07E7C3F8CC5253E8A9F7C3FB6AB223EED
:1031A000C9BF7C3F7B911F3E6CDF7C3FDE761C3EBF
:1031B00073FE7C3FE05B193EDD1C7D3F8340163E85
:1031C000AC3A7D3FCA24133EDE577D3FB708103E20
:1031D00074747D3F4AEC0C3E6E907D3F86CF093E75
:1031E000CCAB7D3F6EB2063E8CC67D3F0295033E62
:1031F000B1E07D3F4577003E38FA7D3F73B2FA3D3E
:1032000024137E3FC075F43D722B7E3F7638EE3D31
:1032100023437E3F9AFAE73D385A7E3F2EBCE13D7C
:10322000B0707E3F377DDB3D8B867E3FB93DD53D1F
:10323000C99B7E3FB7FDCE3D69B07E3F36BDC83DE0
:103240006DC47E3F397CC23DD4D77E3FC33ABC3D7E
:103250009DEA7E3FDAF8B53DC9FC7E3F80B6AF3DC2
:10326000580E7F3FBA73A93D491F7F3F8C30A33D65
:103270009D2F7F3FF9EC9C3D543F7F3F05A9963D34
:103280006D4E7F3FB464903DE95C7F3F0A208A3DEC
:10329000C76A7F3F0ADB833D08787F3F742B7B3D05
:1032A000AB847F3F38A06E3DB1907F3F6814623D94
:1032B000189C7F3F0E88553DE3A67F3F2FFB483D7E
:1032C0000FB17F3FD56D3C3D9EBA7F3F07E02F3D5C
:1032D0008FC37F3FCC51233DE2CB7F3F2CC3163DB4
:1032E00098D37F3F2F340A3DAFDA7F3FB949FB3C8B
:1032F00029E17F3F7B2AE23C05E77F3FB00AC93CDA
:1033000043EC7F3F69EAAF3CE3F07F3FB6C9963CB0
:10331000E6F47F3F4B517B3C4AF87F3F900E493C9F
:1033200011FB7F3F59CB163C39FD7F3F890FC93BCD
:10333000C4FE7F3FC70F493BB1FF7F3F0000000045
:103340000000803FC70F49BBB1FF7F3F890FC9BB5A
:10335000C4FE7F3F59CB16BC39FD7F3F900E49BC60
:1033600011FB7F3F4B517BBC4AF87F3FB6C996BCEF
:10337000E6F47F3F69EAAFBCE3F07F3FB00AC9BC27
:1033800043EC7F3F7B2AE2BC05E77F3FB949FBBCAA
:1033900029E17F3F2F340ABDAFDA7F3F2CC316BD32
:1033A00098D37F3FCC5123BDE2CB7F3F07E02FBDB9
:1033B0008FC37F3FD56D3CBD9EBA7F3F2FFB48BD7D
:1033C0000FB17F3F0E8855BDE3A67F3F681462BDF5
:1033D000189C7F3F38A06EBDB1907F3F742B7BBDA2
:1033E000AB847F3F0ADB83BD08787F3F0A208ABD1C
:1033F000C76A7F3FB46490BDE95C7F3F05A996BD75
:103400006D4E7F3FF9EC9CBD543F7F3F8C30A3BD98
:103410009D2F7F3FBA73A9BD491F7F3F80B6AFBDC7
:10342000580E7F3FDAF8B5BDC9FC7E3FC33ABCBD3C
:103430009DEA7E3F397CC2BDD4D77E3F36BDC8BD34
:103440006DC47E3FB7FDCEBD69B07E3FB93DD5BDF1
:10345000C99B7E3F377DDBBD8B867E3F2EBCE1BDA9
:10346000B0707E3F9AFAE7BD385A7E3F7638EEBD9F
:1034700023437E3FC075F4BD722B7E3F73B2FABD0D
:1034800024137E3F457700BE38FA7D3F029503BE88
:10349000B1E07D3F6EB206BE8CC67D3F86CF09BED1
:1034A000CCAB7D3F4AEC0CBE6E907D3FB70810BEA2
:1034B00074747D3FCA2413BEDE577D3F834016BE21
:1034C000AC3A7D3FE05B19BEDD1C7D3FDE761CBE65
:1034D00073FE7C3F7B911FBE6CDF7C3FB6AB22BE90
:1034E000C9BF7C3F8CC525BE8A9F7C3FFCDE28BEC1
:1034F000B07E7C3F04F82BBE3A5D7C3FA2102FBE0D
:10350000283B7C3FD42832BE7A187C3F984035BE99
:1035100031F57B3FEC5738BE4DD17B3FCF6E3BBE84
:10352000CDAC7B3F3E853EBEB2877B3F379B41BEE5
:10353000FC617B3FB9B044BEAB3B7B3FC2C547BEDD
:10354000BE147B3F4FDA4ABE37ED7A3F60EE4DBE88
:1035500016C57A3FF10151BE599C7A3F011554BE00
:1035600002737A3F8F2757BE10497A3F97395ABE68
:10357000841E7A3F1A4B5DBE5EF3793F135C60BEDA
:103580009DC7793F836C63BE439B793F667C66BE73
:103590004E6E793FBA8B69BEC040793F7F9A6CBE50
:1035A0009812793FB2A86FBED6E3783F51B672BE8B
:1035B0007BB4783F5AC375BE8684783FCCCF78BE43
:1035C000F853783FA4DB7BBED122783FE1E67EBE94
:1035D00010F1773FC0F880BEB7BE773FC07D82BE96
:1035E000C58B773F700284BE3A58773FCE8685BE42
:1035F0001724773FDA0A87BE5BEF763F938E88BE4B
:1036000007BA763FF8118ABE1B84763F07958BBEBA
:10361000974D763FC0178DBE7A16763F229A8EBEA2
:10362000C6DE753F2C1C90BE7BA6753FDD9D91BE0E
:10363000976D753F351F93BE1D34753F31A094BE05
:103640000BFA743FD22096BE62BF743F17A197BE9B
:103650002284743FFE2099BE4B48743F86A09ABED8
:10366000DD0B743FAF1F9CBED9CE733F789E9DBECD
:103670003F91733FDF1C9FBE0E53733FE59AA0BE80
:103680004714733F8718A2BEEBD4723FC595A3BE03
:10369000F894723F9F12A5BE7054723F128FA6BE5F
:1036A0005213723F1F0BA8BE9FD1713FC486A9BEA3
:1036B000578F713F0102ABBE7A4C713FD47CACBED8
:1036C0000809713F3CF7ADBE02C5703F3A71AFBE0D
:1036D0006680703FCBEAB0BE373B703FEF63B2BE4F
:1036E00073F56F3FA5DCB3BE1BAF6F3FEC54B5BEA7
:1036F00030686F3FC3CCB6BEB0206F3F2A44B8BE1F
:103700009ED86E3F1EBBB9BEF88F6E3FA031BBBEC8
:10371000BE466E3FAFA7BCBEF2FC6D3F4A1DBEBEAB
:1037200093B26D3F6F92BFBEA1676D3F1E07C1BED2
:103730001D1C6D3F557BC2BE07D06C3F15EFC3BE4D
:103740005E836C3F5C62C5BE24366C3F29D5C6BE25
:1037500058E86B3F7C47C8BEFB996B3F53B9C9BE65
:103760000C4B6B3FAE2ACBBE8CFB6A3F8B9BCCBE17
:103770007BAB6A3FEA0BCEBED95A6A3FCA7BCFBE4B
:10378000A7096A3F2AEBD0BEE4B7693F095AD2BE07
:103790009165693F67C8D3BEAE12693F4136D5BE59
:1037A0003CBF683F99A3D6BE396B683F6B10D8BE4B
:1037B000A816683FB97CD9BE87C1673F80E8DABEEA
:1037C000D86B673FC153DCBE9915673F79BEDDBE3C
:1037D000CCBE663FA928DFBE7167663F4F92E0BE50
:1037E000880F663F6AFBE1BE10B7653FFA63E3BE30
:1037F0000B5E653FFECBE4BE7904653F7533E6BEE4
:1038000059AA643F5D9AE7BEAC4F643FB700E9BE7A
:1038100073F4633F8166EABEAC98633FBBCBEBBEFB
:103820005A3C633F6330EDBE7BDF623F7994EEBE6E
:103830001082623FFBF7EFBE1A24623FEA5AF1BEE4
:1038400098C5613F43BDF2BE8A66613F071FF4BE63
:10385000F206613F3580F5BECFA6603FCBE0F6BEF5
:103860002146603FC840F8BEE9E45F3F2DA0F9BEA5
:1038700027835F3FF7FEFABEDB205F3F275DFCBE7C
:1038800005BE5E3FBBBAFDBEA65A5E3FB217FFBE85
:10389000BEF65D3F063A00BF4D925D3FE4E700BFD4
:1038A000532D5D3F739501BFD1C75C3FB14202BF4D
:1038B000C7615C3F9FEF02BF34FB5B3F3D9C03BF92
:1038C0001A945B3F894804BF792C5B3F84F404BFA2
:1038D00050C45A3F2CA005BFA05B5A3F824B06BF85
:1038E0006AF2593F86F606BFAD88593F36A107BF39
:1038F0006A1E593F924B08BFA1B3583F9BF508BFC2
:103900005348583F4E9F09BF7FDC573FAD480ABF21
:103910002670573FB7F10ABF4803573F6B9A0BBF5A
:10392000E595563FC9420CBFFE27563FD0EA0CBF73
:1039300093B9553F81920DBFA44A553FDA390EBF66
:1039400031DB543FDBE00EBF3B6B543F84870FBF3E
:10395000C3FA533FD52D10BFC789533FCDD310BFF6
:103960004918533F6B7911BF49A6523FB01E12BF91
:10397000C633523F9AC312BFC2C0513F2A6813BF19
:103980003D4D513F5F0C14BF37D9503F39B014BF84
:10399000AF64503FB75315BFA8EF4F3FD9F615BFDF
:1039A0001F7A4F3F9F9916BF17044F3F073C17BF21
:1039B000908D4E3F12DE17BF89164E3FC07F18BF55
:1039C000029F4D3F0F2119BFFD264D3F00C219BF79
:1039D00079AE4C3F93621ABF78354C3FC6021BBF8D
:1039E000F8BB4B3F99A21BBFFA414B3F0C421CBF97
:1039F0007FC74A3F1FE11CBF874C4A3FD17F1DBF95
:103A000012D1493F221E1EBF2155493F12BC1EBF85
:103A1000B3D8483F9F591FBFCA5B483FCBF61FBF73
:103A200065DE473F939320BF8560473FF92F21BF55
:103A30002AE2463FFBCB21BF5463463F996722BF32
:103A400003E4453FD30223BF3964453FA99D23BF0B
:103A5000F5E3443F1A3824BF3763443F25D224BFDF
:103A600000E2433FCB6B25BF5160433F0A0526BFB1
:103A700029DE423FE39D26BF895B423F563627BF82
:103A800070D8413F61CE27BFE154413F056628BF52
:103A9000DAD0403F41FD28BF5C4C403F159429BF20
:103AA00067C73F3F802A2ABFFC413F3F82C02ABFF1
:103AB0001BBC3E3F1B562BBFC5353E3F4AEB2BBFC1
:103AC000F9AE3D3F0F802CBFB8273D3F69142DBF95
:103AD00003A03C3F59A82DBFD9173C3FDE3B2EBF6A
:103AE0003B8F3B3FF7CE2EBF29063B3FA5612FBF43
:103AF000A47C3A3FE6F32FBFACF2393FBB8530BF21
:103B00004268393F221731BF65DD383F1DA831BFFC
:103B10001652383FAA3832BF55C6373FC9C832BFE0
:103B2000233A373F7A5833BF7FAD363FBCE733BFC8
:103B30006C20363F8F7634BFE792353FF30435BFB4
:103B4000F304353FE79235BF8F76343F6C2036BFA4
:103B5000BCE7333F7FAD36BF7A58333F233A37BF98
:103B6000C9C8323F55C637BFAA38323F165238BF90
:103B70001DA8313F65DD38BF2217313F426839BF8C
:103B8000BB85303FACF239BFE6F32F3FA47C3ABF90
:103B9000A5612F3F29063BBFF7CE2E3F3B8F3BBF92
:103BA000DE3B2E3FD9173CBF59A82D3F03A03CBF99
:103BB00069142D3FB8273DBF0F802C3FF9AE3DBFA4
:103BC0004AEB2B3FC5353EBF1B562B3F1BBC3EBFB0
:103BD00082C02A3FFC413FBF802A2A3F67C73FBFC0
:103BE0001594293F5C4C40BF41FD283FDAD040BFCF
:103BF0000566283FE15441BF61CE273F70D841BFE1
:103C00005636273F895B42BFE39D263F29DE42BFF0
:103C10000A05263F516043BFCB6B253F00E243BFFF
:103C200025D2243F376344BF1A38243FF5E344BF0D
:103C3000A99D233F396445BFD302233F03E445BF19
:103C40009967223F546346BFFBCB213F2AE246BF20
:103C5000F92F213F856047BF9393203F65DE47BF23
:103C6000CBF61F3FCA5B48BF9F591F3FB3D848BF21
:103C700012BC1E3F215549BF221E1E3F12D149BF13
:103C8000D17F1D3F874C4ABF1FE11C3F7FC74ABF02
:103C90000C421C3FFA414BBF99A21B3FF8BB4BBFE4
:103CA000C6021B3F78354CBF93621A3F79AE4CBFBA
:103CB00000C2193FFD264DBF0F21193F029F4DBF86
:103CC000C07F183F89164EBF12DE173F908D4EBF42
:103CD000073C173F17044FBF9F99163F1F7A4FBFEE
:103CE000D9F6153FA8EF4FBFB753153FAF6450BF8C
:103CF00039B0143F37D950BF5F0C143F3D4D51BF11
:103D00002A68133FC2C051BF9AC3123FC63352BF85
:103D1000B01E123F49A652BF6B79113F491853BFDD
:103D2000CDD3103FC78953BFD52D103FC3FA53BF22
:103D300084870F3F3B6B54BFDBE00E3F31DB54BF4A
:103D4000DA390E3FA44A55BF81920D3F93B955BF52
:103D5000D0EA0C3FFE2756BFC9420C3FE59556BF3F
:103D60006B9A0B3F480357BFB7F10A3F267057BF06
:103D7000AD480A3F7FDC57BF4E9F093F534858BFAD
:103D80009BF5083FA1B358BF924B083F6A1E59BF2D
:103D900036A1073FAD8859BF86F6063F6AF259BF84
:103DA000824B063FA05B5ABF2CA0053F50C45ABFB0
:103DB00084F4043F792C5BBF8948043F1A945BBFAD
:103DC0003D9C033F34FB5BBF9FEF023FC7615CBF7D
:103DD000B142023FD1C75CBF7395013F532D5DBF18
:103DE000E4E7003F4D925DBF063A003FBEF65DBF7F
:103DF000B217FF3EA65A5EBFBBBAFD3E05BE5EBF10
:103E0000275DFC3EDB205FBFF7FEFA3E27835FBFE6
:103E10002DA0F93EE9E45FBFC840F83E214660BFEF
:103E2000CBE0F63ECFA660BF3580F53EF20661BF1F
:103E3000071FF43E8A6661BF43BDF23E98C561BF6D
:103E4000EA5AF13E1A2462BFFBF7EF3E108262BFCE
:103E50007994EE3E7BDF62BF6330ED3E5A3C63BF38
:103E6000BBCBEB3EAC9863BF8166EA3E73F463BFA5
:103E7000B700E93EAC4F64BF5D9AE73E59AA64BF04
:103E80007533E63E790465BFFECBE43E0B5E65BF4D
:103E9000FA63E33E10B765BF6AFBE13E880F66BF79
:103EA0004F92E03E716766BFA928DF3ECCBE66BF79
:103EB00079BEDD3E991567BFC153DC3ED86B67BF45
:103EC00080E8DA3E87C167BFB97CD93EA81668BFD3
:103ED0006B10D83E396B68BF99A3D63E3CBF68BF14
:103EE0004136D53EAE1269BF67C8D33E916569BF02
:103EF000095AD23EE4B769BF2AEBD03EA7096ABF90
:103F0000CA7BCF3ED95A6ABFEA0BCE3E7BAB6ABFB3
:103F10008B9BCC3E8CFB6ABFAE2ACB3E0C4B6BBF5F
:103F200053B9C93EFB996BBF7C47C83E58E86BBF8D
:103F300029D5C63E24366CBF5C62C53E5E836CBF2D
:103F400015EFC33E07D06CBF557BC23E1D1C6DBF35
:103F50001E07C13EA1676DBF6F92BF3E93B26DBF9A
:103F60004A1DBE3EF2FC6DBFAFA7BC3EBE466EBF53
:103F7000A031BB3EF88F6EBF1EBBB93E9ED86EBF50
:103F80002A44B83EB0206FBFC3CCB63E30686FBF86
:103F9000EC54B53E1BAF6FBFA5DCB33E73F56FBFEE
:103FA000EF63B23E373B70BFCBEAB03E668070BF76
:103FB0003A71AF3E02C570BF3CF7AD3E080971BF14
:103FC000D47CAC3E7A4C71BF0102AB3E578F71BFBF
:103FD000C486A93E9FD171BF1F0BA83E521372BF6A
:103FE000128FA63E705472BF9F12A53EF89472BF06
:103FF000C595A33EEBD472BF8718A23E471473BF8A
:10400000E59AA03E0E5373BFDF1C9F3E3F9173BFE6
:10401000789E9D3ED9CE73BFAF1F9C3EDD0B74BF13
:1040200086A09A3E4B4874BFFE20993E228474BFFE
:1040300017A1973E62BF74BFD220963E0BFA74BFA1
:1040400031A0943E1D3475BF351F933E976D75BFEB
:10405000DD9D913E7BA675BF2C1C903EC6DE75BFD4
:10406000229A8E3E7A1676BFC0178D3E974D76BF48
:1040700007958B3E1B8476BFF8118A3E07BA76BF40
:10408000938E883E5BEF76BFDA0A873E172477BFB0
:10409000CE86853E3A5877BF7002843EC58B77BF87
:1040A000C07D823EB7BE77BFC0F8803E10F177BFBB
:1040B000E1E67E3ED12278BFA4DB7B3EF85378BF99
:1040C000CCCF783E868478BF5AC3753E7BB478BF28
:1040D00051B6723ED6E378BFB2A86F3E981279BF50
:1040E0007F9A6C3EC04079BFBA8B693E4E6E79BFF5
:1040F000667C663E439B79BF836C633E9DC779BFF8
:10410000135C603E5EF379BF1A4B5D3E841E7ABF3E
:1041100097395A3E10497ABF8F27573E02737ABFAC
:104120000115543E599C7ABFF101513E16C57ABF24
:1041300060EE4D3E37ED7ABF4FDA4A3EBE147BBF8C
:10414000C2C5473EAB3B7BBFB9B0443EFC617BBFC1
:10415000379B413EB2877BBF3E853E3ECDAC7BBFA9
:10416000CF6E3B3E4DD17BBFEC57383E31F57BBF28
:104170009840353E7A187CBFD428323E283B7CBF1D
:10418000A2102F3E3A5D7CBF04F82B3EB07E7CBF70
:10419000FCDE283E8A9F7CBF8CC5253EC9BF7CBF04
:1041A000B6AB223E6CDF7CBF7B911F3E73FE7CBFB3
:1041B000DE761C3EDD1C7DBFE05B193EAC3A7DBF68
:1041C0008340163EDE577DBFCA24133E74747DBF04
:1041D000B708103E6E907DBF4AEC0C3ECCAB7DBF65
:1041E00086CF093E8CC67DBF6EB2063EB1E07DBF74
:1041F0000295033E38FA7DBF4577003E24137EBF0B
:1042000073B2FA3D722B7EBFC075F43D23437EBF6F
:104210007638EE3D385A7EBF9AFAE73DB0707EBFE1
:104220002EBCE13D8B867EBF377DDB3DC99B7EBFCB
:10423000B93DD53D69B07EBFB7FDCE3D6DC47EBFF3
:1042400036BDC83DD4D77EBF397CC23D9DEA7EBF16
:10425000C33ABC3DC9FC7EBFDAF8B53D580E7FBFFE
:1042600080B6AF3D491F7FBFBA73A93D9D2F7FBF69
:104270008C30A33D543F7FBFF9EC9C3D6D4E7FBF1A
:1042800005A9963DE95C7FBFB464903DC76A7FBFD6
:104290000A208A3D08787FBF0ADB833DAB847FBF5D
:1042A000742B7B3DB1907FBF38A06E3D189C7FBFC3
:1042B0006814623DE3A67FBF0E88553D0FB17FBFF6
:1042C0002FFB483D9EBA7FBFD56D3C3D8FC37FBF5E
:1042D00007E02F3DE2CB7FBFCC51233D98D37FBF7A
:1042E0002CC3163DAFDA7FBF2F340A3D29E17FBFD3
:1042F000B949FB3C05E77FBF7B2AE23C43EC7FBF2B
:10430000B00AC93CE3F07FBF69EAAF3CE6F47FBF87
:10431000B6C9963C4AF87FBF4B517B3C11FB7FBF2F
:10432000900E493C39FD7FBF59CB163CC4FE7FBF80
:10433000890FC93BB1FF7FBFC70F493B000080BF5A
:1043400000000000B1FF7FBFC70F49BBC4FE7FBFA5
:10435000890FC9BB39FD7FBF59CB16BC11FB7FBF8D
:10436000900E49BC4AF87FBF4B517BBCE6F47FBF3F
:10437000B6C996BCE3F07FBF69EAAFBC43EC7FBF30
:10438000B00AC9BC05E77FBF7B2AE2BC29E17FBF39
:10439000B949FBBCAFDA7FBF2F340ABD98D37FBFCA
:1043A0002CC316BDE2CB7FBFCC5123BD8FC37FBFD3
:1043B00007E02FBD9EBA7FBFD56D3CBD0FB17FBF5B
:1043C0002FFB48BDE3A67FBF0E8855BD189C7FBF5D
:1043D000681462BDB1907FBF38A06EBDAB847FBF53
:1043E000742B7BBD08787FBF0ADB83BDC76A7FBFA4
:1043F0000A208ABDE95C7FBFB46490BD6D4E7FBF6B
:1044000005A996BD543F7FBFF9EC9CBD9D2F7FBF92
:104410008C30A3BD491F7FBFBA73A9BD580E7FBFA3
:1044200080B6AFBDC9FC7EBFDAF8B5BD9DEA7EBFE0
:10443000C33ABCBDD4D77EBF397CC2BD6DC47EBF7C
:1044400036BDC8BD69B07EBFB7FDCEBDC99B7EBFBE
:10445000B93DD5BD8B867EBF377DDBBDB0707EBFDD
:104460002EBCE1BD385A7EBF9AFAE7BD23437EBF1A
:104470007638EEBD722B7EBFC075F4BD24137EBFAF
:1044800073B2FABD38FA7DBF457700BEB1E07DBF9B
:10449000029503BE8CC67DBF6EB206BECCAB7DBF9F
:1044A00086CF09BE6E907DBF4AEC0CBE74747DBF92
:1044B000B70810BEDE577DBFCA2413BEAC3A7DBF1D
:1044C000834016BEDD1C7DBFE05B19BE73FE7CBF62
:1044D000DE761CBE6CDF7CBF7B911FBEC9BF7CBF7C
:1044E000B6AB22BE8A9F7CBF8CC525BEB07E7CBF8A
:1044F000FCDE28BE3A5D7CBF04F82BBE283B7CBFA7
:10450000A2102FBE7A187CBFD42832BE31F57BBFF3
:10451000984035BE4DD17BBFEC5738BECDAC7BBF8C
:10452000CF6E3BBEB2877BBF3E853EBEFC617BBF8C
:10453000379B41BEAB3B7BBFB9B044BEBE147BBF13
:10454000C2C547BE37ED7ABF4FDA4ABE16C57ABF3D
:1045500060EE4DBE599C7ABFF10151BE02737ABF25
:10456000011554BE10497ABF8F2757BE841E7ABFEB
:1045700097395ABE5EF379BF1A4B5DBE9DC779BFAE
:10458000135C60BE439B79BF836C63BE4E6E79BF84
:10459000667C66BEC04079BFBA8B69BE981279BF8F
:1045A0007F9A6CBED6E378BFB2A86FBE7BB478BFEB
:1045B00051B672BE868478BF5AC375BEF85378BFB1
:1045C000CCCF78BED12278BFA4DB7BBE10F177BF01
:1045D000E1E67EBEB7BE77BFC0F880BEC58B77BFB1
:1045E000C07D82BE3A5877BF700284BE172477BF61
:1045F000CE8685BE5BEF76BFDA0A87BE07BA76BF86
:10460000938E88BE1B8476BFF8118ABE974D76BF05
:1046100007958BBE7A1676BFC0178DBEC6DE75BFF6
:10462000229A8EBE7BA675BF2C1C90BE976D75BF5F
:10463000DD9D91BE1D3475BF351F93BE0BFA74BF4F
:1046400031A094BE62BF74BFD22096BE228474BFD4
:1046500017A197BE4B4874BFFE2099BEDD0B74BFF7
:1046600086A09ABED9CE73BFAF1F9CBE3F9173BFC9
:10467000789E9DBE0E5373BFDF1C9FBE471473BF51
:10468000E59AA0BEEBD472BF8718A2BEF89472BFA1
:10469000C595A3BE705472BF9F12A5BE521372BFC0
:1046A000128FA6BE9FD171BF1F0BA8BE578F71BFBF
:1046B000C486A9BE7A4C71BF0102ABBE080971BFA6
:1046C000D47CACBE02C570BF3CF7ADBE668070BF87
:1046D0003A71AFBE373B70BFCBEAB0BE73F56FBF68
:1046E000EF63B2BE1BAF6FBFA5DCB3BE30686FBF58
:1046F000EC54B5BEB0206FBFC3CCB6BE9ED86EBF63
:104700002A44B8BEF88F6EBF1EBBB9BEBE466EBF90
:10471000A031BBBEF2FC6DBFAFA7BCBE93B26DBFF4
:104720004A1DBEBEA1676DBF6F92BFBE1D1C6DBF8F
:104730001E07C1BE07D06CBF557BC2BE5E836CBF77
:1047400015EFC3BE24366CBF5C62C5BE58E86BBFB4
:1047500029D5C6BEFB996BBF7C47C8BE0C4B6BBF4F
:1047600053B9C9BE8CFB6ABFAE2ACBBE7BAB6ABF56
:104770008B9BCCBED95A6ABFEA0BCEBEA7096ABFD3
:10478000CA7BCFBEE4B769BF2AEBD0BE916569BFD3
:10479000095AD2BEAE1269BF67C8D3BE3CBF68BF5C
:1047A0004136D5BE396B68BF99A3D6BEA81668BF7F
:1047B0006B10D8BE87C167BFB97CD9BED86B67BF45
:1047C00080E8DABE991567BFC153DCBECCBE66BFB8
:1047D00079BEDDBE716766BFA928DFBE880F66BFE0
:1047E0004F92E0BE10B765BF6AFBE1BE0B5E65BFCE
:1047F000FA63E3BE790465BFFECBE4BE59AA64BF89
:104800007533E6BEAC4F64BF5D9AE7BE73F463BF19
:10481000B700E9BEAC9863BF8166EABE5A3C63BF8D
:10482000BBCBEBBE7BDF62BF6330EDBE108262BFED
:104830007994EEBE1A2462BFFBF7EFBE98C561BF44
:10484000EA5AF1BE8A6661BF43BDF2BEF20661BF9D
:10485000071FF4BECFA660BF3580F5BE214660BFFE
:10486000CBE0F6BEE9E45FBFC840F8BE27835FBF78
:104870002DA0F9BEDB205FBFF7FEFABE05BE5EBF0E
:10488000275DFCBEA65A5EBFBBBAFDBEBEF65DBFCD
:10489000B217FFBE4D925DBF063A00BF532D5DBFFC
:1048A000E4E700BFD1C75CBF739501BFC7615CBFC0
:1048B000B14202BF34FB5BBF9FEF02BF1A945BBFE4
:1048C0003D9C03BF792C5BBF894804BF50C45ABFCD
:1048D00084F404BFA05B5ABF2CA005BF6AF259BF85
:1048E000824B06BFAD8859BF86F606BF6A1E59BF08
:1048F00036A107BFA1B358BF924B08BF534858BF5A
:104900009BF508BF7FDC57BF4E9F09BF267057BF7E
:10491000AD480ABF480357BFB7F10ABFE59556BF78
:104920006B9A0BBFFE2756BFC9420CBF93B955BF48
:10493000D0EA0CBFA44A55BF81920DBF31DB54BFF2
:10494000DA390EBF3B6B54BFDBE00EBFC3FA53BF77
:1049500084870FBFC78953BFD52D10BF491853BFD8
:10496000CDD310BF49A652BF6B7911BFC63352BF1A
:10497000B01E12BFC2C051BF9AC312BF3D4D51BF3E
:104980002A6813BF37D950BF5F0C14BFAF6450BF44
:1049900039B014BFA8EF4FBFB75315BF1F7A4FBF31
:1049A000D9F615BF17044FBF9F9916BF908D4EBF04
:1049B000073C17BF89164EBF12DE17BF029F4DBFBF
:1049C000C07F18BFFD264DBF0F2119BF79AE4CBF68
:1049D00000C219BF78354CBF93621ABFF8BB4BBFFA
:1049E000C6021BBFFA414BBF99A21BBF7FC74ABF7C
:1049F0000C421CBF874C4ABF1FE11CBF12D149BFEC
:104A0000D17F1DBF215549BF221E1EBFB3D848BF4D
:104A100012BC1EBFCA5B48BF9F591FBF65DE47BFA0
:104A2000CBF61FBF856047BF939320BF2AE246BFE6
:104A3000F92F21BF546346BFFBCB21BF03E445BF21
:104A4000996722BF396445BFD30223BFF5E344BF52
:104A5000A99D23BF376344BF1A3824BF00E243BF78
:104A600025D224BF516043BFCB6B25BF29DE42BF97
:104A70000A0526BF895B42BFE39D26BF70D841BFB0
:104A8000563627BFE15441BF61CE27BFDAD040BFC1
:104A9000056628BF5C4C40BF41FD28BF67C73FBFCC
:104AA000159429BFFC413FBF802A2ABF1BBC3EBFD3
:104AB00082C02ABFC5353EBF1B562BBFF9AE3DBFD6
:104AC0004AEB2BBFB8273DBF0F802CBF03A03CBFD4
:104AD00069142DBFD9173CBF59A82DBF3B8F3BBFD1
:104AE000DE3B2EBF29063BBFF7CE2EBFA47C3ABFCC
:104AF000A5612FBFACF239BFE6F32FBF426839BFC3
:104B0000BB8530BF65DD38BF221731BF165238BFB5
:104B10001DA831BF55C637BFAA3832BF233A37BFA9
:104B2000C9C832BF7FAD36BF7A5833BF6C2036BF9D
:104B3000BCE733BFE79235BF8F7634BFF30435BF90
:104B4000F30435BF8F7634BFE79235BFBCE733BF80
:104B50006C2036BF7A5833BF7FAD36BFC9C832BF6D
:104B6000233A37BFAA3832BF55C637BF1DA831BF59
:104B7000165238BF221731BF65DD38BFBB8530BF45
:104B8000426839BFE6F32FBFACF239BFA5612FBF32
:104B9000A47C3ABFF7CE2EBF29063BBFDE3B2EBF1B
:104BA0003B8F3BBF59A82DBFD9173CBF69142DBF00
:104BB00003A03CBF0F802CBFB8273DBF4AEB2BBFE3
:104BC000F9AE3DBF1B562BBFC5353EBF82C02ABFC5
:104BD0001BBC3EBF802A2ABFFC413FBF159429BFA2
:104BE00067C73FBF41FD28BF5C4C40BF056628BF7B
:104BF000DAD040BF61CE27BFE15441BF563627BF50
:104C000070D841BFE39D26BF895B42BF0A0526BF1E
:104C100029DE42BFCB6B25BF516043BF25D224BFE5
:104C200000E243BF1A3824BF376344BFA99D23BFA6
:104C3000F5E344BFD30223BF396445BF996722BF60
:104C400003E445BFFBCB21BF546346BFF92F21BF0F
:104C50002AE246BF939320BF856047BFCBF61FBFB4
:104C600065DE47BF9F591FBFCA5B48BF12BC1EBF4E
:104C7000B3D848BF221E1EBF215549BFD17F1DBFDB
:104C800012D149BF1FE11CBF874C4ABF0C421CBF59
:104C90007FC74ABF99A21BBFFA414BBFC6021BBFC9
:104CA000F8BB4BBF93621ABF78354CBF00C219BF27
:104CB00079AE4CBF0F2119BFFD264DBFC07F18BF75
:104CC000029F4DBF12DE17BF89164EBF073C17BFAC
:104CD000908D4EBF9F9916BF17044FBFD9F615BFD1
:104CE0001F7A4FBFB75315BFA8EF4FBF39B014BFDE
:104CF000AF6450BF5F0C14BF37D950BF2A6813BFD1
:104D00003D4D51BF9AC312BFC2C051BFB01E12BFAA
:104D1000C63352BF6B7911BF49A652BFCDD310BF66
:104D2000491853BFD52D10BFC78953BF84870FBF04
:104D3000C3FA53BFDBE00EBF3B6B54BFDA390EBF83
:104D400031DB54BF81920DBFA44A55BFD0EA0CBFDE
:104D500093B955BFC9420CBFFE2756BF6B9A0BBF14
:104D6000E59556BFB7F10ABF480357BFAD480ABF24
:104D7000267057BF4E9F09BF7FDC57BF9BF508BF0A
:104D8000534858BF924B08BFA1B358BF36A107BFC5
:104D90006A1E59BF86F606BFAD8859BF824B06BF53
:104DA0006AF259BF2CA005BFA05B5ABF84F404BFB0
:104DB00050C45ABF894804BF792C5BBF3D9C03BFD8
:104DC0001A945BBF9FEF02BF34FB5BBFB14202BFCF
:104DD000C7615CBF739501BFD1C75CBFE4E700BF8B
:104DE000532D5DBF063A00BF4D925DBFB217FFBEA7
:104DF000BEF65DBFBBBAFDBEA65A5EBF275DFCBE58
:104E000005BE5EBFF7FEFABEDB205FBF2DA0F9BE78
:104E100027835FBFC840F8BEE9E45FBFCBE0F6BEC2
:104E2000214660BF3580F5BECFA660BF071FF4BE28
:104E3000F20661BF43BDF2BE8A6661BFEA5AF1BEA7
:104E400098C561BFFBF7EFBE1A2462BF7994EEBE2E
:104E5000108262BF6330EDBE7BDF62BFBBCBEBBEB7
:104E60005A3C63BF8166EABEAC9863BFB700E9BE37
:104E700073F463BF5D9AE7BEAC4F64BF7533E6BEA3
:104E800059AA64BFFECBE4BE790465BFFA63E3BEF2
:104E90000B5E65BF6AFBE1BE10B765BF4F92E0BE17
:104EA000880F66BFA928DFBE716766BF79BEDDBE09
:104EB000CCBE66BFC153DCBE991567BF80E8DABEC1
:104EC000D86B67BFB97CD9BE87C167BF6B10D8BE2E
:104ED000A81668BF99A3D6BE396B68BF4136D5BE48
:104EE0003CBF68BF67C8D3BEAE1269BF095AD2BE05
:104EF000916569BF2AEBD0BEE4B769BFCA7BCFBE5C
:104F0000A7096ABFEA0BCEBED95A6ABF8B9BCCBE3B
:104F10007BAB6ABFAE2ACBBE8CFB6ABF53B9C9BE9E
:104F20000C4B6BBF7C47C8BEFB996BBF29D5C6BE77
:104F300058E86BBF5C62C5BE24366CBF15EFC3BEBC
:104F40005E836CBF557BC2BE07D06CBF1E07C1BE5F
:104F50001D1C6DBF6F92BFBEA1676DBF4A1DBEBE57
:104F600093B26DBFAFA7BCBEF2FC6DBFA031BBBE9C
:104F7000BE466EBF1EBBB9BEF88F6EBF2A44B8BE18
:104F80009ED86EBFC3CCB6BEB0206FBFEC54B5BECA
:104F900030686FBFA5DCB3BE1BAF6FBFEF63B2BE9F
:104FA00073F56FBFCBEAB0BE373B70BF3A71AFBE8F
:104FB000668070BF3CF7ADBE02C570BFD47CACBE8E
:104FC000080971BF0102ABBE7A4C71BFC486A9BE8D
:104FD000578F71BF1F0BA8BE9FD171BF128FA6BE86
:104FE000521372BF9F12A5BE705472BFC595A3BE67
:104FF000F89472BF8718A2BEEBD472BFE59AA0BE28
:10500000471473BFDF1C9FBE0E5373BF789E9DBEB7
:105010003F9173BFAF1F9CBED9CE73BF86A09ABE0F
:10502000DD0B74BFFE2099BE4B4874BF17A197BE1D
:10503000228474BFD22096BE62BF74BF31A094BEDA
:105040000BFA74BF351F93BE1D3475BFDD9D91BE35
:10505000976D75BF2C1C90BE7BA675BF229A8EBE25
:10506000C6DE75BFC0178DBE7A1676BF07958BBE9C
:10507000974D76BFF8118ABE1B8476BF938E88BE8B
:1050800007BA76BFDA0A87BE5BEF76BFCE8685BEEB
:10509000172477BF700284BE3A5877BFC07D82BEA6
:1050A000C58B77BFC0F880BEB7BE77BFE1E67EBED6
:1050B00010F177BFA4DB7BBED12278BFCCCF78BE06
:1050C000F85378BF5AC375BE868478BF51B672BE96
:1050D0007BB478BFB2A86FBED6E378BF7F9A6CBEB0
:1050E000981279BFBA8B69BEC04079BF667C66BE34
:1050F0004E6E79BF836C63BE439B79BF135C60BE09
:105100009DC779BF1A4B5DBE5EF379BF97395ABE12
:10511000841E7ABF8F2757BE10497ABF011554BE2F
:1051200002737ABFF10151BE599C7ABF60EE4DBE49
:1051300016C57ABF4FDA4ABE37ED7ABFC2C547BE41
:10514000BE147BBFB9B044BEAB3B7BBF379B41BEF7
:10515000FC617BBF3E853EBEB2877BBFCF6E3BBE50
:10516000CDAC7BBFEC5738BE4DD17BBF984035BE30
:1051700031F57BBFD42832BE7A187CBFA2102FBE77
:10518000283B7CBF04F82BBE3A5D7CBFFCDE28BE0A
:10519000B07E7CBF8CC525BE8A9F7CBFB6AB22BECD
:1051A000C9BF7CBF7B911FBE6CDF7CBFDE761CBE9F
:1051B00073FE7CBFE05B19BEDD1C7DBF834016BE65
:1051C000AC3A7DBFCA2413BEDE577DBFB70810BE00
:1051D00074747DBF4AEC0CBE6E907DBF86CF09BE55
:1051E000CCAB7DBF6EB206BE8CC67DBF029503BE42
:1051F000B1E07DBF457700BE38FA7DBF73B2FABD1E
:1052000024137EBFC075F4BD722B7EBF7638EEBD11
:1052100023437EBF9AFAE7BD385A7EBF2EBCE1BD5C
:10522000B0707EBF377DDBBD8B867EBFB93DD5BDFF
:10523000C99B7EBFB7FDCEBD69B07EBF36BDC8BDC0
:105240006DC47EBF397CC2BDD4D77EBFC33ABCBD5E
:105250009DEA7EBFDAF8B5BDC9FC7EBF80B6AFBDA2
:10526000580E7FBFBA73A9BD491F7FBF8C30A3BD45
:105270009D2F7FBFF9EC9CBD543F7FBF05A996BD14
:105280006D4E7FBFB46490BDE95C7FBF0A208ABDCC
:10529000C76A7FBF0ADB83BD08787FBF742B7BBDE5
:1052A000AB847FBF38A06EBDB1907FBF681462BD74
:1052B000189C7FBF0E8855BDE3A67FBF2FFB48BD5E
:1052C0000FB17FBFD56D3CBD9EBA7FBF07E02FBD3C
:1052D0008FC37FBFCC5123BDE2CB7FBF2CC316BD94
:1052E00098D37FBF2F340ABDAFDA7FBFB949FBBC6B
:1052F00029E17FBF7B2AE2BC05E77FBFB00AC9BCBA
:1053000043EC7FBF69EAAFBCE3F07FBFB6C996BC90
:10531000E6F47FBF4B517BBC4AF87FBF900E49BC7F
:1053200011FB7FBF59CB16BC39FD7FBF890FC9BBAD
:10533000C4FE7FBFC70F49BBB1FF7FBF0000008025
:10534000000080BFC70F493BB1FF7FBF890FC93B3A
:10535000C4FE7FBF59CB163C39FD7FBF900E493C40
:1053600011FB7FBF4B517B3C4AF87FBFB6C9963CCF
:10537000E6F47FBF69EAAF3CE3F07FBFB00AC93C07
:1053800043EC7FBF7B2AE23C05E77FBFB949FB3C8A
:1053900029E17FBF2F340A3DAFDA7FBF2CC3163D12
:1053A00098D37FBFCC51233DE2CB7FBF07E02F3D99
:1053B0008FC37FBFD56D3C3D9EBA7FBF2FFB483D5D
:1053C0000FB17FBF0E88553DE3A67FBF6814623DD5
:1053D000189C7FBF38A06E3DB1907FBF742B7B3D82
:1053E000AB847FBF0ADB833D08787FBF0A208A3DFC
:1053F000C76A7FBFB464903DE95C7FBF05A9963D55
:105400006D4E7FBFF9EC9C3D543F7FBF8C30A33D78
:105410009D2F7FBFBA73A93D491F7FBF80B6AF3DA7
:10542000580E7FBFDAF8B53DC9FC7EBFC33ABC3D1C
:105430009DEA7EBF397CC23DD4D77EBF36BDC83D14
:105440006DC47EBFB7FDCE3D69B07EBFB93DD53DD1
:10545000C99B7EBF377DDB3D8B867EBF2EBCE13D89
:10546000B0707EBF9AFAE73D385A7EBF7638EE3D7F
:1054700023437EBFC075F43D722B7EBF73B2FA3DED
:1054800024137EBF4577003E38FA7DBF0295033E68
:10549000B1E07DBF6EB2063E8CC67DBF86CF093EB1
:1054A000CCAB7DBF4AEC0C3E6E907DBFB708103E82
:1054B00074747DBFCA24133EDE577DBF8340163E01
:1054C000AC3A7DBFE05B193EDD1C7DBFDE761C3E45
:1054D00073FE7CBF7B911F3E6CDF7CBFB6AB223E70
:1054E000C9BF7CBF8CC5253E8A9F7CBFFCDE283EA1
:1054F000B07E7CBF04F82B3E3A5D7CBFA2102F3EED
:10550000283B7CBFD428323E7A187CBF9840353E79
:1055100031F57BBFEC57383E4DD17BBFCF6E3B3E64
:10552000CDAC7BBF3E853E3EB2877BBF379B413EC5
:10553000FC617BBFB9B0443EAB3B7BBFC2C5473EBD
:10554000BE147BBF4FDA4A3E37ED7ABF60EE4D3E68
:1055500016C57ABFF101513E599C7ABF0115543EE0
:1055600002737ABF8F27573E10497ABF97395A3E48
:10557000841E7ABF1A4B5D3E5EF379BF135C603EBA
:105580009DC779BF836C633E439B79BF667C663E53
:105590004E6E79BFBA8B693EC04079BF7F9A6C3E30
:1055A000981279BFB2A86F3ED6E378BF51B6723E6B
:1055B0007BB478BF5AC3753E868478BFCCCF783E23
:1055C000F85378BFA4DB7B3ED12278BFE1E67E3E74
:1055D00010F177BFC0F8803EB7BE77BFC07D823E76
:1055E000C58B77BF7002843E3A5877BFCE86853E22
:1055F000172477BFDA0A873E5BEF76BF938E883E2B
:1056000007BA76BFF8118A3E1B8476BF07958B3E9A
:10561000974D76BFC0178D3E7A1676BF229A8E3E82
:10562000C6DE75BF2C1C903E7BA675BFDD9D913EEE
:10563000976D75BF351F933E1D3475BF31A0943EE5
:105640000BFA74BFD220963E62BF74BF17A1973E7B
:10565000228474BFFE20993E4B4874BF86A09A3EB8
:10566000DD0B74BFAF1F9C3ED9CE73BF789E9D3EAD
:105670003F9173BFDF1C9F3E0E5373BFE59AA03E60
:10568000471473BF8718A23EEBD472BFC595A33EE3
:10569000F89472BF9F12A53E705472BF128FA63E3F
:1056A000521372BF1F0BA83E9FD171BFC486A93E83
:1056B000578F71BF0102AB3E7A4C71BFD47CAC3EB8
:1056C000080971BF3CF7AD3E02C570BF3A71AF3EED
:1056D000668070BFCBEAB03E373B70BFEF63B23E2F
:1056E00073F56FBFA5DCB33E1BAF6FBFEC54B53E87
:1056F00030686FBFC3CCB63EB0206FBF2A44B83EFF
:105700009ED86EBF1EBBB93EF88F6EBFA031BB3EA8
:10571000BE466EBFAFA7BC3EF2FC6DBF4A1DBE3E8B
:1057200093B26DBF6F92BF3EA1676DBF1E07C13EB2
:105730001D1C6DBF557BC23E07D06CBF15EFC33E2D
:105740005E836CBF5C62C53E24366CBF29D5C63E05
:1057500058E86BBF7C47C83EFB996BBF53B9C93E45
:105760000C4B6BBFAE2ACB3E8CFB6ABF8B9BCC3EF7
:105770007BAB6ABFEA0BCE3ED95A6ABFCA7BCF3E2B
:10578000A7096ABF2AEBD03EE4B769BF095AD23EE7
:10579000916569BF67C8D33EAE1269BF4136D53E39
:1057A0003CBF68BF99A3D63E396B68BF6B10D83E2B
:1057B000A81668BFB97CD93E87C167BF80E8DA3ECA
:1057C000D86B67BFC153DC3E991567BF79BEDD3E1C
:1057D000CCBE66BFA928DF3E716766BF4F92E03E30
:1057E000880F66BF6AFBE13E10B765BFFA63E33E10
:1057F0000B5E65BFFECBE43E790465BF7533E63EC4
:1058000059AA64BF5D9AE73EAC4F64BFB700E93E5A
:1058100073F463BF8166EA3EAC9863BFBBCBEB3EDB
:105820005A3C63BF6330ED3E7BDF62BF7994EE3E4E
:10583000108262BFFBF7EF3E1A2462BFEA5AF13EC4
:1058400098C561BF43BDF23E8A6661BF071FF43E43
:10585000F20661BF3580F53ECFA660BFCBE0F63ED5
:10586000214660BFC840F83EE9E45FBF2DA0F93E85
:1058700027835FBFF7FEFA3EDB205FBF275DFC3E5C
:1058800005BE5EBFBBBAFD3EA65A5EBFB217FF3E65
:10589000BEF65DBF063A003F4D925DBFE4E7003FB4
:1058A000532D5DBF7395013FD1C75CBFB142023F2D
:1058B000C7615CBF9FEF023F34FB5BBF3D9C033F72
:1058C0001A945BBF8948043F792C5BBF84F4043F82
:1058D00050C45ABF2CA0053FA05B5ABF824B063F65
:1058E0006AF259BF86F6063FAD8859BF36A1073F19
:1058F0006A1E59BF924B083FA1B358BF9BF5083FA2
:10590000534858BF4E9F093F7FDC57BFAD480A3F01
:10591000267057BFB7F10A3F480357BF6B9A0B3F3A
:10592000E59556BFC9420C3FFE2756BFD0EA0C3F53
:1059300093B955BF81920D3FA44A55BFDA390E3F46
:1059400031DB54BFDBE00E3F3B6B54BF84870F3F1E
:10595000C3FA53BFD52D103FC78953BFCDD3103FD6
:10596000491853BF6B79113F49A652BFB01E123F71
:10597000C63352BF9AC3123FC2C051BF2A68133FF9
:105980003D4D51BF5F0C143F37D950BF39B0143F64
:10599000AF6450BFB753153FA8EF4FBFD9F6153FBF
:1059A0001F7A4FBF9F99163F17044FBF073C173F01
:1059B000908D4EBF12DE173F89164EBFC07F183F35
:1059C000029F4DBF0F21193FFD264DBF00C2193F59
:1059D00079AE4CBF93621A3F78354CBFC6021B3F6D
:1059E000F8BB4BBF99A21B3FFA414BBF0C421C3F77
:1059F0007FC74ABF1FE11C3F874C4ABFD17F1D3F75
:105A000012D149BF221E1E3F215549BF12BC1E3F65
:105A1000B3D848BF9F591F3FCA5B48BFCBF61F3F53
:105A200065DE47BF9393203F856047BFF92F213F35
:105A30002AE246BFFBCB213F546346BF9967223F12
:105A400003E445BFD302233F396445BFA99D233FEB
:105A5000F5E344BF1A38243F376344BF25D2243FBF
:105A600000E243BFCB6B253F516043BF0A05263F91
:105A700029DE42BFE39D263F895B42BF5636273F62
:105A800070D841BF61CE273FE15441BF0566283F32
:105A9000DAD040BF41FD283F5C4C40BF1594293F00
:105AA00067C73FBF802A2A3FFC413FBF82C02A3FD1
:105AB0001BBC3EBF1B562B3FC5353EBF4AEB2B3FA1
:105AC000F9AE3DBF0F802C3FB8273DBF69142D3F75
:105AD00003A03CBF59A82D3FD9173CBFDE3B2E3F4A
:105AE0003B8F3BBFF7CE2E3F29063BBFA5612F3F23
:105AF000A47C3ABFE6F32F3FACF239BFBB85303F01
:105B0000426839BF2217313F65DD38BF1DA8313FDC
:105B1000165238BFAA38323F55C637BFC9C8323FC0
:105B2000233A37BF7A58333F7FAD36BFBCE7333FA8
:105B30006C2036BF8F76343FE79235BFF304353F94
:105B4000F30435BFE792353F8F7634BF6C20363F84
:105B5000BCE733BF7FAD363F7A5833BF233A373F78
:105B6000C9C832BF55C6373FAA3832BF1652383F70
:105B70001DA831BF65DD383F221731BF4268393F6C
:105B8000BB8530BFACF2393FE6F32FBFA47C3A3F70
:105B9000A5612FBF29063B3FF7CE2EBF3B8F3B3F72
:105BA000DE3B2EBFD9173C3F59A82DBF03A03C3F79
:105BB00069142DBFB8273D3F0F802CBFF9AE3D3F84
:105BC0004AEB2BBFC5353E3F1B562BBF1BBC3E3F90
:105BD00082C02ABFFC413F3F802A2ABF67C73F3FA0
:105BE000159429BF5C4C403F41FD28BFDAD0403FAF
:105BF000056628BFE154413F61CE27BF70D8413FC1
:105C0000563627BF895B423FE39D26BF29DE423FD0
:105C10000A0526BF5160433FCB6B25BF00E2433FDF
:105C200025D224BF3763443F1A3824BFF5E3443FED
:105C3000A99D23BF3964453FD30223BF03E4453FF9
:105C4000996722BF5463463FFBCB21BF2AE2463F00
:105C5000F92F21BF8560473F939320BF65DE473F03
:105C6000CBF61FBFCA5B483F9F591FBFB3D8483F01
:105C700012BC1EBF2155493F221E1EBF12D1493FF3
:105C8000D17F1DBF874C4A3F1FE11CBF7FC74A3FE2
:105C90000C421CBFFA414B3F99A21BBFF8BB4B3FC4
:105CA000C6021BBF78354C3F93621ABF79AE4C3F9A
:105CB00000C219BFFD264D3F0F2119BF029F4D3F66
:105CC000C07F18BF89164E3F12DE17BF908D4E3F22
:105CD000073C17BF17044F3F9F9916BF1F7A4F3FCE
:105CE000D9F615BFA8EF4F3FB75315BFAF64503F6C
:105CF00039B014BF37D9503F5F0C14BF3D4D513FF1
:105D00002A6813BFC2C0513F9AC312BFC633523F65
:105D1000B01E12BF49A6523F6B7911BF4918533FBD
:105D2000CDD310BFC789533FD52D10BFC3FA533F02
:105D300084870FBF3B6B543FDBE00EBF31DB543F2A
:105D4000DA390EBFA44A553F81920DBF93B9553F32
:105D5000D0EA0CBFFE27563FC9420CBFE595563F1F
:105D60006B9A0BBF4803573FB7F10ABF2670573FE6
:105D7000AD480ABF7FDC573F4E9F09BF5348583F8D
:105D80009BF508BFA1B3583F924B08BF6A1E593F0D
:105D900036A107BFAD88593F86F606BF6AF2593F64
:105DA000824B06BFA05B5A3F2CA005BF50C45A3F90
:105DB00084F404BF792C5B3F894804BF1A945B3F8D
:105DC0003D9C03BF34FB5B3F9FEF02BFC7615C3F5D
:105DD000B14202BFD1C75C3F739501BF532D5D3FF8
:105DE000E4E700BF4D925D3F063A00BFBEF65D3F5F
:105DF000B217FFBEA65A5E3FBBBAFDBE05BE5E3FF0
:105E0000275DFCBEDB205F3FF7FEFABE27835F3FC6
:105E10002DA0F9BEE9E45F3FC840F8BE2146603FCF
:105E2000CBE0F6BECFA6603F3580F5BEF206613FFF
:105E3000071FF4BE8A66613F43BDF2BE98C5613F4D
:105E4000EA5AF1BE1A24623FFBF7EFBE1082623FAE
:105E50007994EEBE7BDF623F6330EDBE5A3C633F18
:105E6000BBCBEBBEAC98633F8166EABE73F4633F85
:105E7000B700E9BEAC4F643F5D9AE7BE59AA643FE4
:105E80007533E6BE7904653FFECBE4BE0B5E653F2D
:105E9000FA63E3BE10B7653F6AFBE1BE880F663F59
:105EA0004F92E0BE7167663FA928DFBECCBE663F59
:105EB00079BEDDBE9915673FC153DCBED86B673F25
:105EC00080E8DABE87C1673FB97CD9BEA816683FB3
:105ED0006B10D8BE396B683F99A3D6BE3CBF683FF4
:105EE0004136D5BEAE12693F67C8D3BE9165693FE2
:105EF000095AD2BEE4B7693F2AEBD0BEA7096A3F70
:105F0000CA7BCFBED95A6A3FEA0BCEBE7BAB6A3F93
:105F10008B9BCCBE8CFB6A3FAE2ACBBE0C4B6B3F3F
:105F200053B9C9BEFB996B3F7C47C8BE58E86B3F6D
:105F300029D5C6BE24366C3F5C62C5BE5E836C3F0D
:105F400015EFC3BE07D06C3F557BC2BE1D1C6D3F15
:105F50001E07C1BEA1676D3F6F92BFBE93B26D3F7A
:105F60004A1DBEBEF2FC6D3FAFA7BCBEBE466E3F33
:105F7000A031BBBEF88F6E3F1EBBB9BE9ED86E3F30
:105F80002A44B8BEB0206F3FC3CCB6BE30686F3F66
:105F9000EC54B5BE1BAF6F3FA5DCB3BE73F56F3FCE
:105FA000EF63B2BE373B703FCBEAB0BE6680703F56
:105FB0003A71AFBE02C5703F3CF7ADBE0809713FF4
:105FC000D47CACBE7A4C713F0102ABBE578F713F9F
:105FD000C486A9BE9FD1713F1F0BA8BE5213723F4A
:105FE000128FA6BE7054723F9F12A5BEF894723FE6
:105FF000C595A3BEEBD4723F8718A2BE4714733F6A
:10600000E59AA0BE0E53733FDF1C9FBE3F91733FC6
:10601000789E9DBED9CE733FAF1F9CBEDD0B743FF3
:1060200086A09ABE4B48743FFE2099BE2284743FDE
:1060300017A197BE62BF743FD22096BE0BFA743F81
:1060400031A094BE1D34753F351F93BE976D753FCB
:10605000DD9D91BE7BA6753F2C1C90BEC6DE753FB4
:10606000229A8EBE7A16763FC0178DBE974D763F28
:1060700007958BBE1B84763FF8118ABE07BA763F20
:10608000938E88BE5BEF763FDA0A87BE1724773F90
:10609000CE8685BE3A58773F700284BEC58B773F67
:1060A000C07D82BEB7BE773FC0F880BE10F1773F9B
:1060B000E1E67EBED122783FA4DB7BBEF853783F79
:1060C000CCCF78BE8684783F5AC375BE7BB4783F08
:1060D00051B672BED6E3783FB2A86FBE9812793F30
:1060E0007F9A6CBEC040793FBA8B69BE4E6E793FD5
:1060F000667C66BE439B793F836C63BE9DC7793FD8
:10610000135C60BE5EF3793F1A4B5DBE841E7A3F1E
:1061100097395ABE10497A3F8F2757BE02737A3F8C
:10612000011554BE599C7A3FF10151BE16C57A3F04
:1061300060EE4DBE37ED7A3F4FDA4ABEBE147B3F6C
:10614000C2C547BEAB3B7B3FB9B044BEFC617B3FA1
:10615000379B41BEB2877B3F3E853EBECDAC7B3F89
:10616000CF6E3BBE4DD17B3FEC5738BE31F57B3F08
:10617000984035BE7A187C3FD42832BE283B7C3FFD
:10618000A2102FBE3A5D7C3F04F82BBEB07E7C3F50
:10619000FCDE28BE8A9F7C3F8CC525BEC9BF7C3FE4
:1061A000B6AB22BE6CDF7C3F7B911FBE73FE7C3F93
:1061B000DE761CBEDD1C7D3FE05B19BEAC3A7D3F48
:1061C000834016BEDE577D3FCA2413BE74747D3FE4
:1061D000B70810BE6E907D3F4AEC0CBECCAB7D3F45
:1061E00086CF09BE8CC67D3F6EB206BEB1E07D3F54
:1061F000029503BE38FA7D3F457700BE24137E3FEB
:1062000073B2FABD722B7E3FC075F4BD23437E3F4F
:106210007638EEBD385A7E3F9AFAE7BDB0707E3FC1
:106220002EBCE1BD8B867E3F377DDBBDC99B7E3FAB
:10623000B93DD5BD69B07E3FB7FDCEBD6DC47E3FD3
:1062400036BDC8BDD4D77E3F397CC2BD9DEA7E3FF6
:10625000C33ABCBDC9FC7E3FDAF8B5BD580E7F3FDE
:1062600080B6AFBD491F7F3FBA73A9BD9D2F7F3F49
:106270008C30A3BD543F7F3FF9EC9CBD6D4E7F3FFA
:1062800005A996BDE95C7F3FB46490BDC76A7F3FB6
:106290000A208ABD08787F3F0ADB83BDAB847F3F3D
:1062A000742B7BBDB1907F3F38A06EBD189C7F3FA3
:1062B000681462BDE3A67F3F0E8855BD0FB17F3FD6
:1062C0002FFB48BD9EBA7F3FD56D3CBD8FC37F3F3E
:1062D00007E02FBDE2CB7F3FCC5123BD98D37F3F5A
:1062E0002CC316BDAFDA7F3F2F340ABD29E17F3FB3
:1062F000B949FBBC05E77F3F7B2AE2BC43EC7F3F0B
:10630000B00AC9BCE3F07F3F69EAAFBCE6F47F3F67
:10631000B6C996BC4AF87F3F4B517BBC11FB7F3F0F
:10632000900E49BC39FD7F3F59CB16BCC4FE7F3F60
:10633000890FC9BBB1FF7F3FC70F49BB0000803F3A
:106340000000000043EC7F3FB00AC93C0FB17F3F23
:106350002FFB483D6D4E7F3F05A9963D6DC47E3FA6
:1063600036BDC83D24137E3F73B2FA3DAC3A7D3F43
:106370008340163E283B7C3FA2102F3EBE147B3F3D
:10638000C2C5473E9DC7793F135C603EF853783FD6
:10639000CCCF783E07BA763F938E883E0BFA743F97
:1063A00031A0943E4714733FE59AA03E0809713F1F
:1063B000D47CAC3E9ED86E3F2A44B83E5E836C3F90
:1063C00015EFC33EA7096A3FCA7BCF3ED86B673F34
:1063D00080E8DA3E59AA643F7533E63E98C5613FCE
:1063E000EA5AF13E05BE5E3F275DFC3E1A945B3FD4
:1063F0003D9C033F5348583F9BF5083F31DB543FDA
:10640000DA390E3F3D4D513F2A68133F029F4D3F01
:10641000C07F183F12D1493FD17F1D3F03E4453F64
:106420009967223F70D8413F5636273FF9AE3D3F2E
:106430004AEB2B3F4268393FBB85303FF304353F81
:10644000F304353FBB85303F4268393F4AEB2B3F71
:10645000F9AE3D3F5636273F70D8413F9967223FFE
:1064600003E4453FD17F1D3F12D1493FC07F183F14
:10647000029F4D3F2A68133F3D4D513FDA390E3F91
:1064800031DB543F9BF5083F5348583F3D9C033F49
:106490001A945B3F275DFC3E05BE5E3FEA5AF13E23
:1064A00098C5613F7533E63E59AA643F80E8DA3EFD
:1064B000D86B673FCA7BCF3EA7096A3F15EFC33E43
:1064C0005E836C3F2A44B83E9ED86E3FD47CAC3E7F
:1064D0000809713FE59AA03E4714733F31A0943EEE
:1064E0000BFA743F938E883E07BA763FCCCF783E46
:1064F000F853783F135C603E9DC7793FC2C5473E65
:10650000BE147B3FA2102F3E283B7C3F8340163EAB
:10651000AC3A7D3F73B2FA3D24137E3F36BDC83D91
:106520006DC47E3F05A9963D6D4E7F3F2FFB483DD4
:106530000FB17F3FB00AC93C43EC7F3F0000000031
:106540000000803FB00AC9BC43EC7F3F2FFB48BD31
:106550000FB17F3F05A996BD6D4E7F3F36BDC8BDCB
:106560006DC47E3F73B2FABD24137E3F834016BED6
:10657000AC3A7D3FA2102FBE283B7C3FC2C547BE30
:10658000BE147B3F135C60BE9DC7793FCCCF78BE05
:10659000F853783F938E88BE07BA763F31A094BEF9
:1065A0000BFA743FE59AA0BE4714733FD47CACBE8F
:1065B0000809713F2A44B8BE9ED86E3F15EFC3BE8E
:1065C0005E836C3FCA7BCFBEA7096A3F80E8DABE14
:1065D000D86B673F7533E6BE59AA643FEA5AF1BEED
:1065E00098C5613F275DFCBE05BE5E3F3D9C03BF75
:1065F0001A945B3F9BF508BF5348583FDA390EBFEA
:1066000031DB543F2A6813BF3D4D513FC07F18BF57
:10661000029F4D3FD17F1DBF12D1493F996722BFD5
:1066200003E4453F563627BF70D8413F4AEB2BBFA6
:10663000F9AE3D3FBB8530BF4268393FF30435BFFB
:10664000F304353F426839BFBB85303FF9AE3DBFEB
:106650004AEB2B3F70D841BF5636273F03E445BF76
:106660009967223F12D149BFD17F1D3F029F4DBF85
:10667000C07F183F3D4D51BF2A68133F31DB54BFE7
:10668000DA390E3F534858BF9BF5083F1A945BBF59
:106690003D9C033F05BE5EBF275DFC3E98C561BFC4
:1066A000EA5AF13E59AA64BF7533E63ED86B67BF1C
:1066B00080E8DA3EA7096ABFCA7BCF3E5E836CBF23
:1066C00015EFC33E9ED86EBF2A44B83E080971BF7D
:1066D000D47CAC3E471473BFE59AA03E0BFA74BF5E
:1066E00031A0943E07BA76BF938E883EF85378BFA8
:1066F000CCCF783E9DC779BF135C603EBE147BBF94
:10670000C2C5473E283B7CBFA2102F3EAC3A7DBF9E
:106710008340163E24137EBF73B2FA3D6DC47EBF24
:1067200036BDC83D6D4E7FBF05A9963D0FB17FBFF9
:106730002FFB483D43EC7FBFB00AC93C000080BF3F
:106740000000000043EC7FBFB00AC9BC0FB17FBF9F
:106750002FFB48BD6D4E7FBF05A996BD6DC47EBFA2
:1067600036BDC8BD24137EBF73B2FABDAC3A7DBF3F
:10677000834016BE283B7CBFA2102FBEBE147BBF39
:10678000C2C547BE9DC779BF135C60BEF85378BFD2
:10679000CCCF78BE07BA76BF938E88BE0BFA74BF93
:1067A00031A094BE471473BFE59AA0BE080971BF1B
:1067B000D47CACBE9ED86EBF2A44B8BE5E836CBF8C
:1067C00015EFC3BEA7096ABFCA7BCFBED86B67BF30
:1067D00080E8DABE59AA64BF7533E6BE98C561BFCA
:1067E000EA5AF1BE05BE5EBF275DFCBE1A945BBFD0
:1067F0003D9C03BF534858BF9BF508BF31DB54BFD6
:10680000DA390EBF3D4D51BF2A6813BF029F4DBFFD
:10681000C07F18BF12D149BFD17F1DBF03E445BF60
:10682000996722BF70D841BF563627BFF9AE3DBF2A
:106830004AEB2BBF426839BFBB8530BFF30435BF7D
:10684000F30435BFBB8530BF426839BF4AEB2BBF6D
:10685000F9AE3DBF563627BF70D841BF996722BFFA
:1068600003E445BFD17F1DBF12D149BFC07F18BF10
:10687000029F4DBF2A6813BF3D4D51BFDA390EBF8D
:1068800031DB54BF9BF508BF534858BF3D9C03BF45
:106890001A945BBF275DFCBE05BE5EBFEA5AF1BE1F
:1068A00098C561BF7533E6BE59AA64BF80E8DABEF9
:1068B000D86B67BFCA7BCFBEA7096ABF15EFC3BE3F
:1068C0005E836CBF2A44B8BE9ED86EBFD47CACBE7B
:1068D000080971BFE59AA0BE471473BF31A094BEEA
:1068E0000BFA74BF938E88BE07BA76BFCCCF78BE42
:1068F000F85378BF135C60BE9DC779BFC2C547BE61
:10690000BE147BBFA2102FBE283B7CBF834016BEA7
:10691000AC3A7DBF73B2FABD24137EBF36BDC8BD8D
:106920006DC47EBF05A996BD6D4E7FBF2FFB48BDD0
:106930000FB17FBFB00AC9BC43EC7FBF000000802D
:10694000000080BFB00AC93C43EC7FBF2FFB483D2D
:106950000FB17FBF05A9963D6D4E7FBF36BDC83DC7
:106960006DC47EBF73B2FA3D24137EBF8340163ED2
:10697000AC3A7DBFA2102F3E283B7CBFC2C5473E2C
:10698000BE147BBF135C603E9DC779BFCCCF783E01
:10699000F85378BF938E883E07BA76BF31A0943EF5
:1069A0000BFA74BFE59AA03E471473BFD47CAC3E8B
:1069B000080971BF2A44B83E9ED86EBF15EFC33E8A
:1069C0005E836CBFCA7BCF3EA7096ABF80E8DA3E10
:1069D000D86B67BF7533E63E59AA64BFEA5AF13EE9
:1069E00098C561BF275DFC3E05BE5EBF3D9C033F71
:1069F0001A945BBF9BF5083F534858BFDA390E3FE6
:106A000031DB54BF2A68133F3D4D51BFC07F183F53
:106A1000029F4DBFD17F1D3F12D149BF9967223FD1
:106A200003E445BF5636273F70D841BF4AEB2B3FA2
:106A3000F9AE3DBFBB85303F426839BFF304353FF7
:106A4000F30435BF4268393FBB8530BFF9AE3D3FE7
:106A50004AEB2BBF70D8413F563627BF03E4453F72
:106A6000996722BF12D1493FD17F1DBF029F4D3F81
:106A7000C07F18BF3D4D513F2A6813BF31DB543FE3
:106A8000DA390EBF5348583F9BF508BF1A945B3F55
:106A90003D9C03BF05BE5E3F275DFCBE98C5613FC0
:106AA000EA5AF1BE59AA643F7533E6BED86B673F18
:106AB00080E8DABEA7096A3FCA7BCFBE5E836C3F1F
:106AC00015EFC3BE9ED86E3F2A44B8BE0809713F79
:106AD000D47CACBE4714733FE59AA0BE0BFA743F5A
:106AE00031A094BE07BA763F938E88BEF853783FA4
:106AF000CCCF78BE9DC7793F135C60BEBE147B3F90
:106B0000C2C547BE283B7C3FA2102FBEAC3A7D3F9A
:106B1000834016BE24137E3F73B2FABD6DC47E3F20
:106B200036BDC8BD6D4E7F3F05A996BD0FB17F3FF5
:106B30002FFB48BD43EC7F3FB00AC9BC0000803F3B
:106B400000000000BE147B3FC2C5473E5E836C3F21
:106B500015EFC33E31DB543FDA390E3FF304353FC6
:106B6000F304353FDA390E3F31DB543F15EFC33EB6
:106B70005E836C3FC2C5473EBE147B3F00000000F1
:106B80000000803FC2C547BEBE147B3F15EFC3BEA9
:106B90005E836C3FDA390EBF31DB543FF30435BFFF
:106BA000F304353F31DB54BFDA390E3F5E836CBFEF
:106BB00015EFC33EBE147BBFC2C5473E000080BF79
:106BC00000000000BE147BBFC2C547BE5E836CBF21
:106BD00015EFC3BE31DB54BFDA390EBFF30435BF46
:106BE000F30435BFDA390EBF31DB54BF15EFC3BE36
:106BF0005E836CBFC2C547BEBE147BBF0000008071
:106C0000000080BFC2C5473EBE147BBF15EFC33E28
:106C10005E836CBFDA390E3F31DB54BFF304353F7E
:106C2000F30435BF31DB543FDA390EBF5E836C3F6E
:106C300015EFC3BEBE147B3FC2C547BE0000803FF8
:106C400000000000ECFF7F3FD40FC93AB1FF7F3F47
:106C5000C70F493B4EFF7F3FC1CB963BC4FE7F3FF2
:106C6000890FC93B13FE7F3F3053FB3B39FD7F3F0C
:106C700059CB163C39FC7F3F02ED2F3C11FB7F3F87
:106C8000900E493CC1F97F3F0030623C4AF87F3F9B
:106C90004B517B3CACF67F3F38398A3CE6F47F3F72
:106CA000B6C9963CF8F27F3F1C5AA33CE3F07F3F05
:106CB00069EAAF3CA7EE7F3F9B7ABC3C43EC7F3F49
:106CC000B00AC93CB8E97F3FA69AD53C05E77F3FAB
:106CD0007B2AE23C2BE47F3F2DBAEE3C29E17F3F4B
:106CE000B949FB3C00DE7F3F90EC033DAFDA7F3FCC
:106CF0002F340A3D37D77F3FB87B103D98D37F3F75
:106D00002CC3163DD1CF7F3F880A1D3DE2CB7F3F8C
:106D1000CC51233DCCC77F3FF698293D8FC37F3FA1
:106D200007E02F3D2ABF7F3FFC26363D9EBA7F3FBE
:106D3000D56D3C3DEAB57F3F91B4423D0FB17F3FF9
:106D40002FFB483D0DAC7F3FAF414F3DE3A67F3F5A
:106D50000E88553D91A17F3F4CCE5B3D189C7F3FF7
:106D60006814623D78967F3F625A683DB1907F3FDC
:106D700038A06E3DC28A7F3FE9E5743DAB847F3F1A
:106D8000742B7B3D6D7E7F3F6CB8803D08787F3FE4
:106D90000ADB833D7B717F3F94FD863DC76A7F3F61
:106DA0000A208A3DEC637F3F6A428D3DE95C7F3F6C
:106DB000B464903DBF557F3FE786933D6D4E7F3F66
:106DC00005A9963DF4467F3F0ACB993D543F7F3F4E
:106DD000F9EC9C3D8D377F3FCF0EA03D9D2F7F3F2F
:106DE0008C30A33D87277F3F3052A63D491F7F3F10
:106DF000BA73A93DE4167F3F2B95AC3D580E7F3FFB
:106E000080B6AF3DA4057F3FBBD7B23DC9FC7E3FF6
:106E1000DAF8B53DC7F37E3FDD19B93D9DEA7E3F07
:106E2000C33ABC3D4CE17E3F8D5BBF3DD4D77E3F36
:106E3000397CC23D34CE7E3FC69CC53D6DC47E3F8D
:106E400036BDC83D7FBA7E3F86DDCB3D69B07E3F13
:106E5000B7FDCE3D2DA67E3FC81DD23DC99B7E3FCE
:106E6000B93DD53D3D917E3F895DD83D8B867E3FC6
:106E7000377DDB3DB17B7E3FC49CDE3DB0707E3F05
:106E80002EBCE13D88657E3F76DBE43D385A7E3F8F
:106E90009AFAE73DC14E7E3F9A19EB3D23437E3F70
:106EA0007638EE3D5E377E3F2E57F13D722B7E3FAA
:106EB000C075F43D5E1F7E3F2C94F73D24137E3F4A
:106EC00073B2FA3DC2067E3F92D0FD3D38FA7D3F57
:106ED0004577003E88ED7D3F2E06023EB1E07D3FC6
:106EE0000295033EB2D37D3FC223053E8CC67D3F53
:106EF0006EB2063E40B97D3F0541083ECCAB7D3FBA
:106F000086CF093E309E7D3FF35D0B3E6E907D3F08
:106F10004AEC0C3E85827D3F8B7A0E3E74747D3F39
:106F2000B708103E3D667D3FCC96113EDE577D3F53
:106F3000CA24133E59497D3FB2B2143EAC3A7D3F5C
:106F40008340163ED82B7D3F3DCE173EDD1C7D3F56
:106F5000E05B193EBC0D7D3F6BE91A3E73FE7C3F42
:106F6000DE761C3E03EF7C3F38041E3E6CDF7C3F28
:106F70007B911F3EAECF7C3FA51E213EC9BF7C3F0B
:106F8000B6AB223EBDAF7C3FAD38243E8A9F7C3FEE
:106F90008CC5253E318F7C3F5152273EB07E7C3FD1
:106FA000FCDE283E086E7C3F8D6B2A3E3A5D7C3FBE
:106FB00004F82B3E444C7C3F61842D3E283B7C3FB3
:106FC000A2102F3EE5297C3FC99C303E7A187C3FB9
:106FD000D428323EE9067C3FC4B4333E31F57B3FD2
:106FE0009840353E53E37B3F50CC363E4DD17B3FFE
:106FF000EC57383E20BF7B3F6CE3393ECDAC7B3F46
:10700000CF6E3B3E539A7B3F15FA3C3EB2877B3FA7
:107010003E853E3EEA747B3F4910403EFC617B3F2B
:10702000379B413EE74E7B3F0726433EAB3B7B3FD2
:10703000B9B0443E48287B3F4D3B463EBE147B3FA3
:10704000C2C5473E0E017B3F1850493E37ED7A3F9F
:107050004FDA4A3E3AD97A3F67644C3E16C57A3FCA
:1070600060EE4D3ECBB07A3F38784F3E599C7A3F28
:10707000F101513EC1877A3F898B523E02737A3FBC
:107080000115543E1C5E7A3F589E553E10497A3F8A
:107090008F27573EDD337A3FA4B0583E841E7A3F97
:1070A00097395A3E04097A3F6AC25B3E5EF3793FE4
:1070B0001A4B5D3E91DD793FA8D35E3E9DC7793F77
:1070C000135C603E83B1793F5CE4613E439B793F52
:1070D000836C633EDC84793F86F4643E4E6E793F78
:1070E000667C663E9A57793F2204683EC040793FED
:1070F000BA8B693EBF29793F2F136B3E9812793FB7
:107100007F9A6C3E4AFB783FAB216E3ED6E3783FD8
:10711000B2A86F3E3BCC783F942F713E7BB4783F52
:1071200051B6723E939C783FE83C743E8684783F2B
:107130005AC3753E526C783FA649773EF853783F64
:10714000CCCF783E773B783FCB557A3ED122783F03
:10715000A4DB7B3E040A783F56617D3E10F1773F09
:10716000E1E67E3EF7D7773F2236803EB7BE773FD7
:10717000C0F8803E51A5773F4ABB813EC58B773F23
:10718000C07D823E1372773F2240833E3A58773F5C
:107190007002843E3C3E773FAAC4843E1724773F6A
:1071A000CE86853ECC09773FDF48863E5BEF763F53
:1071B000DA0A873EC4D4763FC1CC873E07BA763F11
:1071C000938E883E249F763F5050893E1B84763FA5
:1071D000F8118A3EEC68763F8AD38A3E974D763F17
:1071E00007958B3E1B32763F6E568C3E7A16763F65
:1071F000C0178D3EB3FA753FFCD88D3EC6DE753F95
:10720000229A8E3EB3C2753F325B8F3E7BA6753F9E
:107210002C1C903E1C8A753F10DD903E976D753F8B
:10722000DD9D913EED50753F945E923E1D34753F5D
:10723000351F933E2717753FBFDF933E0BFA743F10
:1072400031A0943EC9DC743F8D60953E62BF743FAF
:10725000D220963ED5A1743F00E1963E2284743F31
:1072600017A1973E4966743F1661983E4B48743F9C
:10727000FE20993E272A743FCEE0993EDD0B743FF5
:1072800086A09A3E6EED733F27609B3ED9CE733F3A
:10729000AF1F9C3E1FB0733F20DF9C3E3F91733F6A
:1072A000789E9D3E3972733FB85D9E3E0E53733F8C
:1072B000DF1C9F3EBE33733FEEDB9F3E4714733FA0
:1072C000E59AA03EACF4723FC259A13EEBD4723FA6
:1072D0008718A23E04B5723F33D7A23EF894723F9E
:1072E000C595A33EC774723F3F54A43E7054723F8D
:1072F0009F12A53EF433723FE5D0A53E5213723F74
:10730000128FA63E8CF2713F254DA73E9FD1713F53
:107310001F0BA83E8EB0713FFEC8A83E578F713F2D
:10732000C486A93EFB6D713F6F44AA3E7A4C713F03
:107330000102AB3ED42A713F77BFAB3E0809713FD3
:10734000D47CAC3E17E7703F153AAD3E02C5703FA6
:107350003CF7AD3EC6A2703F49B4AE3E6680703F7A
:107360003A71AF3EE15D703F102EB03E373B703F4B
:10737000CBEAB03E6718703F6BA7B13E73F56F3F25
:10738000EF63B23E5AD26F3F5820B33E1BAF6F3F00
:10739000A5DCB33EB88B6F3FD698B43E30686F3FE4
:1073A000EC54B53E83446F3FE610B63EB0206F3FCD
:1073B000C3CCB63EBAFC6E3F8488B73E9ED86E3FC3
:1073C0002A44B83E5DB46E3FB2FFB83EF88F6E3FC0
:1073D0001EBBB93E6D6B6E3F6E76BA3EBE466E3FCB
:1073E000A031BB3EEB216E3FB6ECBB3EF2FC6D3FE5
:1073F000AFA7BC3ED5D76D3F8B62BD3E93B26D3F0C
:107400004A1DBE3E2D8D6D3FEBD7BE3EA1676D3F41
:107410006F92BF3EF2416D3FD54CC03E1D1C6D3F8B
:107420001E07C13E24F66C3F48C1C13E07D06C3FE9
:10743000557BC23EC5A96C3F4435C33E5E836C3F5D
:1074400015EFC33ED45C6C3FC8A8C43E24366C3FE5
:107450005C62C53E500F6C3FD21BC63E58E86B3F86
:1074600029D5C63E3BC16B3F628EC73EFB996B3F41
:107470007C47C83E95726B3F7700C93E0C4B6B3F13
:1074800053B9C93E5E236B3F1072CA3E8CFB6A3F04
:10749000AE2ACB3E95D36A3F2CE3CB3E7BAB6A3F13
:1074A0008B9BCC3E3C836A3FCA53CD3ED95A6A3F40
:1074B000EA0BCE3E52326A3FEAC3CE3EA7096A3F8C
:1074C000CA7BCF3ED7E0693F8A33D03EE4B7693FFD
:1074D0002AEBD03ECC8E693FAAA2D13E9165693F8E
:1074E000095AD23E323C693F4811D33EAE12693F41
:1074F00067C8D33E07E9683F647FD43E3CBF683F1E
:107500004136D53E4C95683FFDECD53E396B683F22
:1075100099A3D63E0341683F135AD73EA816683F49
:107520006B10D83E2AEC673FA3C6D83E87C1673FA1
:10753000B97CD93EC196673FAD32DA3ED86B673F22
:1075400080E8DA3ECA40673F319EDB3E9915673FCF
:10755000C153DC3E45EA663F2E09DD3ECCBE663FA8
:1075600079BEDD3E3093663FA273DE3E7167663FB3
:10757000A928DF3E8E3B663F8DDDDF3E880F663FEC
:107580004F92E03E5EE3653FEE46E13E10B7653F59
:107590006AFBE13EA08A653FC4AFE23E0B5E653FF9
:1075A000FA63E33E5431653F0E18E43E7904653FCB
:1075B000FECBE43E7BD7643FCB7FE53E59AA643FD8
:1075C0007533E63E147D643FFBE6E63EAC4F643F18
:1075D0005D9AE73E2122643F9C4DE83E73F4633F91
:1075E000B700E93EA1C6633FAEB3E93EAC98633F46
:1075F0008166EA3E956A633F3019EB3E5A3C633F31
:10760000BBCBEB3EFC0D633F217EEC3E7BDF623F5C
:107610006330ED3ED7B0623F80E2ED3E1082623FC4
:107620007994EE3E2653623F4C46EF3E1A24623F69
:10763000FBF7EF3EEAF4613F85A9F03E98C5613F54
:10764000EA5AF13E2296613F290CF23E8A66613F7A
:1076500043BDF23ED036613F386EF33EF206613FE5
:10766000071FF43EF2D6603FB1CFF43ECFA6603F95
:107670003580F53E8976603F9330F63E2146603F87
:10768000CBE0F63E9615603FDC90F73EE9E45F3FC5
:10769000C840F83E19B45F3F8EF0F83E27835F3F45
:1076A0002DA0F93E12525F3FA54FFA3EDB205F3F0F
:1076B000F7FEFA3E81EF5E3F22AEFB3E05BE5E3F27
:1076C000275DFC3E678C5E3F040CFD3EA65A5E3F84
:1076D000BBBAFD3EC3285E3F4A69FE3EBEF65D3F33
:1076E000B217FF3E97C45D3FF3C5FF3E4D925D3F2D
:1076F000063A003FE15F5D3FFF90003F532D5D3F45
:10770000E4E7003FA3FA5C3FB53E013FD1C75C3FD1
:107710007395013FDD945C3F1CEC013FC7615C3F0A
:10772000B142023F8E2E5C3F3299023F34FB5B3FF9
:107730009FEF023FB8C75B3FF845033F1A945B3F9A
:107740003D9C033F5A605B3F6DF2033F792C5B3FEA
:107750008948043F75F85A3F919E043F50C45A3FF0
:1077600084F4043F09905A3F624A053FA05B5A3FA8
:107770002CA0053F16275A3FE2F5053F6AF2593F14
:10778000824B063F9CBD593F0EA1063FAD88593F35
:1077900086F6063F9C53593FE84B073F6A1E593F08
:1077A00036A1073F17E9583F6FF6073FA1B3583F8F
:1077B000924B083F0B7E583FA1A0083F5348583FCB
:1077C0009BF5083F7912583F7F4A093F7FDC573FBE
:1077D0004E9F093F63A6573F09F4093F2670573F64
:1077E000AD480A3FC739573F3D9D0A3F4803573FC1
:1077F000B7F10A3FA7CC563F1C460B3FE595563FD5
:107800006B9A0B3F025F563FA5EE0B3FFE27563F9C
:10781000C9420C3FD9F0553FD7960C3F93B9553F1D
:10782000D0EA0C3F2C82553FB33E0D3FA44A553F52
:1078300081920D3FFB12553F38E60D3F31DB543F3F
:10784000DA390E3F47A3543F658D0E3F3B6B543FE3
:10785000DBE00E3F0F33543F3B340F3FC3FA533F3F
:1078600084870F3F55C2533FB8DA0F3FC789533F54
:10787000D52D103F1851533FDC80103F4918533F1E
:10788000CDD3103F59DF523FA726113F49A6523FA3
:107890006B79113F186D523F19CC113FC633523FDF
:1078A000B01E123F54FA513F3071123FC2C0513FD7
:1078B0009AC3123F1087513FEE15133F3D4D513F84
:1078C0002A68133F4A13513F50BA133F37D9503FEC
:1078D0005F0C143F039F503F585E143FAF64503F0E
:1078E00039B0143F3B2A503F0402153FA8EF4F3FE9
:1078F000B753153FF4B44F3F54A5153F1F7A4F3F80
:10790000D9F6153F2B3F4F3F4748163F17044F3FCF
:107910009F99163FE4C84E3FDFEA163F908D4E3FD9
:10792000073C173F1C524E3F188D173F89164E3F9C
:1079300012DE173FD5DA4D3FF52E183F029F4D3F1F
:10794000C07F183F10634D3F73D0183FFD264D3F59
:107950000F21193FCBEA4C3F9471193F79AE4C3F50
:1079600000C2193F08724C3F55121A3F78354C3F00
:1079700093621A3FC7F84B3FB8B21A3FF8BB4B3F70
:10798000C6021B3F097F4B3FBB521B3FFA414B3F97
:1079900099A21B3FCC044B3F5FF21B3F7FC74A3F7E
:1079A0000C421C3F138A4A3FA2911C3F874C4A3F1E
:1079B0001FE11C3FDC0E4A3F84301D3F12D1493F7E
:1079C000D17F1D3F2993493F06CF1D3F2155493F98
:1079D000221E1E3FFA16493F266D1E3FB3D8483F70
:1079E00012BC1E3F4E9A483FE50A1F3FCA5B483F04
:1079F0009F591F3F271D483F41A81F3F65DE473F56
:107A0000CBF61F3F849F473F3B45203F8560473F64
:107A10009393203F6721473FD2E1203F2AE2463F30
:107A2000F92F213FCEA2463F067E213F5463463FB9
:107A3000FBCB213FBB23463FD719223F03E4453F01
:107A40009967223F2DA4453F43B5223F3964453F06
:107A5000D302233F2624453F4B50233FF5E3443FC9
:107A6000A99D233FA5A3443FEEEA233F3763443F4C
:107A70001A38243FAB22443F2C85243F00E2433F89
:107A800025D2243F38A1433F041F253F5160433F87
:107A9000CB6B253F4C1F433F77B8253F29DE423F44
:107AA0000A05263FE89C423F8451263F895B423FBE
:107AB000E39D263F0B1A423F2AEA263F70D8413FFA
:107AC0005636273FB796413F6882273FE154413FF2
:107AD00061CE273FEC12413F401A283FDAD0403FA9
:107AE0000566283FA98E403FB0B1283F5C4C403F1F
:107AF00041FD283FF009403FB848293F67C73F3F55
:107B00001594293FC0843F3F57DF293FFC413F3F49
:107B1000802A2A3F1BFF3E3F8E752A3F1BBC3E3FFB
:107B200082C02A3FFF783E3F5B0B2B3FC5353E3F6F
:107B30001B562B3F6EF23D3FBFA02B3FF9AE3D3FA2
:107B40004AEB2B3F676B3D3FB9352C3FB8273D3F94
:107B50000F802C3FECE33C3F49CA2C3F03A03C3F45
:107B600069142D3FFC5B3C3F6F5E2D3FD9173C3FB6
:107B700059A82D3F98D33B3F29F22D3F3B8F3B3FE8
:107B8000DE3B2E3FC14A3B3F78852E3F29063B3FD7
:107B9000F7CE2E3F75C13A3F5B182F3FA47C3A3F8A
:107BA000A5612F3FB7373A3FD3AA2F3FACF2393FF9
:107BB000E6F32F3F85AD393FDE3C303F4268393F29
:107BC000BB85303FE122393F7CCE303F65DD383F19
:107BD0002217313FCB97383FAD5F313F1652383FC8
:107BE0001DA8313F430C383F71F0313F55C6373F38
:107BF000AA38323F4A80373FC780323F233A373F67
:107C0000C9C8323FDFF3363FAF10333F7FAD363F59
:107C10007A58333F0467363F29A0333F6C20363F04
:107C2000BCE7333FB8D9353F342F343FE792353F77
:107C30008F76343FFB4B353FCFBD343FF304353FA8
:107C4000F304353FCFBD343FFB4B353F8F76343F98
:107C5000E792353F342F343FB8D9353FBCE7333F47
:107C60006C20363F29A0333F0467363F7A58333FB4
:107C70007FAD363FAF10333FDFF3363FC9C8323FE9
:107C8000233A373FC780323F4A80373FAA38323FD6
:107C900055C6373F71F0313F430C383F1DA8313F87
:107CA0001652383FAD5F313FCB97383F2217313FF7
:107CB00065DD383F7CCE303FE122393FBB85303F28
:107CC0004268393FDE3C303F85AD393FE6F32F3F18
:107CD000ACF2393FD3AA2F3FB7373A3FA5612F3FC8
:107CE000A47C3A3F5B182F3F75C13A3FF7CE2E3F39
:107CF00029063B3F78852E3FC14A3B3FDE3B2E3F66
:107D00003B8F3B3F29F22D3F98D33B3F59A82D3F56
:107D1000D9173C3F6F5E2D3FFC5B3C3F69142D3F04
:107D200003A03C3F49CA2C3FECE33C3F0F802C3F73
:107D3000B8273D3FB9352C3F676B3D3F4AEB2B3FA2
:107D4000F9AE3D3FBFA02B3F6EF23D3F1B562B3F90
:107D5000C5353E3F5B0B2B3FFF783E3F82C02A3F3D
:107D60001BBC3E3F8E752A3F1BFF3E3F802A2A3FA9
:107D7000FC413F3F57DF293FC0843F3F1594293FD7
:107D800067C73F3FB848293FF009403F41FD283FC2
:107D90005C4C403FB0B1283FA98E403F0566283F6C
:107DA000DAD0403F401A283FEC12413F61CE273FD6
:107DB000E154413F6882273FB796413F5636273FFF
:107DC00070D8413F2AEA263F0B1A423FE39D263FE7
:107DD000895B423F8451263FE89C423F0A05263F8B
:107DE00029DE423F77B8253F4C1F433FCB6B253FF1
:107DF0005160433F041F253F38A1433F25D2243F14
:107E000000E2433F2C85243FAB22443F1A38243FF5
:107E10003763443FEEEA233FA5A3443FA99D233F98
:107E2000F5E3443F4B50233F2624453FD302233FF5
:107E30003964453F43B5223F2DA4453F9967223F12
:107E400003E4453FD719223FBB23463FFBCB213FED
:107E50005463463F067E213FCEA2463FF92F213F85
:107E60002AE2463FD2E1203F6721473F9393203FDC
:107E70008560473F3B45203F849F473FCBF61F3FF0
:107E800065DE473F41A81F3F271D483F9F591F3FC1
:107E9000CA5B483FE50A1F3F4E9A483F12BC1E3F4F
:107EA000B3D8483F266D1E3FFA16493F221E1E3F9B
:107EB0002155493F06CF1D3F2993493FD17F1D3FA3
:107EC00012D1493F84301D3FDC0E4A3F1FE11C3F69
:107ED000874C4A3FA2911C3F138A4A3F0C421C3FE9
:107EE0007FC74A3F5FF21B3FCC044B3F99A21B3F29
:107EF000FA414B3FBB521B3F097F4B3FC6021B3F22
:107F0000F8BB4B3FB8B21A3FC7F84B3F93621A3FDA
:107F100078354C3F55121A3F08724C3F00C2193F4A
:107F200079AE4C3F9471193FCBEA4C3F0F21193F7A
:107F3000FD264D3F73D0183F10634D3FC07F183F63
:107F4000029F4D3FF52E183FD5DA4D3F12DE173F09
:107F500089164E3F188D173F1C524E3F073C173F66
:107F6000908D4E3FDFEA163FE4C84E3F9F99163F83
:107F700017044F3F4748163F2B3F4F3FD9F6153F59
:107F80001F7A4F3F54A5153FF4B44F3FB753153FE9
:107F9000A8EF4F3F0402153F3B2A503F39B0143F32
:107FA000AF64503F585E143F039F503F5F0C143F37
:107FB00037D9503F50BA133F4A13513F2A68133FF5
:107FC0003D4D513FEE15133F1087513F9AC3123F6D
:107FD000C2C0513F3071123F54FA513FB01E123FA0
:107FE000C633523F19CC113F186D523F6B79113F88
:107FF00049A6523FA726113F59DF523FCDD3103F2C
:108000004918533FDC80103F1851533FD52D103F86
:10801000C789533FB8DA0F3F55C2533F84870F3F9C
:10802000C3FA533F3B340F3F0F33543FDBE00E3F67
:108030003B6B543F658D0E3F47A3543FDA390E3FEB
:1080400031DB543F38E60D3FFB12553F81920D3F27
:10805000A44A553FB33E0D3F2C82553FD0EA0C3F1A
:1080600093B9553FD7960C3FD9F0553FC9420C3FC5
:10807000FE27563FA5EE0B3F025F563F6B9A0B3F24
:10808000E595563F1C460B3FA7CC563FB7F10A3F3C
:108090004803573F3D9D0A3FC739573FAD480A3F08
:1080A0002670573F09F4093F63A6573F4E9F093F8B
:1080B0007FDC573F7F4A093F7912583F9BF5083FC5
:1080C0005348583FA1A0083F0B7E583F924B083FB2
:1080D000A1B3583F6FF6073F17E9583F36A1073F56
:1080E0006A1E593FE84B073F9C53593F86F6063FAF
:1080F000AD88593F0EA1063F9CBD593F824B063FBC
:108100006AF2593FE2F5053F16275A3F2CA0053F7A
:10811000A05B5A3F624A053F09905A3F84F4043FEE
:1081200050C45A3F919E043F75F85A3F8948043F16
:10813000792C5B3F6DF2033F5A605B3F3D9C033FF0
:108140001A945B3FF845033FB8C75B3F9FEF023F80
:1081500034FB5B3F3299023F8E2E5C3FB142023FBF
:10816000C7615C3F1CEC013FDD945C3F7395013FB0
:10817000D1C75C3FB53E013FA3FA5C3FE4E7003F57
:10818000532D5D3FFF90003FE15F5D3F063A003FAA
:108190004D925D3FF3C5FF3E97C45D3FB217FF3E72
:1081A000BEF65D3F4A69FE3EC3285E3FBBBAFD3E58
:1081B000A65A5E3F040CFD3E678C5E3F275DFC3E89
:1081C00005BE5E3F22AEFB3E81EF5E3FF7FEFA3E0C
:1081D000DB205F3FA54FFA3E12525F3F2DA0F93ED4
:1081E00027835F3F8EF0F83E19B45F3FC840F83EEA
:1081F000E9E45F3FDC90F73E9615603FCBE0F63E4A
:108200002146603F9330F63E8976603F3580F53EEB
:10821000CFA6603FB1CFF43EF2D6603F071FF43ED9
:10822000F206613F386EF33ED036613F43BDF23E09
:108230008A66613F290CF23E2296613FEA5AF13E7E
:1082400098C5613F85A9F03EEAF4613FFBF7EF3E38
:108250001A24623F4C46EF3E2653623F7994EE3E2D
:108260001082623F80E2ED3ED7B0623F6330ED3E68
:108270007BDF623F217EEC3EFC0D633FBBCBEB3EE0
:108280005A3C633F3019EB3E956A633F8166EA3E94
:10829000AC98633FAEB3E93EA1C6633FB700E93E89
:1082A00073F4633F9C4DE83E2122643F5D9AE73EB4
:1082B000AC4F643FFBE6E63E147D643F7533E63E1B
:1082C00059AA643FCB7FE53E7BD7643FFECBE43EBB
:1082D0007904653F0E18E43E5431653FFA63E33E8E
:1082E0000B5E653FC4AFE23EA08A653F6AFBE13E9C
:1082F00010B7653FEE46E13E5EE3653F4F92E03EDC
:10830000880F663F8DDDDF3E8E3B663FA928DF3E4E
:108310007167663FA273DE3E3093663F79BEDD3EF5
:10832000CCBE663F2E09DD3E45EA663FC153DC3ECA
:108330009915673F319EDB3ECA40673F80E8DA3ED1
:10834000D86B673FAD32DA3EC196673FB97CD93E04
:1083500087C1673FA3C6D83E2AEC673F6B10D83E63
:10836000A816683F135AD73E0341683F99A3D63EEB
:10837000396B683FFDECD53E4C95683F4136D53EA4
:108380003CBF683F647FD43E07E9683F67C8D33E7F
:10839000AE12693F4811D33E323C693F095AD23E82
:1083A0009165693FAAA2D13ECC8E693F2AEBD03EAF
:1083B000E4B7693F8A33D03ED7E0693FCA7BCF3EFE
:1083C000A7096A3FEAC3CE3E52326A3FEA0BCE3E6D
:1083D000D95A6A3FCA53CD3E3C836A3F8B9BCC3E01
:1083E0007BAB6A3F2CE3CB3E95D36A3FAE2ACB3EB4
:1083F0008CFB6A3F1072CA3E5E236B3F53B9C93E85
:108400000C4B6B3F7700C93E95726B3F7C47C83E73
:10841000FB996B3F628EC73E3BC16B3F29D5C63E81
:1084200058E86B3FD21BC63E500F6C3F5C62C53EA6
:1084300024366C3FC8A8C43ED45C6C3F15EFC33EE5
:108440005E836C3F4435C33EC5A96C3F557BC23E3D
:1084500007D06C3F48C1C13E24F66C3F1E07C13EA9
:108460001D1C6D3FD54CC03EF2416D3F6F92BF3E2B
:10847000A1676D3FEBD7BE3E2D8D6D3F4A1DBE3EC1
:1084800093B26D3F8B62BD3ED5D76D3FAFA7BC3E6B
:10849000F2FC6D3FB6ECBB3EEB216E3FA031BB3E24
:1084A000BE466E3F6E76BA3E6D6B6E3F1EBBB93EEA
:1084B000F88F6E3FB2FFB83E5DB46E3F2A44B83EBF
:1084C0009ED86E3F8488B73EBAFC6E3FC3CCB63EA2
:1084D000B0206F3FE610B63E83446F3FEC54B53E8C
:1084E00030686F3FD698B43EB88B6F3FA5DCB33E83
:1084F0001BAF6F3F5820B33E5AD26F3FEF63B23E7F
:1085000073F56F3F6BA7B13E6718703FCBEAB03E83
:10851000373B703F102EB03EE15D703F3A71AF3E89
:108520006680703F49B4AE3EC6A2703F3CF7AD3E98
:1085300002C5703F153AAD3E17E7703FD47CAC3EA4
:108540000809713F77BFAB3ED42A713F0102AB3EB1
:108550007A4C713F6F44AA3EFB6D713FC486A93EC1
:10856000578F713FFEC8A83E8EB0713F1F0BA83ECB
:108570009FD1713F254DA73E8CF2713F128FA63ED1
:108580005213723FE5D0A53EF433723F9F12A53ED1
:108590007054723F3F54A43EC774723FC595A33ECA
:1085A000F894723F33D7A23E04B5723F8718A23EBB
:1085B000EBD4723FC259A13EACF4723FE59AA03EA3
:1085C0004714733FEEDB9F3EBE33733FDF1C9F3E7D
:1085D0000E53733FB85D9E3E3972733F789E9D3E49
:1085E0003F91733F20DF9C3E1FB0733FAF1F9C3E07
:1085F000D9CE733F27609B3E6EED733F86A09A3EB7
:10860000DD0B743FCEE0993E272A743FFE20993E51
:108610004B48743F1661983E4966743F17A1973ED8
:108620002284743F00E1963ED5A1743FD220963E4D
:1086300062BF743F8D60953EC9DC743F31A0943EAB
:108640000BFA743FBFDF933E2717753F351F933EEC
:108650001D34753F945E923EED50753FDD9D913E19
:10866000976D753F10DD903E1C8A753F2C1C903E27
:108670007BA6753F325B8F3EB3C2753F229A8E3E1A
:10868000C6DE753FFCD88D3EB3FA753FC0178D3EF0
:108690007A16763F6E568C3E1B32763F07958B3EA0
:1086A000974D763F8AD38A3EEC68763FF8118A3E32
:1086B0001B84763F5050893E249F763F938E883EA0
:1086C00007BA763FC1CC873EC4D4763FDA0A873EEC
:1086D0005BEF763FDF48863ECC09773FCE86853E0E
:1086E0001724773FAAC4843E3C3E773F7002843E05
:1086F0003A58773F2240833E1372773FC07D823ED7
:10870000C58B773F4ABB813E51A5773FC0F8803E7D
:10871000B7BE773F2236803EF7D7773FE1E67E3E11
:1087200010F1773F56617D3E040A783FA4DB7B3E23
:10873000D122783FCB557A3E773B783FCCCF783EFD
:10874000F853783FA649773E526C783F5AC3753E3E
:108750008684783FE83C743E939C783F51B6723EE5
:108760007BB4783F942F713E3BCC783FB2A86F3EEC
:10877000D6E3783FAB216E3E4AFB783F7F9A6C3E52
:108780009812793F2F136B3EBF29793FBA8B693E10
:10879000C040793F2204683E9A57793F667C663E26
:1087A0004E6E793F86F4643EDC84793F836C633E91
:1087B000439B793F5CE4613E83B1793F135C603E4B
:1087C0009DC7793FA8D35E3E91DD793F1A4B5D3E50
:1087D0005EF3793F6AC25B3E04097A3F97395A3E9D
:1087E000841E7A3FA4B0583EDD337A3F8F27573E30
:1087F00010497A3F589E553E1C5E7A3F0115543E03
:1088000002737A3F898B523EC1877A3FF101513E14
:10881000599C7A3F38784F3ECBB07A3F60EE4D3E60
:1088200016C57A3F67644C3E3AD97A3F4FDA4A3EE2
:1088300037ED7A3F1850493E0E017B3FC2C5473E97
:10884000BE147B3F4D3B463E48287B3FB9B0443E7B
:10885000AB3B7B3F0726433EE74E7B3F379B413E8A
:10886000FC617B3F4910403EEA747B3F3E853E3EC3
:10887000B2877B3F15FA3C3E539A7B3FCF6E3B3E1F
:10888000CDAC7B3F6CE3393E20BF7B3FEC57383E9D
:108890004DD17B3F50CC363E53E37B3F9840353E35
:1088A00031F57B3FC4B4333EE9067C3FD428323EE9
:1088B0007A187C3FC99C303EE5297C3FA2102F3EB0
:1088C000283B7C3F61842D3E444C7C3F04F82B3E8A
:1088D0003A5D7C3F8D6B2A3E086E7C3FFCDE283E75
:1088E000B07E7C3F5152273E318F7C3F8CC5253E68
:1088F0008A9F7C3FAD38243EBDAF7C3FB6AB223E65
:10890000C9BF7C3FA51E213EAECF7C3F7B911F3E61
:108910006CDF7C3F38041E3E03EF7C3FDE761C3E5E
:1089200073FE7C3F6BE91A3EBC0D7D3FE05B193E58
:10893000DD1C7D3F3DCE173ED82B7D3F8340163E4C
:10894000AC3A7D3FB2B2143E59497D3FCA24133E32
:10895000DE577D3FCC96113E3D667D3FB708103E09
:1089600074747D3F8B7A0E3E85827D3F4AEC0C3ECF
:108970006E907D3FF35D0B3E309E7D3F86CF093E7E
:10898000CCAB7D3F0541083E40B97D3F6EB2063E0F
:108990008CC67D3FC223053EB2D37D3F0295033E88
:1089A000B1E07D3F2E06023E88ED7D3F4577003EDB
:1089B00038FA7D3F92D0FD3DC2067E3F73B2FA3D4C
:1089C00024137E3F2C94F73D5E1F7E3FC075F43D1F
:1089D000722B7E3F2E57F13D5E377E3F7638EE3D5F
:1089E00023437E3F9A19EB3DC14E7E3F9AFAE73D05
:1089F000385A7E3F76DBE43D88657E3F2EBCE13D04
:108A0000B0707E3FC49CDE3DB17B7E3F377DDB3D59
:108A10008B867E3F895DD83D3D917E3FB93DD53DFA
:108A2000C99B7E3FC81DD23D2DA67E3FB7FDCE3DE2
:108A300069B07E3F86DDCB3D7FBA7E3F36BDC83D07
:108A40006DC47E3FC69CC53D34CE7E3F397CC23D61
:108A5000D4D77E3F8D5BBF3D4CE17E3FC33ABC3DEA
:108A60009DEA7E3FDD19B93DC7F37E3FDAF8B53D9B
:108A7000C9FC7E3FBBD7B23DA4057F3F80B6AF3D6A
:108A8000580E7F3F2B95AC3DE4167F3FBA73A93D4E
:108A9000491F7F3F3052A63D87277F3F8C30A33D43
:108AA0009D2F7F3FCF0EA03D8D377F3FF9EC9C3D42
:108AB000543F7F3F0ACB993DF4467F3F05A9963D41
:108AC0006D4E7F3FE786933DBF557F3FB464903D39
:108AD000E95C7F3F6A428D3DEC637F3F0A208A3D1F
:108AE000C76A7F3F94FD863D7B717F3F0ADB833DF4
:108AF00008787F3F6CB8803D6D7E7F3F742B7B3D57
:108B0000AB847F3FE9E5743DC28A7F3F38A06E3D6C
:108B1000B1907F3F625A683D78967F3F6814623D0E
:108B2000189C7F3F4CCE5B3D91A17F3F0E88553D09
:108B3000E3A67F3FAF414F3D0DAC7F3F2FFB483D4C
:108B40000FB17F3F91B4423DEAB57F3FD56D3C3DCB
:108B50009EBA7F3FFC26363D2ABF7F3F07E02F3D70
:108B60008FC37F3FF698293DCCC77F3FCC51233D33
:108B7000E2CB7F3F880A1D3DD1CF7F3F2CC3163DFE
:108B800098D37F3FB87B103D37D77F3F2F340A3DC6
:108B9000AFDA7F3F90EC033D00DE7F3FB949FB3CFD
:108BA00029E17F3F2DBAEE3C2BE47F3F7B2AE23C5C
:108BB00005E77F3FA69AD53CB8E97F3FB00AC93C9C
:108BC00043EC7F3F9B7ABC3CA7EE7F3F69EAAF3C1A
:108BD000E3F07F3F1C5AA33CF8F27F3FB6C9963CB6
:108BE000E6F47F3F38398A3CACF67F3F4B517B3C03
:108BF0004AF87F3F0030623CC1F97F3F900E493C0C
:108C000011FB7F3F02ED2F3C39FC7F3F59CB163CD7
:108C100039FD7F3F3053FB3B13FE7F3F890FC93B3C
:108C2000C4FE7F3FC1CB963B4EFF7F3FC70F493B02
:108C3000B1FF7F3FD40FC93AECFF7F3F0000000037
:108C40000000803FD40FC9BAECFF7F3FC70F49BB7C
:108C5000B1FF7F3FC1CB96BB4EFF7F3F890FC9BBA2
:108C6000C4FE7F3F3053FBBB13FE7F3F59CB16BC86
:108C700039FD7F3F02ED2FBC39FC7F3F900E49BC90
:108C800011FB7F3F003062BCC1F97F3F4B517BBC81
:108C90004AF87F3F38398ABCACF67F3FB6C996BCEC
:108CA000E6F47F3F1C5AA3BCF8F27F3F69EAAFBCF1
:108CB000E3F07F3F9B7ABCBCA7EE7F3FB00AC9BC04
:108CC00043EC7F3FA69AD5BCB8E97F3F7B2AE2BC44
:108CD00005E77F3F2DBAEEBC2BE47F3FB949FBBCD3
:108CE00029E17F3F90EC03BD00DE7F3F2F340ABDBA
:108CF000AFDA7F3FB87B10BD37D77F3F2CC316BD9F
:108D000098D37F3F880A1DBDD1CF7F3FCC5123BD73
:108D1000E2CB7F3FF69829BDCCC77F3F07E02FBD50
:108D20008FC37F3FFC2636BD2ABF7F3FD56D3CBD3C
:108D30009EBA7F3F91B442BDEAB57F3F2FFB48BD4D
:108D40000FB17F3FAF414FBD0DAC7F3F0E8855BD8A
:108D5000E3A67F3F4CCE5BBD91A17F3F681462BD0F
:108D6000189C7F3F625A68BD78967F3F38A06EBDE1
:108D7000B1907F3FE9E574BDC28A7F3F742B7BBD14
:108D8000AB847F3F6CB880BD6D7E7F3F0ADB83BDC7
:108D900008787F3F94FD86BD7B717F3F0A208ABDA6
:108DA000C76A7F3F6A428DBDEC637F3FB46490BD6C
:108DB000E95C7F3FE78693BDBF557F3F05A996BD20
:108DC0006D4E7F3F0ACB99BDF4467F3FF9EC9CBDC9
:108DD000543F7F3FCF0EA0BD8D377F3F8C30A3BD6A
:108DE0009D2F7F3F3052A6BD87277F3FBA73A9BD15
:108DF000491F7F3F2B95ACBDE4167F3F80B6AFBDCA
:108E0000580E7F3FBBD7B2BDA4057F3FDAF8B5BD92
:108E1000C9FC7E3FDD19B9BDC7F37E3FC33ABCBD77
:108E20009DEA7E3F8D5BBFBD4CE17E3F397CC2BD7C
:108E3000D4D77E3FC69CC5BD34CE7E3F36BDC8BDAF
:108E40006DC47E3F86DDCBBD7FBA7E3FB7FDCEBD14
:108E500069B07E3FC81DD2BD2DA67E3FB93DD5BDB0
:108E6000C99B7E3F895DD8BD3D917E3F377DDBBD8F
:108E70008B867E3FC49CDEBDB17B7E3F2EBCE1BDB8
:108E8000B0707E3F76DBE4BD88657E3F9AFAE7BD31
:108E9000385A7E3F9A19EBBDC14E7E3F7638EEBD03
:108EA00023437E3F2E57F1BD5E377E3FC075F4BD34
:108EB000722B7E3F2C94F7BD5E1F7E3F73B2FABDCE
:108EC00024137E3F92D0FDBDC2067E3F457700BE93
:108ED00038FA7D3F2E0602BE88ED7D3F029503BE27
:108EE000B1E07D3FC22305BEB2D37D3F6EB206BE68
:108EF0008CC67D3F054108BE40B97D3F86CF09BE87
:108F0000CCAB7D3FF35D0BBE309E7D3F4AEC0CBE8B
:108F10006E907D3F8B7A0EBE85827D3FB70810BE76
:108F200074747D3FCC9611BE3D667D3FCA2413BE4E
:108F3000DE577D3FB2B214BE59497D3F834016BE15
:108F4000AC3A7D3F3DCE17BED82B7D3FE05B19BECE
:108F5000DD1C7D3F6BE91ABEBC0D7D3FDE761CBE7D
:108F600073FE7C3F38041EBE03EF7C3F7B911FBE27
:108F70006CDF7C3FA51E21BEAECF7C3FB6AB22BED0
:108F8000C9BF7C3FAD3824BEBDAF7C3F8CC525BE7C
:108F90008A9F7C3F515227BE318F7C3FFCDE28BE2A
:108FA000B07E7C3F8D6B2ABE086E7C3F04F82BBEE2
:108FB0003A5D7C3F61842DBE444C7C3FA2102FBEA5
:108FC000283B7C3FC99C30BEE5297C3FD42832BE7B
:108FD0007A187C3FC4B433BEE9067C3F984035BE66
:108FE00031F57B3F50CC36BE53E37B3FEC5738BE68
:108FF0004DD17B3F6CE339BE20BF7B3FCF6E3BBE84
:10900000CDAC7B3F15FA3CBE539A7B3F3E853EBEBE
:10901000B2877B3F491040BEEA747B3F379B41BE1D
:10902000FC617B3F072643BEE74E7B3FB9B044BEA1
:10903000AB3B7B3F4D3B46BE48287B3FC2C547BE4E
:10904000BE147B3F185049BE0E017B3F4FDA4ABE2B
:1090500037ED7A3F67644CBE3AD97A3F60EE4DBE39
:1090600016C57A3F38784FBECBB07A3FF10151BE7A
:10907000599C7A3F898B52BEC1877A3F011554BEF5
:1090800002737A3F589E55BE1C5E7A3F8F2757BEAB
:1090900010497A3FA4B058BEDD337A3F97395ABEA3
:1090A000841E7A3F6AC25BBE04097A3F1A4B5DBEDA
:1090B0005EF3793FA8D35EBE91DD793F135C60BE5D
:1090C0009DC7793F5CE461BE83B1793F836C63BE29
:1090D000439B793F86F464BEDC84793F667C66BE40
:1090E0004E6E793F220468BE9A57793FBA8B69BEAB
:1090F000C040793F2F136BBEBF29793F7F9A6CBE6A
:109100009812793FAB216EBE4AFB783FB2A86FBE82
:10911000D6E3783F942F71BE3BCC783F51B672BEF8
:109120007BB4783FE83C74BE939C783F5AC375BECD
:109130008684783FA64977BE526C783FCCCF78BE04
:10914000F853783FCB557ABE773B783FA4DB7BBEA4
:10915000D122783F56617DBE040A783FE1E67EBEAB
:1091600010F1773F223680BEF7D7773FC0F880BE38
:10917000B7BE773F4ABB81BE51A5773FC07D82BE57
:10918000C58B773F224083BE1372773F700284BE47
:109190003A58773FAAC484BE3C3E773FCE8685BE10
:1091A0001724773FDF4886BECC09773FDA0A87BEAF
:1091B0005BEF763FC1CC87BEC4D4763F938E88BE2A
:1091C00007BA763F505089BE249F763FF8118ABE79
:1091D0001B84763F8AD38ABEEC68763F07958BBEA8
:1091E000974D763F6E568CBE1B32763FC0178DBEB4
:1091F0007A16763FFCD88DBEB3FA753F229A8EBEA2
:10920000C6DE753F325B8FBEB3C2753F2C1C90BE6D
:109210007BA6753F10DD90BE1C8A753FDD9D91BE1B
:10922000976D753F945E92BEED50753F351F93BEAE
:109230001D34753FBFDF93BE2717753F31A094BE25
:109240000BFA743F8D6095BEC9DC743FD22096BE88
:1092500062BF743F00E196BED5A1743F17A197BECF
:109260002284743F166198BE4966743FFE2099BE01
:109270004B48743FCEE099BE272A743F86A09ABE21
:10928000DD0B743F27609BBE6EED733FAF1F9CBE2E
:10929000D9CE733F20DF9CBE1FB0733F789E9DBE2A
:1092A0003F91733FB85D9EBE3972733FDF1C9FBE16
:1092B0000E53733FEEDB9FBEBE33733FE59AA0BEF5
:1092C0004714733FC259A1BEACF4723F8718A2BEC7
:1092D000EBD4723F33D7A2BE04B5723FC595A3BE8F
:1092E000F894723F3F54A4BEC774723F9F12A5BE4C
:1092F0007054723FE5D0A5BEF433723F128FA6BE04
:109300005213723F254DA7BE8CF2713F1F0BA8BEB2
:109310009FD1713FFEC8A8BE8EB0713FC486A9BE62
:10932000578F713F6F44AABEFB6D713F0102ABBE08
:109330007A4C713F77BFABBED42A713FD47CACBEB0
:109340000809713F153AADBE17E7703F3CF7ADBE57
:1093500002C5703F49B4AEBEC6A2703F3A71AFBEFF
:109360006680703F102EB0BEE15D703FCBEAB0BEAC
:10937000373B703F6BA7B1BE6718703FEF63B2BE5B
:1093800073F56F3F5820B3BE5AD26F3FA5DCB3BE12
:109390001BAF6F3FD698B4BEB88B6F3FEC54B5BED1
:1093A00030686F3FE610B6BE83446F3FC3CCB6BE95
:1093B000B0206F3F8488B7BEBAFC6E3F2A44B8BE67
:1093C0009ED86E3FB2FFB8BE5DB46E3F1EBBB9BE45
:1093D000F88F6E3F6E76BABE6D6B6E3FA031BBBE2E
:1093E000BE466E3FB6ECBBBEEB216E3FAFA7BCBE28
:1093F000F2FC6D3F8B62BDBED5D76D3F4A1DBEBE30
:1094000093B26D3FEBD7BEBE2D8D6D3F6F92BFBE49
:10941000A1676D3FD54CC0BEF2416D3F1E07C1BE76
:109420001D1C6D3F48C1C1BE24F66C3F557BC2BEBA
:1094300007D06C3F4435C3BEC5A96C3F15EFC3BE12
:109440005E836C3FC8A8C4BED45C6C3F5C62C5BE82
:1094500024366C3FD21BC6BE500F6C3F29D5C6BE0A
:1094600058E86B3F628EC7BE3BC16B3F7C47C8BEAE
:10947000FB996B3F7700C9BE95726B3F53B9C9BE6C
:109480000C4B6B3F1072CABE5E236B3FAE2ACBBE45
:109490008CFB6A3F2CE3CBBE95D36A3F8B9BCCBE43
:1094A0007BAB6A3FCA53CDBE3C836A3FEA0BCEBE5C
:1094B000D95A6A3FEAC3CEBE52326A3FCA7BCFBE98
:1094C000A7096A3F8A33D0BED7E0693F2AEBD0BEF6
:1094D000E4B7693FAAA2D1BECC8E693F095AD2BE79
:1094E0009165693F4811D3BE323C693F67C8D3BE1E
:1094F000AE12693F647FD4BE07E9683F4136D5BEEE
:109500003CBF683FFDECD5BE4C95683F99A3D6BEE5
:10951000396B683F135AD7BE0341683F6B10D8BE02
:10952000A816683FA3C6D8BE2AEC673FB97CD9BE4F
:1095300087C1673FAD32DABEC196673F80E8DABEC9
:10954000D86B673F319EDBBECA40673FC153DCBE6C
:109550009915673F2E09DDBE45EA663F79BEDDBE3F
:10956000CCBE663FA273DEBE3093663FA928DFBE45
:109570007167663F8DDDDFBE8E3B663F4F92E0BE7A
:10958000880F663FEE46E1BE5EE3653F6AFBE1BEE3
:1095900010B7653FC4AFE2BEA08A653FFA63E3BE81
:1095A0000B5E653F0E18E4BE5431653FFECBE4BE52
:1095B0007904653FCB7FE5BE7BD7643F7533E6BE5C
:1095C00059AA643FFBE6E6BE147D643F5D9AE7BEA0
:1095D000AC4F643F9C4DE8BE2122643FB700E9BE1A
:1095E00073F4633FAEB3E9BEA1C6633F8166EABED2
:1095F000AC98633F3019EBBE956A633FBBCBEBBEC3
:109600005A3C633F217EECBEFC0D633F6330EDBEF0
:109610007BDF623F80E2EDBED7B0623F7994EEBE61
:109620001082623F4C46EFBE2653623FFBF7EFBE0F
:109630001A24623F85A9F0BEEAF4613FEA5AF1BEFE
:1096400098C5613F290CF2BE2296613F43BDF2BE30
:109650008A66613F386EF3BED036613F071FF4BEA5
:10966000F206613FB1CFF4BEF2D6603F3580F5BE61
:10967000CFA6603F9330F6BE8976603FCBE0F6BE62
:109680002146603FDC90F7BE9615603FC840F8BEAB
:10969000E9E45F3F8EF0F8BE19B45F3F2DA0F9BE3C
:1096A00027835F3FA54FFABE12525F3FF7FEFABE17
:1096B000DB205F3F22AEFBBE81EF5E3F275DFCBE3D
:1096C00005BE5E3F040CFDBE678C5E3FBBBAFDBEAF
:1096D000A65A5E3F4A69FEBEC3285E3FB217FFBE70
:1096E000BEF65D3FF3C5FFBE97C45D3F063A00BFBF
:1096F0004D925D3FFF9000BFE15F5D3FE4E700BF3B
:10970000532D5D3FB53E01BFA3FA5C3F739501BF8A
:10971000D1C75C3F1CEC01BFDD945C3FB14202BF8E
:10972000C7615C3F329902BF8E2E5C3F9FEF02BF44
:1097300034FB5B3FF84503BFB8C75B3F3D9C03BFAD
:109740001A945B3F6DF203BF5A605B3F894804BFC8
:10975000792C5B3F919E04BF75F85A3F84F404BF97
:1097600050C45A3F624A05BF09905A3F2CA005BF1A
:10977000A05B5A3FE2F505BF16275A3F824B06BF52
:109780006AF2593F0EA106BF9CBD593F86F606BF3F
:10979000AD88593FE84B07BF9C53593F36A107BFDF
:1097A0006A1E593F6FF607BF17E9583F924B08BF33
:1097B000A1B3583FA1A008BF0B7E583F9BF508BF3F
:1097C0005348583F7F4A09BF7912583F4E9F09BFFF
:1097D0007FDC573F09F409BF63A6573FAD480ABF76
:1097E0002670573F3D9D0ABFC739573FB7F10ABFA3
:1097F0004803573F1C460BBFA7CC563F6B9A0BBF85
:10980000E595563FA5EE0BBF025F563FC9420CBF20
:10981000FE27563FD7960CBFD9F0553FD0EA0CBF74
:1098200093B9553FB33E0DBF2C82553F81920DBF7A
:10983000A44A553F38E60DBFFB12553FDA390EBF3B
:1098400031DB543F658D0EBF47A3543FDBE00EBFB5
:109850003B6B543F3B340FBF0F33543F84870FBFE4
:10986000C3FA533FB8DA0FBF55C2533FD52D10BFCF
:10987000C789533FDC8010BF1851533FCDD310BF71
:109880004918533FA72611BF59DF523F6B7911BFCB
:1098900049A6523F19CC11BF186D523FB01E12BFDE
:1098A000C633523F307112BF54FA513F9AC312BFB0
:1098B000C2C0513FEE1513BF1087513F2A6813BF36
:1098C0003D4D513F50BA13BF4A13513F5F0C14BF77
:1098D00037D9503F585E14BF039F503F39B014BF73
:1098E000AF64503F040215BF3B2A503FB75315BF2A
:1098F000A8EF4F3F54A515BFF4B44F3FD9F615BF9D
:109900001F7A4F3F474816BF2B3F4F3F9F9916BFC7
:1099100017044F3FDFEA16BFE4C84E3F073C17BFAE
:10992000908D4E3F188D17BF1C524E3F12DE17BF51
:1099300089164E3FF52E18BFD5DA4D3FC07F18BFB0
:10994000029F4D3F73D018BF10634D3F0F2119BFC9
:10995000FD264D3F947119BFCBEA4C3F00C219BFA1
:1099600079AE4C3F55121ABF08724C3F93621ABF32
:1099700078354C3FB8B21ABFC7F84B3FC6021BBF81
:10998000F8BB4B3FBB521BBF097F4B3F99A21BBF8C
:10999000FA414B3F5FF21BBFCC044B3F0C421CBF54
:1099A0007FC74A3FA2911CBF138A4A3F1FE11CBFD9
:1099B000874C4A3F84301DBFDC0E4A3FD17F1DBF1C
:1099C00012D1493F06CF1DBF2993493F221E1EBF1A
:1099D0002155493F266D1EBFFA16493F12BC1EBFD6
:1099E000B3D8483FE50A1FBF4E9A483F9F591FBF53
:1099F000CA5B483F41A81FBF271D483FCBF61FBF8A
:109A000065DE473F3B4520BF849F473F939320BF80
:109A10008560473FD2E120BF6721473FF92F21BF33
:109A20002AE2463F067E21BFCEA2463FFBCB21BFA6
:109A30005463463FD71922BFBB23463F996722BFD5
:109A400003E4453F43B522BF2DA4453FD30223BFC6
:109A50003964453F4B5023BF2624453FA99D23BF72
:109A6000F5E3443FEEEA23BFA5A3443F1A3824BFE1
:109A70003763443F2C8524BFAB22443F25D224BF0B
:109A800000E2433F041F25BF38A1433FCB6B25BFF6
:109A90005160433F77B825BF4C1F433F0A0526BF9F
:109AA00029DE423F845126BFE89C423FE39D26BF0A
:109AB000895B423F2AEA26BF0B1A423F563627BF30
:109AC00070D8413F688227BFB796413F61CE27BF1C
:109AD000E154413F401A28BFEC12413F056628BFC0
:109AE000DAD0403FB0B128BFA98E403F41FD28BF2A
:109AF0005C4C403FB84829BFF009403F159429BF4E
:109B000067C73F3F57DF29BFC0843F3F802A2ABF36
:109B1000FC413F3F8E752ABF1BFF3E3F82C02ABFDC
:109B20001BBC3E3F5B0B2BBFFF783E3F1B562BBF42
:109B3000C5353E3FBFA02BBF6EF23D3F4AEB2BBF6A
:109B4000F9AE3D3FB9352CBF676B3D3F0F802CBF51
:109B5000B8273D3F49CA2CBFECE33C3F69142DBFF9
:109B600003A03C3F6F5E2DBFFC5B3C3F59A82DBF5F
:109B7000D9173C3F29F22DBF98D33B3FDE3B2EBF88
:109B80003B8F3B3F78852EBFC14A3B3FF7CE2EBF70
:109B900029063B3F5B182FBF75C13A3FA5612FBF18
:109BA000A47C3A3FD3AA2FBFB7373A3FE6F32FBF83
:109BB000ACF2393FDE3C30BF85AD393FBB8530BFAD
:109BC0004268393F7CCE30BFE122393F221731BF96
:109BD00065DD383FAD5F31BFCB97383F1DA831BF42
:109BE0001652383F71F031BF430C383FAA3832BFAC
:109BF00055C6373FC78032BF4A80373FC9C832BFDA
:109C0000233A373FAF1033BFDFF3363F7A5833BFC5
:109C10007FAD363F29A033BF0467363FBCE733BF73
:109C20006C20363F342F34BFB8D9353F8F7634BFE0
:109C3000E792353FCFBD34BFFB4B353FF30435BF13
:109C4000F304353FFB4B35BFCFBD343FE79235BF03
:109C50008F76343FB8D935BF342F343F6C2036BFB0
:109C6000BCE7333F046736BF29A0333F7FAD36BF23
:109C70007A58333FDFF336BFAF10333F233A37BF55
:109C8000C9C8323F4A8037BFC780323F55C637BF49
:109C9000AA38323F430C38BF71F0313F165238BFFB
:109CA0001DA8313FCB9738BFAD5F313F65DD38BF71
:109CB0002217313FE12239BF7CCE303F426839BFA5
:109CC000BB85303F85AD39BFDE3C303FACF239BF9C
:109CD000E6F32F3FB7373ABFD3AA2F3FA47C3ABF52
:109CE000A5612F3F75C13ABF5B182F3F29063BBFC7
:109CF000F7CE2E3FC14A3BBF78852E3F3B8F3BBFFF
:109D0000DE3B2E3F98D33BBF29F22D3FD9173CBFF6
:109D100059A82D3FFC5B3CBF6F5E2D3F03A03CBFAD
:109D200069142D3FECE33CBF49CA2C3FB8273DBF27
:109D30000F802C3F676B3DBFB9352C3FF9AE3DBF5F
:109D40004AEB2B3F6EF23DBFBFA02B3FC5353EBF58
:109D50001B562B3FFF783EBF5B0B2B3F1BBC3EBF10
:109D600082C02A3F1BFF3EBF8E752A3FFC413FBF8A
:109D7000802A2A3FC0843FBF57DF293F67C73FBFC4
:109D80001594293FF00940BFB848293F5C4C40BFBB
:109D900041FD283FA98E40BFB0B1283FDAD040BF77
:109DA0000566283FEC1241BF401A283FE15441BFED
:109DB00061CE273FB79641BF6882273F70D841BF29
:109DC0005636273F0B1A42BF2AEA263F895B42BF1D
:109DD000E39D263FE89C42BF8451263F29DE42BFD7
:109DE0000A05263F4C1F43BF77B8253F516043BF4C
:109DF000CB6B253F38A143BF041F253F00E243BF83
:109E000025D2243FAB2244BF2C85243F376344BF77
:109E10001A38243FA5A344BFEEEA233FF5E344BF2D
:109E2000A99D233F262445BF4B50233F396445BF9E
:109E3000D302233F2DA445BF43B5223F03E445BFD2
:109E40009967223FBB2346BFD719223F546346BFC1
:109E5000FBCB213FCEA246BF067E213F2AE246BF72
:109E6000F92F213F672147BFD2E1203F856047BFDF
:109E70009393203F849F47BF3B45203F65DE47BF0C
:109E8000CBF61F3F271D48BF41A81F3FCA5B48BFF5
:109E90009F591F3F4E9A48BFE50A1F3FB3D848BF9E
:109EA00012BC1E3FFA1649BF266D1E3F215549BF01
:109EB000221E1E3F299349BF06CF1D3F12D149BF25
:109EC000D17F1D3FDC0E4ABF84301D3F874C4ABF07
:109ED0001FE11C3F138A4ABFA2911C3F7FC74ABFA4
:109EE0000C421C3FCC044BBF5FF21B3FFA414BBFFF
:109EF00099A21B3F097F4BBFBB521B3FF8BB4BBF17
:109F0000C6021B3FC7F84BBFB8B21A3F78354CBFEB
:109F100093621A3F08724CBF55121A3F79AE4CBF7C
:109F200000C2193FCBEA4CBF9471193FFD264DBFCB
:109F30000F21193F10634DBF73D0183F029F4DBFD3
:109F4000C07F183FD5DA4DBFF52E183F89164EBF9A
:109F500012DE173F1C524EBF188D173F908D4EBF1B
:109F6000073C173FE4C84EBFDFEA163F17044FBF58
:109F70009F99163F2B3F4FBF4748163F1F7A4FBF51
:109F8000D9F6153FF4B44FBF54A5153FA8EF4FBF06
:109F9000B753153F3B2A50BF0402153FAF6450BF73
:109FA00039B0143F039F50BF585E143F37D950BF9C
:109FB0005F0C143F4A1351BF50BA133F3D4D51BF80
:109FC0002A68133F108751BFEE15133FC2C051BF1F
:109FD0009AC3123F54FA51BF3071123FC63352BF79
:109FE000B01E123F186D52BF19CC113F49A652BF87
:109FF0006B79113F59DF52BFA726113F491853BF54
:10A00000CDD3103F185153BFDC80103FC78953BFD9
:10A01000D52D103F55C253BFB8DA0F3FC3FA53BF17
:10A0200084870F3F0F3354BF3B340F3F3B6B54BF0C
:10A03000DBE00E3F47A354BF658D0E3F31DB54BFBD
:10A04000DA390E3FFB1255BF38E60D3FA44A55BF23
:10A0500081920D3F2C8255BFB33E0D3F93B955BF42
:10A06000D0EA0C3FD9F055BFD7960C3FFE2756BF1C
:10A07000C9420C3F025F56BFA5EE0B3FE59556BFA8
:10A080006B9A0B3FA7CC56BF1C460B3F480357BFEC
:10A09000B7F10A3FC73957BF3D9D0A3F267057BFEA
:10A0A000AD480A3F63A657BF09F4093F7FDC57BF9D
:10A0B0004E9F093F791258BF7F4A093F534858BF06
:10A0C0009BF5083F0B7E58BFA1A0083FA1B358BF26
:10A0D000924B083F17E958BF6FF6073F6A1E59BFFA
:10A0E00036A1073F9C5359BFE84B073FAD8859BF86
:10A0F00086F6063F9CBD59BF0EA1063F6AF259BFC6
:10A10000824B063F16275ABFE2F5053FA05B5ABFB8
:10A110002CA0053F09905ABF624A053F50C45ABF60
:10A1200084F4043F75F85ABF919E043F792C5BBFBD
:10A130008948043F5A605BBF6DF2033F1A945BBFCE
:10A140003D9C033FB8C75BBFF845033F34FB5BBF93
:10A150009FEF023F8E2E5CBF3299023FC7615CBF0A
:10A16000B142023FDD945CBF1CEC013FD1C75CBF34
:10A170007395013FA3FA5CBFB53E013F532D5DBF10
:10A18000E4E7003FE15F5DBFFF90003F4D925DBFA0
:10A19000063A003F97C45DBFF3C5FF3EBEF65DBF04
:10A1A000B217FF3EC3285EBF4A69FE3EA65A5EBF95
:10A1B000BBBAFD3E678C5EBF040CFD3E05BE5EBFB4
:10A1C000275DFC3E81EF5EBF22AEFB3EDB205FBF22
:10A1D000F7FEFA3E12525FBFA54FFA3E27835FBFDC
:10A1E0002DA0F93E19B45FBF8EF0F83EE9E45FBFE1
:10A1F000C840F83E961560BFDC90F73E214660BF30
:10A20000CBE0F63E897660BF9330F63ECFA660BFC6
:10A210003580F53EF2D660BFB1CFF43EF20661BFA5
:10A22000071FF43ED03661BF386EF33E8A6661BFC9
:10A2300043BDF23E229661BF290CF23E98C561BF34
:10A24000EA5AF13EEAF461BF85A9F03E1A2462BFE2
:10A25000FBF7EF3E265362BF4C46EF3E108262BFD3
:10A260007994EE3ED7B062BF80E2ED3E7BDF62BF05
:10A270006330ED3EFC0D63BF217EEC3E5A3C63BF74
:10A28000BBCBEB3E956A63BF3019EB3EAC9863BF26
:10A290008166EA3EA1C663BFAEB3E93E73F463BF15
:10A2A000B700E93E212264BF9C4DE83EAC4F64BF3D
:10A2B0005D9AE73E147D64BFFBE6E63E59AA64BFA3
:10A2C0007533E63E7BD764BFCB7FE53E790465BF3F
:10A2D000FECBE43E543165BF0E18E43E0B5E65BF15
:10A2E000FA63E33EA08A65BFC4AFE23E10B765BF24
:10A2F0006AFBE13E5EE365BFEE46E13E880F66BF66
:10A300004F92E03E8E3B66BF8DDDDF3E716766BFDC
:10A31000A928DF3E309366BFA273DE3ECCBE66BF87
:10A3200079BEDD3E45EA66BF2E09DD3E991567BF61
:10A33000C153DC3ECA4067BF319EDB3ED86B67BF6E
:10A3400080E8DA3EC19667BFAD32DA3E87C167BFAB
:10A35000B97CD93E2AEC67BFA3C6D83EA81668BF11
:10A360006B10D83E034168BF135AD73E396B68BFA4
:10A3700099A3D63E4C9568BFFDECD53E3CBF68BF67
:10A380004136D53E07E968BF647FD43EAE1269BF4F
:10A3900067C8D33E323C69BF4811D33E916569BF5F
:10A3A000095AD23ECC8E69BFAAA2D13EE4B769BF9A
:10A3B0002AEBD03ED7E069BF8A33D03EA7096ABFF7
:10A3C000CA7BCF3E52326ABFEAC3CE3ED95A6ABF79
:10A3D000EA0BCE3E3C836ABFCA53CD3E7BAB6ABF1D
:10A3E0008B9BCC3E95D36ABF2CE3CB3E8CFB6ABFE4
:10A3F000AE2ACB3E5E236BBF1072CA3E0C4B6BBFC6
:10A4000053B9C93E95726BBF7700C93EFB996BBFCC
:10A410007C47C83E3BC16BBF628EC73E58E86BBFEE
:10A4200029D5C63E500F6CBFD21BC63E24366CBF2A
:10A430005C62C53ED45C6CBFC8A8C43E5E836CBF82
:10A4400015EFC33EC5A96CBF4435C33E07D06CBFF2
:10A45000557BC23E24F66CBF48C1C13E1D1C6DBF7A
:10A460001E07C13EF2416DBFD54CC03EA1676DBF16
:10A470006F92BF3E2D8D6DBFEBD7BE3E93B26DBFC9
:10A480004A1DBE3ED5D76DBF8B62BD3EF2FC6DBF8F
:10A49000AFA7BC3EEB216EBFB6ECBB3EBE466EBF67
:10A4A000A031BB3E6D6B6EBF6E76BA3EF88F6EBF4D
:10A4B0001EBBB93E5DB46EBFB2FFB83E9ED86EBF44
:10A4C0002A44B83EBAFC6EBF8488B73EB0206FBF46
:10A4D000C3CCB63E83446FBFE610B63E30686FBF54
:10A4E000EC54B53EB88B6FBFD698B43E1BAF6FBF70
:10A4F000A5DCB33E5AD26FBF5820B33E73F56FBF91
:10A50000EF63B23E671870BF6BA7B13E373B70BFB9
:10A51000CBEAB03EE15D70BF102EB03E668070BFEA
:10A520003A71AF3EC6A270BF49B4AE3E02C570BF1D
:10A530003CF7AD3E17E770BF153AAD3E080971BF55
:10A54000D47CAC3ED42A71BF77BFAB3E7A4C71BF8E
:10A550000102AB3EFB6D71BF6F44AA3E578F71BFC6
:10A56000C486A93E8EB071BFFEC8A83E9FD171BF00
:10A570001F0BA83E8CF271BF254DA73E521372BF30
:10A58000128FA63EF43372BFE5D0A53E705472BF61
:10A590009F12A53EC77472BF3F54A43EF89472BF89
:10A5A000C595A33E04B572BF33D7A23EEBD472BFAC
:10A5B0008718A23EACF472BFC259A13E471473BFC4
:10A5C000E59AA03EBE3373BFEEDB9F3E0E5373BFD2
:10A5D000DF1C9F3E397273BFB85D9E3E3F9173BFD3
:10A5E000789E9D3E1FB073BF20DF9C3ED9CE73BFC7
:10A5F000AF1F9C3E6EED73BF27609B3EDD0B74BFAB
:10A6000086A09A3E272A74BFCEE0993E4B4874BF7D
:10A61000FE20993E496674BF1661983E228474BF3D
:10A6200017A1973ED5A174BF00E1963E62BF74BFEB
:10A63000D220963EC9DC74BF8D60953E0BFA74BF84
:10A6400031A0943E271775BFBFDF933E1D3475BF01
:10A65000351F933EED5075BF945E923E976D75BF6A
:10A66000DD9D913E1C8A75BF10DD903E7BA675BFB7
:10A670002C1C903EB3C275BF325B8F3EC6DE75BFE9
:10A68000229A8E3EB3FA75BFFCD88D3E7A1676BFFD
:10A69000C0178D3E1B3276BF6E568C3E974D76BFEF
:10A6A00007958B3EEC6876BF8AD38A3E1B8476BFC3
:10A6B000F8118A3E249F76BF5050893E07BA76BF74
:10A6C000938E883EC4D476BFC1CC873E5BEF76BF05
:10A6D000DA0A873ECC0977BFDF48863E172477BF6A
:10A6E000CE86853E3C3E77BFAAC4843E3A5877BFAB
:10A6F0007002843E137277BF2240833EC58B77BFC2
:10A70000C07D823E51A577BF4ABB813EB7BE77BFB1
:10A71000C0F8803EF7D777BF2236803E10F177BF72
:10A72000E1E67E3E040A78BF56617D3ED12278BFC5
:10A73000A4DB7B3E773B78BFCB557A3EF85378BF9E
:10A74000CCCF783E526C78BFA649773E868478BFDE
:10A750005AC3753E939C78BFE83C743E7BB478BF87
:10A7600051B6723E3BCC78BF942F713ED6E378BF92
:10A77000B2A86F3E4AFB78BFAB216E3E981279BFFC
:10A780007F9A6C3EBF2979BF2F136B3EC04079BFC3
:10A79000BA8B693E9A5779BF2204683E4E6E79BFE4
:10A7A000667C663EDC8479BF86F4643E439B79BF59
:10A7B000836C633E83B179BF5CE4613E9DC779BF22
:10A7C000135C603E91DD79BFA8D35E3E5EF379BF36
:10A7D0001A4B5D3E04097ABF6AC25B3E841E7ABF93
:10A7E00097395A3EDD337ABFA4B0583E10497ABF3C
:10A7F0008F27573E1C5E7ABF589E553E02737ABF24
:10A800000115543EC1877ABF898B523E599C7ABF4D
:10A81000F101513ECBB07ABF38784F3E16C57ABFB2
:10A8200060EE4D3E3AD97ABF67644C3E37ED7ABF51
:10A830004FDA4A3E0E017BBF1850493EBE147BBF23
:10A84000C2C5473E48287BBF4D3B463EAB3B7BBF26
:10A85000B9B0443EE74E7BBF0726433EFC617BBF59
:10A86000379B413EEA747BBF4910403EB2877BBFB5
:10A870003E853E3E539A7BBF15FA3C3ECDAC7BBF36
:10A88000CF6E3B3E20BF7BBF6CE3393E4DD17BBFDB
:10A89000EC57383E53E37BBF50CC363E31F57BBF9F
:10A8A0009840353EE9067CBFC4B4333E7A187CBF7D
:10A8B000D428323EE5297CBFC99C303E283B7CBF72
:10A8C000A2102F3E444C7CBF61842D3E3A5D7CBF7C
:10A8D00004F82B3E086E7CBF8D6B2A3EB07E7CBF99
:10A8E000FCDE283E318F7CBF5152273E8A9F7CBFC1
:10A8F0008CC5253EBDAF7CBFAD38243EC9BF7CBFF3
:10A90000B6AB223EAECF7CBFA51E213E6CDF7CBF26
:10A910007B911F3E03EF7CBF38041E3E73FE7CBF5D
:10A92000DE761C3EBC0D7DBF6BE91A3EDD1C7DBF93
:10A93000E05B193ED82B7DBF3DCE173EAC3A7DBFC4
:10A940008340163E59497DBFB2B2143EDE577DBFEB
:10A95000CA24133E3D667DBFCC96113E74747DBF04
:10A96000B708103E85827DBF8B7A0E3E6E907DBF0C
:10A970004AEC0C3E309E7DBFF35D0B3ECCAB7DBF01
:10A9800086CF093E40B97DBF0541083E8CC67DBFDC
:10A990006EB2063EB2D37DBFC223053EB1E07DBF9D
:10A9A0000295033E88ED7DBF2E06023E38FA7DBF3C
:10A9B0004577003EC2067EBF92D0FD3D24137EBF88
:10A9C00073B2FA3D5E1F7EBF2C94F73D722B7EBFA3
:10A9D000C075F43D5E377EBF2E57F13D23437EBFE9
:10A9E0007638EE3DC14E7EBF9A19EB3D385A7EBF98
:10A9F0009AFAE73D88657EBF76DBE43DB0707EBFA6
:10AA00002EBCE13DB17B7EBFC49CDE3D8B867EBF0C
:10AA1000377DDB3D3D917EBF895DD83DC99B7EBFC3
:10AA2000B93DD53D2DA67EBFC81DD23D69B07EBFC4
:10AA3000B7FDCE3D7FBA7EBF86DDCB3D6DC47EBF08
:10AA400036BDC83D34CE7EBFC69CC53DD4D77EBF83
:10AA5000397CC23D4CE17EBF8D5BBF3D9DEA7EBF30
:10AA6000C33ABC3DC7F37EBFDD19B93DC9FC7EBF0B
:10AA7000DAF8B53DA4057FBFBBD7B23D580E7FBF06
:10AA800080B6AF3DE4167FBF2B95AC3D491F7FBF1D
:10AA9000BA73A93D87277FBF3052A63D9D2F7FBF48
:10AAA0008C30A33D8D377FBFCF0EA03D543F7FBF7D
:10AAB000F9EC9C3DF4467FBF0ACB993D6D4E7FBFBC
:10AAC00005A9963DBF557FBFE786933DE95C7FBFF3
:10AAD000B464903DEC637FBF6A428D3DC76A7FBF1F
:10AAE0000A208A3D7B717FBF94FD863D08787FBF39
:10AAF0000ADB833D6D7E7FBF6CB8803DAB847FBF3A
:10AB0000742B7B3DC28A7FBFE9E5743DB1907FBF66
:10AB100038A06E3D78967FBF625A683D189C7FBF13
:10AB20006814623D91A17FBF4CCE5B3DE3A67FBF21
:10AB30000E88553D0DAC7FBFAF414F3D0FB17FBF7C
:10AB40002FFB483DEAB57FBF91B4423D9EBA7FBF1F
:10AB5000D56D3C3D2ABF7FBFFC26363D8FC37FBFEE
:10AB600007E02F3DCCC77FBFF698293DE2CB7FBFE2
:10AB7000CC51233DD1CF7FBF880A1D3D98D37FBFE5
:10AB80002CC3163D37D77FBFB87B103DAFDA7FBFF0
:10AB90002F340A3D00DE7FBF90EC033D29E17FBFEB
:10ABA000B949FB3C2BE47FBF2DBAEE3C05E77FBFE4
:10ABB0007B2AE23CB8E97FBFA69AD53C43EC7FBF35
:10ABC000B00AC93CA7EE7FBF9B7ABC3CE3F07FBFD5
:10ABD00069EAAF3CF8F27FBF1C5AA33CE6F47FBFA2
:10ABE000B6C9963CACF67FBF38398A3C4AF87FBF7D
:10ABF0004B517B3CC1F97FBF0030623C11FB7FBFF2
:10AC0000900E493C39FC7FBF02ED2F3C39FD7FBFE0
:10AC100059CB163C13FE7FBF3053FB3BC4FE7FBFB6
:10AC2000890FC93B4EFF7FBFC1CB963BB1FF7FBFB2
:10AC3000C70F493BECFF7FBFD40FC93A000080BF6C
:10AC400000000000ECFF7FBFD40FC9BAB1FF7FBF87
:10AC5000C70F49BB4EFF7FBFC1CB96BBC4FE7FBFB2
:10AC6000890FC9BB13FE7FBF3053FBBB39FD7FBFCC
:10AC700059CB16BC39FC7FBF02ED2FBC11FB7FBF47
:10AC8000900E49BCC1F97FBF003062BC4AF87FBF5B
:10AC90004B517BBCACF67FBF38398ABCE6F47FBF32
:10ACA000B6C996BCF8F27FBF1C5AA3BCE3F07FBFC5
:10ACB00069EAAFBCA7EE7FBF9B7ABCBC43EC7FBF09
:10ACC000B00AC9BCB8E97FBFA69AD5BC05E77FBF6B
:10ACD0007B2AE2BC2BE47FBF2DBAEEBC29E17FBF0B
:10ACE000B949FBBC00DE7FBF90EC03BDAFDA7FBF8C
:10ACF0002F340ABD37D77FBFB87B10BD98D37FBF35
:10AD00002CC316BDD1CF7FBF880A1DBDE2CB7FBF4C
:10AD1000CC5123BDCCC77FBFF69829BD8FC37FBF61
:10AD200007E02FBD2ABF7FBFFC2636BD9EBA7FBF7E
:10AD3000D56D3CBDEAB57FBF91B442BD0FB17FBFB9
:10AD40002FFB48BD0DAC7FBFAF414FBDE3A67FBF1A
:10AD50000E8855BD91A17FBF4CCE5BBD189C7FBFB7
:10AD6000681462BD78967FBF625A68BDB1907FBF9C
:10AD700038A06EBDC28A7FBFE9E574BDAB847FBFDA
:10AD8000742B7BBD6D7E7FBF6CB880BD08787FBFA4
:10AD90000ADB83BD7B717FBF94FD86BDC76A7FBF21
:10ADA0000A208ABDEC637FBF6A428DBDE95C7FBF2C
:10ADB000B46490BDBF557FBFE78693BD6D4E7FBF26
:10ADC00005A996BDF4467FBF0ACB99BD543F7FBF0E
:10ADD000F9EC9CBD8D377FBFCF0EA0BD9D2F7FBFEF
:10ADE0008C30A3BD87277FBF3052A6BD491F7FBFD0
:10ADF000BA73A9BDE4167FBF2B95ACBD580E7FBFBB
:10AE000080B6AFBDA4057FBFBBD7B2BDC9FC7EBFB6
:10AE1000DAF8B5BDC7F37EBFDD19B9BD9DEA7EBFC7
:10AE2000C33ABCBD4CE17EBF8D5BBFBDD4D77EBFF6
:10AE3000397CC2BD34CE7EBFC69CC5BD6DC47EBF4D
:10AE400036BDC8BD7FBA7EBF86DDCBBD69B07EBFD3
:10AE5000B7FDCEBD2DA67EBFC81DD2BDC99B7EBF8E
:10AE6000B93DD5BD3D917EBF895DD8BD8B867EBF86
:10AE7000377DDBBDB17B7EBFC49CDEBDB0707EBFC5
:10AE80002EBCE1BD88657EBF76DBE4BD385A7EBF4F
:10AE90009AFAE7BDC14E7EBF9A19EBBD23437EBF30
:10AEA0007638EEBD5E377EBF2E57F1BD722B7EBF6A
:10AEB000C075F4BD5E1F7EBF2C94F7BD24137EBF0A
:10AEC00073B2FABDC2067EBF92D0FDBD38FA7DBF17
:10AED000457700BE88ED7DBF2E0602BEB1E07DBF86
:10AEE000029503BEB2D37DBFC22305BE8CC67DBF13
:10AEF0006EB206BE40B97DBF054108BECCAB7DBF7A
:10AF000086CF09BE309E7DBFF35D0BBE6E907DBFC8
:10AF10004AEC0CBE85827DBF8B7A0EBE74747DBFF9
:10AF2000B70810BE3D667DBFCC9611BEDE577DBF13
:10AF3000CA2413BE59497DBFB2B214BEAC3A7DBF1C
:10AF4000834016BED82B7DBF3DCE17BEDD1C7DBF16
:10AF5000E05B19BEBC0D7DBF6BE91ABE73FE7CBF02
:10AF6000DE761CBE03EF7CBF38041EBE6CDF7CBFE8
:10AF70007B911FBEAECF7CBFA51E21BEC9BF7CBFCB
:10AF8000B6AB22BEBDAF7CBFAD3824BE8A9F7CBFAE
:10AF90008CC525BE318F7CBF515227BEB07E7CBF91
:10AFA000FCDE28BE086E7CBF8D6B2ABE3A5D7CBF7E
:10AFB00004F82BBE444C7CBF61842DBE283B7CBF73
:10AFC000A2102FBEE5297CBFC99C30BE7A187CBF79
:10AFD000D42832BEE9067CBFC4B433BE31F57BBF92
:10AFE000984035BE53E37BBF50CC36BE4DD17BBFBE
:10AFF000EC5738BE20BF7BBF6CE339BECDAC7BBF06
:10B00000CF6E3BBE539A7BBF15FA3CBEB2877BBF67
:10B010003E853EBEEA747BBF491040BEFC617BBFEB
:10B02000379B41BEE74E7BBF072643BEAB3B7BBF92
:10B03000B9B044BE48287BBF4D3B46BEBE147BBF63
:10B04000C2C547BE0E017BBF185049BE37ED7ABF5F
:10B050004FDA4ABE3AD97ABF67644CBE16C57ABF8A
:10B0600060EE4DBECBB07ABF38784FBE599C7ABFE8
:10B07000F10151BEC1877ABF898B52BE02737ABF7C
:10B08000011554BE1C5E7ABF589E55BE10497ABF4A
:10B090008F2757BEDD337ABFA4B058BE841E7ABF57
:10B0A00097395ABE04097ABF6AC25BBE5EF379BFA4
:10B0B0001A4B5DBE91DD79BFA8D35EBE9DC779BF37
:10B0C000135C60BE83B179BF5CE461BE439B79BF12
:10B0D000836C63BEDC8479BF86F464BE4E6E79BF38
:10B0E000667C66BE9A5779BF220468BEC04079BFAD
:10B0F000BA8B69BEBF2979BF2F136BBE981279BF77
:10B100007F9A6CBE4AFB78BFAB216EBED6E378BF98
:10B11000B2A86FBE3BCC78BF942F71BE7BB478BF12
:10B1200051B672BE939C78BFE83C74BE868478BFEB
:10B130005AC375BE526C78BFA64977BEF85378BF24
:10B14000CCCF78BE773B78BFCB557ABED12278BFC3
:10B15000A4DB7BBE040A78BF56617DBE10F177BFC9
:10B16000E1E67EBEF7D777BF223680BEB7BE77BF97
:10B17000C0F880BE51A577BF4ABB81BEC58B77BFE3
:10B18000C07D82BE137277BF224083BE3A5877BF1C
:10B19000700284BE3C3E77BFAAC484BE172477BF2A
:10B1A000CE8685BECC0977BFDF4886BE5BEF76BF13
:10B1B000DA0A87BEC4D476BFC1CC87BE07BA76BFD1
:10B1C000938E88BE249F76BF505089BE1B8476BF65
:10B1D000F8118ABEEC6876BF8AD38ABE974D76BFD7
:10B1E00007958BBE1B3276BF6E568CBE7A1676BF25
:10B1F000C0178DBEB3FA75BFFCD88DBEC6DE75BF55
:10B20000229A8EBEB3C275BF325B8FBE7BA675BF5E
:10B210002C1C90BE1C8A75BF10DD90BE976D75BF4B
:10B22000DD9D91BEED5075BF945E92BE1D3475BF1D
:10B23000351F93BE271775BFBFDF93BE0BFA74BFD0
:10B2400031A094BEC9DC74BF8D6095BE62BF74BF6F
:10B25000D22096BED5A174BF00E196BE228474BFF1
:10B2600017A197BE496674BF166198BE4B4874BF5C
:10B27000FE2099BE272A74BFCEE099BEDD0B74BFB5
:10B2800086A09ABE6EED73BF27609BBED9CE73BFFA
:10B29000AF1F9CBE1FB073BF20DF9CBE3F9173BF2A
:10B2A000789E9DBE397273BFB85D9EBE0E5373BF4C
:10B2B000DF1C9FBEBE3373BFEEDB9FBE471473BF60
:10B2C000E59AA0BEACF472BFC259A1BEEBD472BF66
:10B2D0008718A2BE04B572BF33D7A2BEF89472BF5E
:10B2E000C595A3BEC77472BF3F54A4BE705472BF4D
:10B2F0009F12A5BEF43372BFE5D0A5BE521372BF34
:10B30000128FA6BE8CF271BF254DA7BE9FD171BF13
:10B310001F0BA8BE8EB071BFFEC8A8BE578F71BFED
:10B32000C486A9BEFB6D71BF6F44AABE7A4C71BFC3
:10B330000102ABBED42A71BF77BFABBE080971BF93
:10B34000D47CACBE17E770BF153AADBE02C570BF66
:10B350003CF7ADBEC6A270BF49B4AEBE668070BF3A
:10B360003A71AFBEE15D70BF102EB0BE373B70BF0B
:10B37000CBEAB0BE671870BF6BA7B1BE73F56FBFE5
:10B38000EF63B2BE5AD26FBF5820B3BE1BAF6FBFC0
:10B39000A5DCB3BEB88B6FBFD698B4BE30686FBFA4
:10B3A000EC54B5BE83446FBFE610B6BEB0206FBF8D
:10B3B000C3CCB6BEBAFC6EBF8488B7BE9ED86EBF83
:10B3C0002A44B8BE5DB46EBFB2FFB8BEF88F6EBF80
:10B3D0001EBBB9BE6D6B6EBF6E76BABEBE466EBF8B
:10B3E000A031BBBEEB216EBFB6ECBBBEF2FC6DBFA5
:10B3F000AFA7BCBED5D76DBF8B62BDBE93B26DBFCC
:10B400004A1DBEBE2D8D6DBFEBD7BEBEA1676DBF01
:10B410006F92BFBEF2416DBFD54CC0BE1D1C6DBF4B
:10B420001E07C1BE24F66CBF48C1C1BE07D06CBFA9
:10B43000557BC2BEC5A96CBF4435C3BE5E836CBF1D
:10B4400015EFC3BED45C6CBFC8A8C4BE24366CBFA5
:10B450005C62C5BE500F6CBFD21BC6BE58E86BBF46
:10B4600029D5C6BE3BC16BBF628EC7BEFB996BBF01
:10B470007C47C8BE95726BBF7700C9BE0C4B6BBFD3
:10B4800053B9C9BE5E236BBF1072CABE8CFB6ABFC4
:10B49000AE2ACBBE95D36ABF2CE3CBBE7BAB6ABFD3
:10B4A0008B9BCCBE3C836ABFCA53CDBED95A6ABF00
:10B4B000EA0BCEBE52326ABFEAC3CEBEA7096ABF4C
:10B4C000CA7BCFBED7E069BF8A33D0BEE4B769BFBD
:10B4D0002AEBD0BECC8E69BFAAA2D1BE916569BF4E
:10B4E000095AD2BE323C69BF4811D3BEAE1269BF01
:10B4F00067C8D3BE07E968BF647FD4BE3CBF68BFDE
:10B500004136D5BE4C9568BFFDECD5BE396B68BFE2
:10B5100099A3D6BE034168BF135AD7BEA81668BF09
:10B520006B10D8BE2AEC67BFA3C6D8BE87C167BF61
:10B53000B97CD9BEC19667BFAD32DABED86B67BFE2
:10B5400080E8DABECA4067BF319EDBBE991567BF8F
:10B55000C153DCBE45EA66BF2E09DDBECCBE66BF68
:10B5600079BEDDBE309366BFA273DEBE716766BF73
:10B57000A928DFBE8E3B66BF8DDDDFBE880F66BFAC
:10B580004F92E0BE5EE365BFEE46E1BE10B765BF19
:10B590006AFBE1BEA08A65BFC4AFE2BE0B5E65BFB9
:10B5A000FA63E3BE543165BF0E18E4BE790465BF8B
:10B5B000FECBE4BE7BD764BFCB7FE5BE59AA64BF98
:10B5C0007533E6BE147D64BFFBE6E6BEAC4F64BFD8
:10B5D0005D9AE7BE212264BF9C4DE8BE73F463BF51
:10B5E000B700E9BEA1C663BFAEB3E9BEAC9863BF06
:10B5F0008166EABE956A63BF3019EBBE5A3C63BFF1
:10B60000BBCBEBBEFC0D63BF217EECBE7BDF62BF1C
:10B610006330EDBED7B062BF80E2EDBE108262BF84
:10B620007994EEBE265362BF4C46EFBE1A2462BF29
:10B63000FBF7EFBEEAF461BF85A9F0BE98C561BF14
:10B64000EA5AF1BE229661BF290CF2BE8A6661BF3A
:10B6500043BDF2BED03661BF386EF3BEF20661BFA5
:10B66000071FF4BEF2D660BFB1CFF4BECFA660BF55
:10B670003580F5BE897660BF9330F6BE214660BF47
:10B68000CBE0F6BE961560BFDC90F7BEE9E45FBF85
:10B69000C840F8BE19B45FBF8EF0F8BE27835FBF05
:10B6A0002DA0F9BE12525FBFA54FFABEDB205FBFCF
:10B6B000F7FEFABE81EF5EBF22AEFBBE05BE5EBFE7
:10B6C000275DFCBE678C5EBF040CFDBEA65A5EBF44
:10B6D000BBBAFDBEC3285EBF4A69FEBEBEF65DBFF3
:10B6E000B217FFBE97C45DBFF3C5FFBE4D925DBFED
:10B6F000063A00BFE15F5DBFFF9000BF532D5DBF05
:10B70000E4E700BFA3FA5CBFB53E01BFD1C75CBF91
:10B71000739501BFDD945CBF1CEC01BFC7615CBFCA
:10B72000B14202BF8E2E5CBF329902BF34FB5BBFB9
:10B730009FEF02BFB8C75BBFF84503BF1A945BBF5A
:10B740003D9C03BF5A605BBF6DF203BF792C5BBFAA
:10B75000894804BF75F85ABF919E04BF50C45ABFB0
:10B7600084F404BF09905ABF624A05BFA05B5ABF68
:10B770002CA005BF16275ABFE2F505BF6AF259BFD4
:10B78000824B06BF9CBD59BF0EA106BFAD8859BFF5
:10B7900086F606BF9C5359BFE84B07BF6A1E59BFC8
:10B7A00036A107BF17E958BF6FF607BFA1B358BF4F
:10B7B000924B08BF0B7E58BFA1A008BF534858BF8B
:10B7C0009BF508BF791258BF7F4A09BF7FDC57BF7E
:10B7D0004E9F09BF63A657BF09F409BF267057BF24
:10B7E000AD480ABFC73957BF3D9D0ABF480357BF81
:10B7F000B7F10ABFA7CC56BF1C460BBFE59556BF95
:10B800006B9A0BBF025F56BFA5EE0BBFFE2756BF5C
:10B81000C9420CBFD9F055BFD7960CBF93B955BFDD
:10B82000D0EA0CBF2C8255BFB33E0DBFA44A55BF12
:10B8300081920DBFFB1255BF38E60DBF31DB54BFFF
:10B84000DA390EBF47A354BF658D0EBF3B6B54BFA3
:10B85000DBE00EBF0F3354BF3B340FBFC3FA53BFFF
:10B8600084870FBF55C253BFB8DA0FBFC78953BF14
:10B87000D52D10BF185153BFDC8010BF491853BFDE
:10B88000CDD310BF59DF52BFA72611BF49A652BF63
:10B890006B7911BF186D52BF19CC11BFC63352BF9F
:10B8A000B01E12BF54FA51BF307112BFC2C051BF97
:10B8B0009AC312BF108751BFEE1513BF3D4D51BF44
:10B8C0002A6813BF4A1351BF50BA13BF37D950BFAC
:10B8D0005F0C14BF039F50BF585E14BFAF6450BFCE
:10B8E00039B014BF3B2A50BF040215BFA8EF4FBFA9
:10B8F000B75315BFF4B44FBF54A515BF1F7A4FBF40
:10B90000D9F615BF2B3F4FBF474816BF17044FBF8F
:10B910009F9916BFE4C84EBFDFEA16BF908D4EBF99
:10B92000073C17BF1C524EBF188D17BF89164EBF5C
:10B9300012DE17BFD5DA4DBFF52E18BF029F4DBFDF
:10B94000C07F18BF10634DBF73D018BFFD264DBF19
:10B950000F2119BFCBEA4CBF947119BF79AE4CBF10
:10B9600000C219BF08724CBF55121ABF78354CBFC0
:10B9700093621ABFC7F84BBFB8B21ABFF8BB4BBF30
:10B98000C6021BBF097F4BBFBB521BBFFA414BBF57
:10B9900099A21BBFCC044BBF5FF21BBF7FC74ABF3E
:10B9A0000C421CBF138A4ABFA2911CBF874C4ABFDE
:10B9B0001FE11CBFDC0E4ABF84301DBF12D149BF3E
:10B9C000D17F1DBF299349BF06CF1DBF215549BF58
:10B9D000221E1EBFFA1649BF266D1EBFB3D848BF30
:10B9E00012BC1EBF4E9A48BFE50A1FBFCA5B48BFC4
:10B9F0009F591FBF271D48BF41A81FBF65DE47BF16
:10BA0000CBF61FBF849F47BF3B4520BF856047BF24
:10BA1000939320BF672147BFD2E120BF2AE246BFF0
:10BA2000F92F21BFCEA246BF067E21BF546346BF79
:10BA3000FBCB21BFBB2346BFD71922BF03E445BFC1
:10BA4000996722BF2DA445BF43B522BF396445BFC6
:10BA5000D30223BF262445BF4B5023BFF5E344BF89
:10BA6000A99D23BFA5A344BFEEEA23BF376344BF0C
:10BA70001A3824BFAB2244BF2C8524BF00E243BF49
:10BA800025D224BF38A143BF041F25BF516043BF47
:10BA9000CB6B25BF4C1F43BF77B825BF29DE42BF04
:10BAA0000A0526BFE89C42BF845126BF895B42BF7E
:10BAB000E39D26BF0B1A42BF2AEA26BF70D841BFBA
:10BAC000563627BFB79641BF688227BFE15441BFB2
:10BAD00061CE27BFEC1241BF401A28BFDAD040BF69
:10BAE000056628BFA98E40BFB0B128BF5C4C40BFDF
:10BAF00041FD28BFF00940BFB84829BF67C73FBF15
:10BB0000159429BFC0843FBF57DF29BFFC413FBF09
:10BB1000802A2ABF1BFF3EBF8E752ABF1BBC3EBFBB
:10BB200082C02ABFFF783EBF5B0B2BBFC5353EBF2F
:10BB30001B562BBF6EF23DBFBFA02BBFF9AE3DBF62
:10BB40004AEB2BBF676B3DBFB9352CBFB8273DBF54
:10BB50000F802CBFECE33CBF49CA2CBF03A03CBF05
:10BB600069142DBFFC5B3CBF6F5E2DBFD9173CBF76
:10BB700059A82DBF98D33BBF29F22DBF3B8F3BBFA8
:10BB8000DE3B2EBFC14A3BBF78852EBF29063BBF97
:10BB9000F7CE2EBF75C13ABF5B182FBFA47C3ABF4A
:10BBA000A5612FBFB7373ABFD3AA2FBFACF239BFB9
:10BBB000E6F32FBF85AD39BFDE3C30BF426839BFE9
:10BBC000BB8530BFE12239BF7CCE30BF65DD38BFD9
:10BBD000221731BFCB9738BFAD5F31BF165238BF88
:10BBE0001DA831BF430C38BF71F031BF55C637BFF8
:10BBF000AA3832BF4A8037BFC78032BF233A37BF27
:10BC0000C9C832BFDFF336BFAF1033BF7FAD36BF19
:10BC10007A5833BF046736BF29A033BF6C2036BFC4
:10BC2000BCE733BFB8D935BF342F34BFE79235BF37
:10BC30008F7634BFFB4B35BFCFBD34BFF30435BF68
:10BC4000F30435BFCFBD34BFFB4B35BF8F7634BF58
:10BC5000E79235BF342F34BFB8D935BFBCE733BF07
:10BC60006C2036BF29A033BF046736BF7A5833BF74
:10BC70007FAD36BFAF1033BFDFF336BFC9C832BFA9
:10BC8000233A37BFC78032BF4A8037BFAA3832BF96
:10BC900055C637BF71F031BF430C38BF1DA831BF47
:10BCA000165238BFAD5F31BFCB9738BF221731BFB7
:10BCB00065DD38BF7CCE30BFE12239BFBB8530BFE8
:10BCC000426839BFDE3C30BF85AD39BFE6F32FBFD8
:10BCD000ACF239BFD3AA2FBFB7373ABFA5612FBF88
:10BCE000A47C3ABF5B182FBF75C13ABFF7CE2EBFF9
:10BCF00029063BBF78852EBFC14A3BBFDE3B2EBF26
:10BD00003B8F3BBF29F22DBF98D33BBF59A82DBF16
:10BD1000D9173CBF6F5E2DBFFC5B3CBF69142DBFC4
:10BD200003A03CBF49CA2CBFECE33CBF0F802CBF33
:10BD3000B8273DBFB9352CBF676B3DBF4AEB2BBF62
:10BD4000F9AE3DBFBFA02BBF6EF23DBF1B562BBF50
:10BD5000C5353EBF5B0B2BBFFF783EBF82C02ABFFD
:10BD60001BBC3EBF8E752ABF1BFF3EBF802A2ABF69
:10BD7000FC413FBF57DF29BFC0843FBF159429BF97
:10BD800067C73FBFB84829BFF00940BF41FD28BF82
:10BD90005C4C40BFB0B128BFA98E40BF056628BF2C
:10BDA000DAD040BF401A28BFEC1241BF61CE27BF96
:10BDB000E15441BF688227BFB79641BF563627BFBF
:10BDC00070D841BF2AEA26BF0B1A42BFE39D26BFA7
:10BDD000895B42BF845126BFE89C42BF0A0526BF4B
:10BDE00029DE42BF77B825BF4C1F43BFCB6B25BFB1
:10BDF000516043BF041F25BF38A143BF25D224BFD4
:10BE000000E243BF2C8524BFAB2244BF1A3824BFB5
:10BE1000376344BFEEEA23BFA5A344BFA99D23BF58
:10BE2000F5E344BF4B5023BF262445BFD30223BFB5
:10BE3000396445BF43B522BF2DA445BF996722BFD2
:10BE400003E445BFD71922BFBB2346BFFBCB21BFAD
:10BE5000546346BF067E21BFCEA246BFF92F21BF45
:10BE60002AE246BFD2E120BF672147BF939320BF9C
:10BE7000856047BF3B4520BF849F47BFCBF61FBFB0
:10BE800065DE47BF41A81FBF271D48BF9F591FBF81
:10BE9000CA5B48BFE50A1FBF4E9A48BF12BC1EBF0F
:10BEA000B3D848BF266D1EBFFA1649BF221E1EBF5B
:10BEB000215549BF06CF1DBF299349BFD17F1DBF63
:10BEC00012D149BF84301DBFDC0E4ABF1FE11CBF29
:10BED000874C4ABFA2911CBF138A4ABF0C421CBFA9
:10BEE0007FC74ABF5FF21BBFCC044BBF99A21BBFE9
:10BEF000FA414BBFBB521BBF097F4BBFC6021BBFE2
:10BF0000F8BB4BBFB8B21ABFC7F84BBF93621ABF9A
:10BF100078354CBF55121ABF08724CBF00C219BF0A
:10BF200079AE4CBF947119BFCBEA4CBF0F2119BF3A
:10BF3000FD264DBF73D018BF10634DBFC07F18BF23
:10BF4000029F4DBFF52E18BFD5DA4DBF12DE17BFC9
:10BF500089164EBF188D17BF1C524EBF073C17BF26
:10BF6000908D4EBFDFEA16BFE4C84EBF9F9916BF43
:10BF700017044FBF474816BF2B3F4FBFD9F615BF19
:10BF80001F7A4FBF54A515BFF4B44FBFB75315BFA9
:10BF9000A8EF4FBF040215BF3B2A50BF39B014BFF2
:10BFA000AF6450BF585E14BF039F50BF5F0C14BFF7
:10BFB00037D950BF50BA13BF4A1351BF2A6813BFB5
:10BFC0003D4D51BFEE1513BF108751BF9AC312BF2D
:10BFD000C2C051BF307112BF54FA51BFB01E12BF60
:10BFE000C63352BF19CC11BF186D52BF6B7911BF48
:10BFF00049A652BFA72611BF59DF52BFCDD310BFEC
:10C00000491853BFDC8010BF185153BFD52D10BF46
:10C01000C78953BFB8DA0FBF55C253BF84870FBF5C
:10C02000C3FA53BF3B340FBF0F3354BFDBE00EBF27
:10C030003B6B54BF658D0EBF47A354BFDA390EBFAB
:10C0400031DB54BF38E60DBFFB1255BF81920DBFE7
:10C05000A44A55BFB33E0DBF2C8255BFD0EA0CBFDA
:10C0600093B955BFD7960CBFD9F055BFC9420CBF85
:10C07000FE2756BFA5EE0BBF025F56BF6B9A0BBFE4
:10C08000E59556BF1C460BBFA7CC56BFB7F10ABFFC
:10C09000480357BF3D9D0ABFC73957BFAD480ABFC8
:10C0A000267057BF09F409BF63A657BF4E9F09BF4B
:10C0B0007FDC57BF7F4A09BF791258BF9BF508BF85
:10C0C000534858BFA1A008BF0B7E58BF924B08BF72
:10C0D000A1B358BF6FF607BF17E958BF36A107BF16
:10C0E0006A1E59BFE84B07BF9C5359BF86F606BF6F
:10C0F000AD8859BF0EA106BF9CBD59BF824B06BF7C
:10C100006AF259BFE2F505BF16275ABF2CA005BF3A
:10C11000A05B5ABF624A05BF09905ABF84F404BFAE
:10C1200050C45ABF919E04BF75F85ABF894804BFD6
:10C13000792C5BBF6DF203BF5A605BBF3D9C03BFB0
:10C140001A945BBFF84503BFB8C75BBF9FEF02BF40
:10C1500034FB5BBF329902BF8E2E5CBFB14202BF7F
:10C16000C7615CBF1CEC01BFDD945CBF739501BF70
:10C17000D1C75CBFB53E01BFA3FA5CBFE4E700BF17
:10C18000532D5DBFFF9000BFE15F5DBF063A00BF6A
:10C190004D925DBFF3C5FFBE97C45DBFB217FFBE32
:10C1A000BEF65DBF4A69FEBEC3285EBFBBBAFDBE18
:10C1B000A65A5EBF040CFDBE678C5EBF275DFCBE49
:10C1C00005BE5EBF22AEFBBE81EF5EBFF7FEFABECC
:10C1D000DB205FBFA54FFABE12525FBF2DA0F9BE94
:10C1E00027835FBF8EF0F8BE19B45FBFC840F8BEAA
:10C1F000E9E45FBFDC90F7BE961560BFCBE0F6BE0A
:10C20000214660BF9330F6BE897660BF3580F5BEAB
:10C21000CFA660BFB1CFF4BEF2D660BF071FF4BE99
:10C22000F20661BF386EF3BED03661BF43BDF2BEC9
:10C230008A6661BF290CF2BE229661BFEA5AF1BE3E
:10C2400098C561BF85A9F0BEEAF461BFFBF7EFBEF8
:10C250001A2462BF4C46EFBE265362BF7994EEBEED
:10C26000108262BF80E2EDBED7B062BF6330EDBE28
:10C270007BDF62BF217EECBEFC0D63BFBBCBEBBEA0
:10C280005A3C63BF3019EBBE956A63BF8166EABE54
:10C29000AC9863BFAEB3E9BEA1C663BFB700E9BE49
:10C2A00073F463BF9C4DE8BE212264BF5D9AE7BE74
:10C2B000AC4F64BFFBE6E6BE147D64BF7533E6BEDB
:10C2C00059AA64BFCB7FE5BE7BD764BFFECBE4BE7B
:10C2D000790465BF0E18E4BE543165BFFA63E3BE4E
:10C2E0000B5E65BFC4AFE2BEA08A65BF6AFBE1BE5C
:10C2F00010B765BFEE46E1BE5EE365BF4F92E0BE9C
:10C30000880F66BF8DDDDFBE8E3B66BFA928DFBE0E
:10C31000716766BFA273DEBE309366BF79BEDDBEB5
:10C32000CCBE66BF2E09DDBE45EA66BFC153DCBE8A
:10C33000991567BF319EDBBECA4067BF80E8DABE91
:10C34000D86B67BFAD32DABEC19667BFB97CD9BEC4
:10C3500087C167BFA3C6D8BE2AEC67BF6B10D8BE23
:10C36000A81668BF135AD7BE034168BF99A3D6BEAB
:10C37000396B68BFFDECD5BE4C9568BF4136D5BE64
:10C380003CBF68BF647FD4BE07E968BF67C8D3BE3F
:10C39000AE1269BF4811D3BE323C69BF095AD2BE42
:10C3A000916569BFAAA2D1BECC8E69BF2AEBD0BE6F
:10C3B000E4B769BF8A33D0BED7E069BFCA7BCFBEBE
:10C3C000A7096ABFEAC3CEBE52326ABFEA0BCEBE2D
:10C3D000D95A6ABFCA53CDBE3C836ABF8B9BCCBEC1
:10C3E0007BAB6ABF2CE3CBBE95D36ABFAE2ACBBE74
:10C3F0008CFB6ABF1072CABE5E236BBF53B9C9BE45
:10C400000C4B6BBF7700C9BE95726BBF7C47C8BE33
:10C41000FB996BBF628EC7BE3BC16BBF29D5C6BE41
:10C4200058E86BBFD21BC6BE500F6CBF5C62C5BE66
:10C4300024366CBFC8A8C4BED45C6CBF15EFC3BEA5
:10C440005E836CBF4435C3BEC5A96CBF557BC2BEFD
:10C4500007D06CBF48C1C1BE24F66CBF1E07C1BE69
:10C460001D1C6DBFD54CC0BEF2416DBF6F92BFBEEB
:10C47000A1676DBFEBD7BEBE2D8D6DBF4A1DBEBE81
:10C4800093B26DBF8B62BDBED5D76DBFAFA7BCBE2B
:10C49000F2FC6DBFB6ECBBBEEB216EBFA031BBBEE4
:10C4A000BE466EBF6E76BABE6D6B6EBF1EBBB9BEAA
:10C4B000F88F6EBFB2FFB8BE5DB46EBF2A44B8BE7F
:10C4C0009ED86EBF8488B7BEBAFC6EBFC3CCB6BE62
:10C4D000B0206FBFE610B6BE83446FBFEC54B5BE4C
:10C4E00030686FBFD698B4BEB88B6FBFA5DCB3BE43
:10C4F0001BAF6FBF5820B3BE5AD26FBFEF63B2BE3F
:10C5000073F56FBF6BA7B1BE671870BFCBEAB0BE43
:10C51000373B70BF102EB0BEE15D70BF3A71AFBE49
:10C52000668070BF49B4AEBEC6A270BF3CF7ADBE58
:10C5300002C570BF153AADBE17E770BFD47CACBE64
:10C54000080971BF77BFABBED42A71BF0102ABBE71
:10C550007A4C71BF6F44AABEFB6D71BFC486A9BE81
:10C56000578F71BFFEC8A8BE8EB071BF1F0BA8BE8B
:10C570009FD171BF254DA7BE8CF271BF128FA6BE91
:10C58000521372BFE5D0A5BEF43372BF9F12A5BE91
:10C59000705472BF3F54A4BEC77472BFC595A3BE8A
:10C5A000F89472BF33D7A2BE04B572BF8718A2BE7B
:10C5B000EBD472BFC259A1BEACF472BFE59AA0BE63
:10C5C000471473BFEEDB9FBEBE3373BFDF1C9FBE3D
:10C5D0000E5373BFB85D9EBE397273BF789E9DBE09
:10C5E0003F9173BF20DF9CBE1FB073BFAF1F9CBEC7
:10C5F000D9CE73BF27609BBE6EED73BF86A09ABE77
:10C60000DD0B74BFCEE099BE272A74BFFE2099BE11
:10C610004B4874BF166198BE496674BF17A197BE98
:10C62000228474BF00E196BED5A174BFD22096BE0D
:10C6300062BF74BF8D6095BEC9DC74BF31A094BE6B
:10C640000BFA74BFBFDF93BE271775BF351F93BEAC
:10C650001D3475BF945E92BEED5075BFDD9D91BED9
:10C66000976D75BF10DD90BE1C8A75BF2C1C90BEE7
:10C670007BA675BF325B8FBEB3C275BF229A8EBEDA
:10C68000C6DE75BFFCD88DBEB3FA75BFC0178DBEB0
:10C690007A1676BF6E568CBE1B3276BF07958BBE60
:10C6A000974D76BF8AD38ABEEC6876BFF8118ABEF2
:10C6B0001B8476BF505089BE249F76BF938E88BE60
:10C6C00007BA76BFC1CC87BEC4D476BFDA0A87BEAC
:10C6D0005BEF76BFDF4886BECC0977BFCE8685BECE
:10C6E000172477BFAAC484BE3C3E77BF700284BEC5
:10C6F0003A5877BF224083BE137277BFC07D82BE97
:10C70000C58B77BF4ABB81BE51A577BFC0F880BE3D
:10C71000B7BE77BF223680BEF7D777BFE1E67EBED1
:10C7200010F177BF56617DBE040A78BFA4DB7BBEE3
:10C73000D12278BFCB557ABE773B78BFCCCF78BEBD
:10C74000F85378BFA64977BE526C78BF5AC375BEFE
:10C75000868478BFE83C74BE939C78BF51B672BEA5
:10C760007BB478BF942F71BE3BCC78BFB2A86FBEAC
:10C77000D6E378BFAB216EBE4AFB78BF7F9A6CBE12
:10C78000981279BF2F136BBEBF2979BFBA8B69BED0
:10C79000C04079BF220468BE9A5779BF667C66BEE6
:10C7A0004E6E79BF86F464BEDC8479BF836C63BE51
:10C7B000439B79BF5CE461BE83B179BF135C60BE0B
:10C7C0009DC779BFA8D35EBE91DD79BF1A4B5DBE10
:10C7D0005EF379BF6AC25BBE04097ABF97395ABE5D
:10C7E000841E7ABFA4B058BEDD337ABF8F2757BEF0
:10C7F00010497ABF589E55BE1C5E7ABF011554BEC3
:10C8000002737ABF898B52BEC1877ABFF10151BED4
:10C81000599C7ABF38784FBECBB07ABF60EE4DBE20
:10C8200016C57ABF67644CBE3AD97ABF4FDA4ABEA2
:10C8300037ED7ABF185049BE0E017BBFC2C547BE57
:10C84000BE147BBF4D3B46BE48287BBFB9B044BE3B
:10C85000AB3B7BBF072643BEE74E7BBF379B41BE4A
:10C86000FC617BBF491040BEEA747BBF3E853EBE83
:10C87000B2877BBF15FA3CBE539A7BBFCF6E3BBEDF
:10C88000CDAC7BBF6CE339BE20BF7BBFEC5738BE5D
:10C890004DD17BBF50CC36BE53E37BBF984035BEF5
:10C8A00031F57BBFC4B433BEE9067CBFD42832BEA9
:10C8B0007A187CBFC99C30BEE5297CBFA2102FBE70
:10C8C000283B7CBF61842DBE444C7CBF04F82BBE4A
:10C8D0003A5D7CBF8D6B2ABE086E7CBFFCDE28BE35
:10C8E000B07E7CBF515227BE318F7CBF8CC525BE28
:10C8F0008A9F7CBFAD3824BEBDAF7CBFB6AB22BE25
:10C90000C9BF7CBFA51E21BEAECF7CBF7B911FBE21
:10C910006CDF7CBF38041EBE03EF7CBFDE761CBE1E
:10C9200073FE7CBF6BE91ABEBC0D7DBFE05B19BE18
:10C93000DD1C7DBF3DCE17BED82B7DBF834016BE0C
:10C94000AC3A7DBFB2B214BE59497DBFCA2413BEF2
:10C95000DE577DBFCC9611BE3D667DBFB70810BEC9
:10C9600074747DBF8B7A0EBE85827DBF4AEC0CBE8F
:10C970006E907DBFF35D0BBE309E7DBF86CF09BE3E
:10C98000CCAB7DBF054108BE40B97DBF6EB206BECF
:10C990008CC67DBFC22305BEB2D37DBF029503BE48
:10C9A000B1E07DBF2E0602BE88ED7DBF457700BE9B
:10C9B00038FA7DBF92D0FDBDC2067EBF73B2FABD0C
:10C9C00024137EBF2C94F7BD5E1F7EBFC075F4BDDF
:10C9D000722B7EBF2E57F1BD5E377EBF7638EEBD1F
:10C9E00023437EBF9A19EBBDC14E7EBF9AFAE7BDC5
:10C9F000385A7EBF76DBE4BD88657EBF2EBCE1BDC4
:10CA0000B0707EBFC49CDEBDB17B7EBF377DDBBD19
:10CA10008B867EBF895DD8BD3D917EBFB93DD5BDBA
:10CA2000C99B7EBFC81DD2BD2DA67EBFB7FDCEBDA2
:10CA300069B07EBF86DDCBBD7FBA7EBF36BDC8BDC7
:10CA40006DC47EBFC69CC5BD34CE7EBF397CC2BD21
:10CA5000D4D77EBF8D5BBFBD4CE17EBFC33ABCBDAA
:10CA60009DEA7EBFDD19B9BDC7F37EBFDAF8B5BD5B
:10CA7000C9FC7EBFBBD7B2BDA4057FBF80B6AFBD2A
:10CA8000580E7FBF2B95ACBDE4167FBFBA73A9BD0E
:10CA9000491F7FBF3052A6BD87277FBF8C30A3BD03
:10CAA0009D2F7FBFCF0EA0BD8D377FBFF9EC9CBD02
:10CAB000543F7FBF0ACB99BDF4467FBF05A996BD01
:10CAC0006D4E7FBFE78693BDBF557FBFB46490BDF9
:10CAD000E95C7FBF6A428DBDEC637FBF0A208ABDDF
:10CAE000C76A7FBF94FD86BD7B717FBF0ADB83BDB4
:10CAF00008787FBF6CB880BD6D7E7FBF742B7BBD17
:10CB0000AB847FBFE9E574BDC28A7FBF38A06EBD2C
:10CB1000B1907FBF625A68BD78967FBF681462BDCE
:10CB2000189C7FBF4CCE5BBD91A17FBF0E8855BDC9
:10CB3000E3A67FBFAF414FBD0DAC7FBF2FFB48BD0C
:10CB40000FB17FBF91B442BDEAB57FBFD56D3CBD8B
:10CB50009EBA7FBFFC2636BD2ABF7FBF07E02FBD30
:10CB60008FC37FBFF69829BDCCC77FBFCC5123BDF3
:10CB7000E2CB7FBF880A1DBDD1CF7FBF2CC316BDBE
:10CB800098D37FBFB87B10BD37D77FBF2F340ABD86
:10CB9000AFDA7FBF90EC03BD00DE7FBFB949FBBCBD
:10CBA00029E17FBF2DBAEEBC2BE47FBF7B2AE2BC1C
:10CBB00005E77FBFA69AD5BCB8E97FBFB00AC9BC5C
:10CBC00043EC7FBF9B7ABCBCA7EE7FBF69EAAFBCDA
:10CBD000E3F07FBF1C5AA3BCF8F27FBFB6C996BC76
:10CBE000E6F47FBF38398ABCACF67FBF4B517BBCC3
:10CBF0004AF87FBF003062BCC1F97FBF900E49BCCC
:10CC000011FB7FBF02ED2FBC39FC7FBF59CB16BC97
:10CC100039FD7FBF3053FBBB13FE7FBF890FC9BBFC
:10CC2000C4FE7FBFC1CB96BB4EFF7FBFC70F49BBC2
:10CC3000B1FF7FBFD40FC9BAECFF7FBF00000080F7
:10CC4000000080BFD40FC93AECFF7FBFC70F493B3C
:10CC5000B1FF7FBFC1CB963B4EFF7FBF890FC93B62
:10CC6000C4FE7FBF3053FB3B13FE7FBF59CB163C46
:10CC700039FD7FBF02ED2F3C39FC7FBF900E493C50
:10CC800011FB7FBF0030623CC1F97FBF4B517B3C41
:10CC90004AF87FBF38398A3CACF67FBFB6C9963CAC
:10CCA000E6F47FBF1C5AA33CF8F27FBF69EAAF3CB1
:10CCB000E3F07FBF9B7ABC3CA7EE7FBFB00AC93CC4
:10CCC00043EC7FBFA69AD53CB8E97FBF7B2AE23C04
:10CCD00005E77FBF2DBAEE3C2BE47FBFB949FB3C93
:10CCE00029E17FBF90EC033D00DE7FBF2F340A3D7A
:10CCF000AFDA7FBFB87B103D37D77FBF2CC3163D5F
:10CD000098D37FBF880A1D3DD1CF7FBFCC51233D33
:10CD1000E2CB7FBFF698293DCCC77FBF07E02F3D10
:10CD20008FC37FBFFC26363D2ABF7FBFD56D3C3DFC
:10CD30009EBA7FBF91B4423DEAB57FBF2FFB483D0D
:10CD40000FB17FBFAF414F3D0DAC7FBF0E88553D4A
:10CD5000E3A67FBF4CCE5B3D91A17FBF6814623DCF
:10CD6000189C7FBF625A683D78967FBF38A06E3DA1
:10CD7000B1907FBFE9E5743DC28A7FBF742B7B3DD4
:10CD8000AB847FBF6CB8803D6D7E7FBF0ADB833D87
:10CD900008787FBF94FD863D7B717FBF0A208A3D66
:10CDA000C76A7FBF6A428D3DEC637FBFB464903D2C
:10CDB000E95C7FBFE786933DBF557FBF05A9963DE0
:10CDC0006D4E7FBF0ACB993DF4467FBFF9EC9C3D89
:10CDD000543F7FBFCF0EA03D8D377FBF8C30A33D2A
:10CDE0009D2F7FBF3052A63D87277FBFBA73A93DD5
:10CDF000491F7FBF2B95AC3DE4167FBF80B6AF3D8A
:10CE0000580E7FBFBBD7B23DA4057FBFDAF8B53D52
:10CE1000C9FC7EBFDD19B93DC7F37EBFC33ABC3D37
:10CE20009DEA7EBF8D5BBF3D4CE17EBF397CC23D3C
:10CE3000D4D77EBFC69CC53D34CE7EBF36BDC83D6F
:10CE40006DC47EBF86DDCB3D7FBA7EBFB7FDCE3DD4
:10CE500069B07EBFC81DD23D2DA67EBFB93DD53D70
:10CE6000C99B7EBF895DD83D3D917EBF377DDB3D4F
:10CE70008B867EBFC49CDE3DB17B7EBF2EBCE13D78
:10CE8000B0707EBF76DBE43D88657EBF9AFAE73DF1
:10CE9000385A7EBF9A19EB3DC14E7EBF7638EE3DC3
:10CEA00023437EBF2E57F13D5E377EBFC075F43DF4
:10CEB000722B7EBF2C94F73D5E1F7EBF73B2FA3D8E
:10CEC00024137EBF92D0FD3DC2067EBF4577003E53
:10CED00038FA7DBF2E06023E88ED7DBF0295033EE7
:10CEE000B1E07DBFC223053EB2D37DBF6EB2063E28
:10CEF0008CC67DBF0541083E40B97DBF86CF093E47
:10CF0000CCAB7DBFF35D0B3E309E7DBF4AEC0C3E4B
:10CF10006E907DBF8B7A0E3E85827DBFB708103E36
:10CF200074747DBFCC96113E3D667DBFCA24133E0E
:10CF3000DE577DBFB2B2143E59497DBF8340163ED5
:10CF4000AC3A7DBF3DCE173ED82B7DBFE05B193E8E
:10CF5000DD1C7DBF6BE91A3EBC0D7DBFDE761C3E3D
:10CF600073FE7CBF38041E3E03EF7CBF7B911F3EE7
:10CF70006CDF7CBFA51E213EAECF7CBFB6AB223E90
:10CF8000C9BF7CBFAD38243EBDAF7CBF8CC5253E3C
:10CF90008A9F7CBF5152273E318F7CBFFCDE283EEA
:10CFA000B07E7CBF8D6B2A3E086E7CBF04F82B3EA2
:10CFB0003A5D7CBF61842D3E444C7CBFA2102F3E65
:10CFC000283B7CBFC99C303EE5297CBFD428323E3B
:10CFD0007A187CBFC4B4333EE9067CBF9840353E26
:10CFE00031F57BBF50CC363E53E37BBFEC57383E28
:10CFF0004DD17BBF6CE3393E20BF7BBFCF6E3B3E44
:10D00000CDAC7BBF15FA3C3E539A7BBF3E853E3E7E
:10D01000B2877BBF4910403EEA747BBF379B413EDD
:10D02000FC617BBF0726433EE74E7BBFB9B0443E61
:10D03000AB3B7BBF4D3B463E48287BBFC2C5473E0E
:10D04000BE147BBF1850493E0E017BBF4FDA4A3EEB
:10D0500037ED7ABF67644C3E3AD97ABF60EE4D3EF9
:10D0600016C57ABF38784F3ECBB07ABFF101513E3A
:10D07000599C7ABF898B523EC1877ABF0115543EB5
:10D0800002737ABF589E553E1C5E7ABF8F27573E6B
:10D0900010497ABFA4B0583EDD337ABF97395A3E63
:10D0A000841E7ABF6AC25B3E04097ABF1A4B5D3E9A
:10D0B0005EF379BFA8D35E3E91DD79BF135C603E1D
:10D0C0009DC779BF5CE4613E83B179BF836C633EE9
:10D0D000439B79BF86F4643EDC8479BF667C663E00
:10D0E0004E6E79BF2204683E9A5779BFBA8B693E6B
:10D0F000C04079BF2F136B3EBF2979BF7F9A6C3E2A
:10D10000981279BFAB216E3E4AFB78BFB2A86F3E42
:10D11000D6E378BF942F713E3BCC78BF51B6723EB8
:10D120007BB478BFE83C743E939C78BF5AC3753E8D
:10D13000868478BFA649773E526C78BFCCCF783EC4
:10D14000F85378BFCB557A3E773B78BFA4DB7B3E64
:10D15000D12278BF56617D3E040A78BFE1E67E3E6B
:10D1600010F177BF2236803EF7D777BFC0F8803EF8
:10D17000B7BE77BF4ABB813E51A577BFC07D823E17
:10D18000C58B77BF2240833E137277BF7002843E07
:10D190003A5877BFAAC4843E3C3E77BFCE86853ED0
:10D1A000172477BFDF48863ECC0977BFDA0A873E6F
:10D1B0005BEF76BFC1CC873EC4D476BF938E883EEA
:10D1C00007BA76BF5050893E249F76BFF8118A3E39
:10D1D0001B8476BF8AD38A3EEC6876BF07958B3E68
:10D1E000974D76BF6E568C3E1B3276BFC0178D3E74
:10D1F0007A1676BFFCD88D3EB3FA75BF229A8E3E62
:10D20000C6DE75BF325B8F3EB3C275BF2C1C903E2D
:10D210007BA675BF10DD903E1C8A75BFDD9D913EDB
:10D22000976D75BF945E923EED5075BF351F933E6E
:10D230001D3475BFBFDF933E271775BF31A0943EE5
:10D240000BFA74BF8D60953EC9DC74BFD220963E48
:10D2500062BF74BF00E1963ED5A174BF17A1973E8F
:10D26000228474BF1661983E496674BFFE20993EC1
:10D270004B4874BFCEE0993E272A74BF86A09A3EE1
:10D28000DD0B74BF27609B3E6EED73BFAF1F9C3EEE
:10D29000D9CE73BF20DF9C3E1FB073BF789E9D3EEA
:10D2A0003F9173BFB85D9E3E397273BFDF1C9F3ED6
:10D2B0000E5373BFEEDB9F3EBE3373BFE59AA03EB5
:10D2C000471473BFC259A13EACF472BF8718A23E87
:10D2D000EBD472BF33D7A23E04B572BFC595A33E4F
:10D2E000F89472BF3F54A43EC77472BF9F12A53E0C
:10D2F000705472BFE5D0A53EF43372BF128FA63EC4
:10D30000521372BF254DA73E8CF271BF1F0BA83E72
:10D310009FD171BFFEC8A83E8EB071BFC486A93E22
:10D32000578F71BF6F44AA3EFB6D71BF0102AB3EC8
:10D330007A4C71BF77BFAB3ED42A71BFD47CAC3E70
:10D34000080971BF153AAD3E17E770BF3CF7AD3E17
:10D3500002C570BF49B4AE3EC6A270BF3A71AF3EBF
:10D36000668070BF102EB03EE15D70BFCBEAB03E6C
:10D37000373B70BF6BA7B13E671870BFEF63B23E1B
:10D3800073F56FBF5820B33E5AD26FBFA5DCB33ED2
:10D390001BAF6FBFD698B43EB88B6FBFEC54B53E91
:10D3A00030686FBFE610B63E83446FBFC3CCB63E55
:10D3B000B0206FBF8488B73EBAFC6EBF2A44B83E27
:10D3C0009ED86EBFB2FFB83E5DB46EBF1EBBB93E05
:10D3D000F88F6EBF6E76BA3E6D6B6EBFA031BB3EEE
:10D3E000BE466EBFB6ECBB3EEB216EBFAFA7BC3EE8
:10D3F000F2FC6DBF8B62BD3ED5D76DBF4A1DBE3EF0
:10D4000093B26DBFEBD7BE3E2D8D6DBF6F92BF3E09
:10D41000A1676DBFD54CC03EF2416DBF1E07C13E36
:10D420001D1C6DBF48C1C13E24F66CBF557BC23E7A
:10D4300007D06CBF4435C33EC5A96CBF15EFC33ED2
:10D440005E836CBFC8A8C43ED45C6CBF5C62C53E42
:10D4500024366CBFD21BC63E500F6CBF29D5C63ECA
:10D4600058E86BBF628EC73E3BC16BBF7C47C83E6E
:10D47000FB996BBF7700C93E95726BBF53B9C93E2C
:10D480000C4B6BBF1072CA3E5E236BBFAE2ACB3E05
:10D490008CFB6ABF2CE3CB3E95D36ABF8B9BCC3E03
:10D4A0007BAB6ABFCA53CD3E3C836ABFEA0BCE3E1C
:10D4B000D95A6ABFEAC3CE3E52326ABFCA7BCF3E58
:10D4C000A7096ABF8A33D03ED7E069BF2AEBD03EB6
:10D4D000E4B769BFAAA2D13ECC8E69BF095AD23E39
:10D4E000916569BF4811D33E323C69BF67C8D33EDE
:10D4F000AE1269BF647FD43E07E968BF4136D53EAE
:10D500003CBF68BFFDECD53E4C9568BF99A3D63EA5
:10D51000396B68BF135AD73E034168BF6B10D83EC2
:10D52000A81668BFA3C6D83E2AEC67BFB97CD93E0F
:10D5300087C167BFAD32DA3EC19667BF80E8DA3E89
:10D54000D86B67BF319EDB3ECA4067BFC153DC3E2C
:10D55000991567BF2E09DD3E45EA66BF79BEDD3EFF
:10D56000CCBE66BFA273DE3E309366BFA928DF3E05
:10D57000716766BF8DDDDF3E8E3B66BF4F92E03E3A
:10D58000880F66BFEE46E13E5EE365BF6AFBE13EA3
:10D5900010B765BFC4AFE23EA08A65BFFA63E33E41
:10D5A0000B5E65BF0E18E43E543165BFFECBE43E12
:10D5B000790465BFCB7FE53E7BD764BF7533E63E1C
:10D5C00059AA64BFFBE6E63E147D64BF5D9AE73E60
:10D5D000AC4F64BF9C4DE83E212264BFB700E93EDA
:10D5E00073F463BFAEB3E93EA1C663BF8166EA3E92
:10D5F000AC9863BF3019EB3E956A63BFBBCBEB3E83
:10D600005A3C63BF217EEC3EFC0D63BF6330ED3EB0
:10D610007BDF62BF80E2ED3ED7B062BF7994EE3E21
:10D62000108262BF4C46EF3E265362BFFBF7EF3ECF
:10D630001A2462BF85A9F03EEAF461BFEA5AF13EBE
:10D6400098C561BF290CF23E229661BF43BDF23EF0
:10D650008A6661BF386EF33ED03661BF071FF43E65
:10D66000F20661BFB1CFF43EF2D660BF3580F53E21
:10D67000CFA660BF9330F63E897660BFCBE0F63E22
:10D68000214660BFDC90F73E961560BFC840F83E6B
:10D69000E9E45FBF8EF0F83E19B45FBF2DA0F93EFC
:10D6A00027835FBFA54FFA3E12525FBFF7FEFA3ED7
:10D6B000DB205FBF22AEFB3E81EF5EBF275DFC3EFD
:10D6C00005BE5EBF040CFD3E678C5EBFBBBAFD3E6F
:10D6D000A65A5EBF4A69FE3EC3285EBFB217FF3E30
:10D6E000BEF65DBFF3C5FF3E97C45DBF063A003F7F
:10D6F0004D925DBFFF90003FE15F5DBFE4E7003FFB
:10D70000532D5DBFB53E013FA3FA5CBF7395013F4A
:10D71000D1C75CBF1CEC013FDD945CBFB142023F4E
:10D72000C7615CBF3299023F8E2E5CBF9FEF023F04
:10D7300034FB5BBFF845033FB8C75BBF3D9C033F6D
:10D740001A945BBF6DF2033F5A605BBF8948043F88
:10D75000792C5BBF919E043F75F85ABF84F4043F57
:10D7600050C45ABF624A053F09905ABF2CA0053FDA
:10D77000A05B5ABFE2F5053F16275ABF824B063F12
:10D780006AF259BF0EA1063F9CBD59BF86F6063FFF
:10D79000AD8859BFE84B073F9C5359BF36A1073F9F
:10D7A0006A1E59BF6FF6073F17E958BF924B083FF3
:10D7B000A1B358BFA1A0083F0B7E58BF9BF5083FFF
:10D7C000534858BF7F4A093F791258BF4E9F093FBF
:10D7D0007FDC57BF09F4093F63A657BFAD480A3F36
:10D7E000267057BF3D9D0A3FC73957BFB7F10A3F63
:10D7F000480357BF1C460B3FA7CC56BF6B9A0B3F45
:10D80000E59556BFA5EE0B3F025F56BFC9420C3FE0
:10D81000FE2756BFD7960C3FD9F055BFD0EA0C3F34
:10D8200093B955BFB33E0D3F2C8255BF81920D3F3A
:10D83000A44A55BF38E60D3FFB1255BFDA390E3FFB
:10D8400031DB54BF658D0E3F47A354BFDBE00E3F75
:10D850003B6B54BF3B340F3F0F3354BF84870F3FA4
:10D86000C3FA53BFB8DA0F3F55C253BFD52D103F8F
:10D87000C78953BFDC80103F185153BFCDD3103F31
:10D88000491853BFA726113F59DF52BF6B79113F8B
:10D8900049A652BF19CC113F186D52BFB01E123F9E
:10D8A000C63352BF3071123F54FA51BF9AC3123F70
:10D8B000C2C051BFEE15133F108751BF2A68133FF6
:10D8C0003D4D51BF50BA133F4A1351BF5F0C143F37
:10D8D00037D950BF585E143F039F50BF39B0143F33
:10D8E000AF6450BF0402153F3B2A50BFB753153FEA
:10D8F000A8EF4FBF54A5153FF4B44FBFD9F6153F5D
:10D900001F7A4FBF4748163F2B3F4FBF9F99163F87
:10D9100017044FBFDFEA163FE4C84EBF073C173F6E
:10D92000908D4EBF188D173F1C524EBF12DE173F11
:10D9300089164EBFF52E183FD5DA4DBFC07F183F70
:10D94000029F4DBF73D0183F10634DBF0F21193F89
:10D95000FD264DBF9471193FCBEA4CBF00C2193F61
:10D9600079AE4CBF55121A3F08724CBF93621A3FF2
:10D9700078354CBFB8B21A3FC7F84BBFC6021B3F41
:10D98000F8BB4BBFBB521B3F097F4BBF99A21B3F4C
:10D99000FA414BBF5FF21B3FCC044BBF0C421C3F14
:10D9A0007FC74ABFA2911C3F138A4ABF1FE11C3F99
:10D9B000874C4ABF84301D3FDC0E4ABFD17F1D3FDC
:10D9C00012D149BF06CF1D3F299349BF221E1E3FDA
:10D9D000215549BF266D1E3FFA1649BF12BC1E3F96
:10D9E000B3D848BFE50A1F3F4E9A48BF9F591F3F13
:10D9F000CA5B48BF41A81F3F271D48BFCBF61F3F4A
:10DA000065DE47BF3B45203F849F47BF9393203F40
:10DA1000856047BFD2E1203F672147BFF92F213FF3
:10DA20002AE246BF067E213FCEA246BFFBCB213F66
:10DA3000546346BFD719223FBB2346BF9967223F95
:10DA400003E445BF43B5223F2DA445BFD302233F86
:10DA5000396445BF4B50233F262445BFA99D233F32
:10DA6000F5E344BFEEEA233FA5A344BF1A38243FA1
:10DA7000376344BF2C85243FAB2244BF25D2243FCB
:10DA800000E243BF041F253F38A143BFCB6B253FB6
:10DA9000516043BF77B8253F4C1F43BF0A05263F5F
:10DAA00029DE42BF8451263FE89C42BFE39D263FCA
:10DAB000895B42BF2AEA263F0B1A42BF5636273FF0
:10DAC00070D841BF6882273FB79641BF61CE273FDC
:10DAD000E15441BF401A283FEC1241BF0566283F80
:10DAE000DAD040BFB0B1283FA98E40BF41FD283FEA
:10DAF0005C4C40BFB848293FF00940BF1594293F0E
:10DB000067C73FBF57DF293FC0843FBF802A2A3FF6
:10DB1000FC413FBF8E752A3F1BFF3EBF82C02A3F9C
:10DB20001BBC3EBF5B0B2B3FFF783EBF1B562B3F02
:10DB3000C5353EBFBFA02B3F6EF23DBF4AEB2B3F2A
:10DB4000F9AE3DBFB9352C3F676B3DBF0F802C3F11
:10DB5000B8273DBF49CA2C3FECE33CBF69142D3FB9
:10DB600003A03CBF6F5E2D3FFC5B3CBF59A82D3F1F
:10DB7000D9173CBF29F22D3F98D33BBFDE3B2E3F48
:10DB80003B8F3BBF78852E3FC14A3BBFF7CE2E3F30
:10DB900029063BBF5B182F3F75C13ABFA5612F3FD8
:10DBA000A47C3ABFD3AA2F3FB7373ABFE6F32F3F43
:10DBB000ACF239BFDE3C303F85AD39BFBB85303F6D
:10DBC000426839BF7CCE303FE12239BF2217313F56
:10DBD00065DD38BFAD5F313FCB9738BF1DA8313F02
:10DBE000165238BF71F0313F430C38BFAA38323F6C
:10DBF00055C637BFC780323F4A8037BFC9C8323F9A
:10DC0000233A37BFAF10333FDFF336BF7A58333F85
:10DC10007FAD36BF29A0333F046736BFBCE7333F33
:10DC20006C2036BF342F343FB8D935BF8F76343FA0
:10DC3000E79235BFCFBD343FFB4B35BFF304353FD3
:10DC4000F30435BFFB4B353FCFBD34BFE792353FC3
:10DC50008F7634BFB8D9353F342F34BF6C20363F70
:10DC6000BCE733BF0467363F29A033BF7FAD363FE3
:10DC70007A5833BFDFF3363FAF1033BF233A373F15
:10DC8000C9C832BF4A80373FC78032BF55C6373F09
:10DC9000AA3832BF430C383F71F031BF1652383FBB
:10DCA0001DA831BFCB97383FAD5F31BF65DD383F31
:10DCB000221731BFE122393F7CCE30BF4268393F65
:10DCC000BB8530BF85AD393FDE3C30BFACF2393F5C
:10DCD000E6F32FBFB7373A3FD3AA2FBFA47C3A3F12
:10DCE000A5612FBF75C13A3F5B182FBF29063B3F87
:10DCF000F7CE2EBFC14A3B3F78852EBF3B8F3B3FBF
:10DD0000DE3B2EBF98D33B3F29F22DBFD9173C3FB6
:10DD100059A82DBFFC5B3C3F6F5E2DBF03A03C3F6D
:10DD200069142DBFECE33C3F49CA2CBFB8273D3FE7
:10DD30000F802CBF676B3D3FB9352CBFF9AE3D3F1F
:10DD40004AEB2BBF6EF23D3FBFA02BBFC5353E3F18
:10DD50001B562BBFFF783E3F5B0B2BBF1BBC3E3FD0
:10DD600082C02ABF1BFF3E3F8E752ABFFC413F3F4A
:10DD7000802A2ABFC0843F3F57DF29BF67C73F3F84
:10DD8000159429BFF009403FB84829BF5C4C403F7B
:10DD900041FD28BFA98E403FB0B128BFDAD0403F37
:10DDA000056628BFEC12413F401A28BFE154413FAD
:10DDB00061CE27BFB796413F688227BF70D8413FE9
:10DDC000563627BF0B1A423F2AEA26BF895B423FDD
:10DDD000E39D26BFE89C423F845126BF29DE423F97
:10DDE0000A0526BF4C1F433F77B825BF5160433F0C
:10DDF000CB6B25BF38A1433F041F25BF00E2433F43
:10DE000025D224BFAB22443F2C8524BF3763443F37
:10DE10001A3824BFA5A3443FEEEA23BFF5E3443FED
:10DE2000A99D23BF2624453F4B5023BF3964453F5E
:10DE3000D30223BF2DA4453F43B522BF03E4453F92
:10DE4000996722BFBB23463FD71922BF5463463F81
:10DE5000FBCB21BFCEA2463F067E21BF2AE2463F32
:10DE6000F92F21BF6721473FD2E120BF8560473F9F
:10DE7000939320BF849F473F3B4520BF65DE473FCC
:10DE8000CBF61FBF271D483F41A81FBFCA5B483FB5
:10DE90009F591FBF4E9A483FE50A1FBFB3D8483F5E
:10DEA00012BC1EBFFA16493F266D1EBF2155493FC1
:10DEB000221E1EBF2993493F06CF1DBF12D1493FE5
:10DEC000D17F1DBFDC0E4A3F84301DBF874C4A3FC7
:10DED0001FE11CBF138A4A3FA2911CBF7FC74A3F64
:10DEE0000C421CBFCC044B3F5FF21BBFFA414B3FBF
:10DEF00099A21BBF097F4B3FBB521BBFF8BB4B3FD7
:10DF0000C6021BBFC7F84B3FB8B21ABF78354C3FAB
:10DF100093621ABF08724C3F55121ABF79AE4C3F3C
:10DF200000C219BFCBEA4C3F947119BFFD264D3F8B
:10DF30000F2119BF10634D3F73D018BF029F4D3F93
:10DF4000C07F18BFD5DA4D3FF52E18BF89164E3F5A
:10DF500012DE17BF1C524E3F188D17BF908D4E3FDB
:10DF6000073C17BFE4C84E3FDFEA16BF17044F3F18
:10DF70009F9916BF2B3F4F3F474816BF1F7A4F3F11
:10DF8000D9F615BFF4B44F3F54A515BFA8EF4F3FC6
:10DF9000B75315BF3B2A503F040215BFAF64503F33
:10DFA00039B014BF039F503F585E14BF37D9503F5C
:10DFB0005F0C14BF4A13513F50BA13BF3D4D513F40
:10DFC0002A6813BF1087513FEE1513BFC2C0513FDF
:10DFD0009AC312BF54FA513F307112BFC633523F39
:10DFE000B01E12BF186D523F19CC11BF49A6523F47
:10DFF0006B7911BF59DF523FA72611BF4918533F14
:10E00000CDD310BF1851533FDC8010BFC789533F99
:10E01000D52D10BF55C2533FB8DA0FBFC3FA533FD7
:10E0200084870FBF0F33543F3B340FBF3B6B543FCC
:10E03000DBE00EBF47A3543F658D0EBF31DB543F7D
:10E04000DA390EBFFB12553F38E60DBFA44A553FE3
:10E0500081920DBF2C82553FB33E0DBF93B9553F02
:10E06000D0EA0CBFD9F0553FD7960CBFFE27563FDC
:10E07000C9420CBF025F563FA5EE0BBFE595563F68
:10E080006B9A0BBFA7CC563F1C460BBF4803573FAC
:10E09000B7F10ABFC739573F3D9D0ABF2670573FAA
:10E0A000AD480ABF63A6573F09F409BF7FDC573F5D
:10E0B0004E9F09BF7912583F7F4A09BF5348583FC6
:10E0C0009BF508BF0B7E583FA1A008BFA1B3583FE6
:10E0D000924B08BF17E9583F6FF607BF6A1E593FBA
:10E0E00036A107BF9C53593FE84B07BFAD88593F46
:10E0F00086F606BF9CBD593F0EA106BF6AF2593F86
:10E10000824B06BF16275A3FE2F505BFA05B5A3F78
:10E110002CA005BF09905A3F624A05BF50C45A3F20
:10E1200084F404BF75F85A3F919E04BF792C5B3F7D
:10E13000894804BF5A605B3F6DF203BF1A945B3F8E
:10E140003D9C03BFB8C75B3FF84503BF34FB5B3F53
:10E150009FEF02BF8E2E5C3F329902BFC7615C3FCA
:10E16000B14202BFDD945C3F1CEC01BFD1C75C3FF4
:10E17000739501BFA3FA5C3FB53E01BF532D5D3FD0
:10E18000E4E700BFE15F5D3FFF9000BF4D925D3F60
:10E19000063A00BF97C45D3FF3C5FFBEBEF65D3FC4
:10E1A000B217FFBEC3285E3F4A69FEBEA65A5E3F55
:10E1B000BBBAFDBE678C5E3F040CFDBE05BE5E3F74
:10E1C000275DFCBE81EF5E3F22AEFBBEDB205F3FE2
:10E1D000F7FEFABE12525F3FA54FFABE27835F3F9C
:10E1E0002DA0F9BE19B45F3F8EF0F8BEE9E45F3FA1
:10E1F000C840F8BE9615603FDC90F7BE2146603FF0
:10E20000CBE0F6BE8976603F9330F6BECFA6603F86
:10E210003580F5BEF2D6603FB1CFF4BEF206613F65
:10E22000071FF4BED036613F386EF3BE8A66613F89
:10E2300043BDF2BE2296613F290CF2BE98C5613FF4
:10E24000EA5AF1BEEAF4613F85A9F0BE1A24623FA2
:10E25000FBF7EFBE2653623F4C46EFBE1082623F93
:10E260007994EEBED7B0623F80E2EDBE7BDF623FC5
:10E270006330EDBEFC0D633F217EECBE5A3C633F34
:10E28000BBCBEBBE956A633F3019EBBEAC98633FE6
:10E290008166EABEA1C6633FAEB3E9BE73F4633FD5
:10E2A000B700E9BE2122643F9C4DE8BEAC4F643FFD
:10E2B0005D9AE7BE147D643FFBE6E6BE59AA643F63
:10E2C0007533E6BE7BD7643FCB7FE5BE7904653FFF
:10E2D000FECBE4BE5431653F0E18E4BE0B5E653FD5
:10E2E000FA63E3BEA08A653FC4AFE2BE10B7653FE4
:10E2F0006AFBE1BE5EE3653FEE46E1BE880F663F26
:10E300004F92E0BE8E3B663F8DDDDFBE7167663F9C
:10E31000A928DFBE3093663FA273DEBECCBE663F47
:10E3200079BEDDBE45EA663F2E09DDBE9915673F21
:10E33000C153DCBECA40673F319EDBBED86B673F2E
:10E3400080E8DABEC196673FAD32DABE87C1673F6B
:10E35000B97CD9BE2AEC673FA3C6D8BEA816683FD1
:10E360006B10D8BE0341683F135AD7BE396B683F64
:10E3700099A3D6BE4C95683FFDECD5BE3CBF683F27
:10E380004136D5BE07E9683F647FD4BEAE12693F0F
:10E3900067C8D3BE323C693F4811D3BE9165693F1F
:10E3A000095AD2BECC8E693FAAA2D1BEE4B7693F5A
:10E3B0002AEBD0BED7E0693F8A33D0BEA7096A3FB7
:10E3C000CA7BCFBE52326A3FEAC3CEBED95A6A3F39
:10E3D000EA0BCEBE3C836A3FCA53CDBE7BAB6A3FDD
:10E3E0008B9BCCBE95D36A3F2CE3CBBE8CFB6A3FA4
:10E3F000AE2ACBBE5E236B3F1072CABE0C4B6B3F86
:10E4000053B9C9BE95726B3F7700C9BEFB996B3F8C
:10E410007C47C8BE3BC16B3F628EC7BE58E86B3FAE
:10E4200029D5C6BE500F6C3FD21BC6BE24366C3FEA
:10E430005C62C5BED45C6C3FC8A8C4BE5E836C3F42
:10E4400015EFC3BEC5A96C3F4435C3BE07D06C3FB2
:10E45000557BC2BE24F66C3F48C1C1BE1D1C6D3F3A
:10E460001E07C1BEF2416D3FD54CC0BEA1676D3FD6
:10E470006F92BFBE2D8D6D3FEBD7BEBE93B26D3F89
:10E480004A1DBEBED5D76D3F8B62BDBEF2FC6D3F4F
:10E49000AFA7BCBEEB216E3FB6ECBBBEBE466E3F27
:10E4A000A031BBBE6D6B6E3F6E76BABEF88F6E3F0D
:10E4B0001EBBB9BE5DB46E3FB2FFB8BE9ED86E3F04
:10E4C0002A44B8BEBAFC6E3F8488B7BEB0206F3F06
:10E4D000C3CCB6BE83446F3FE610B6BE30686F3F14
:10E4E000EC54B5BEB88B6F3FD698B4BE1BAF6F3F30
:10E4F000A5DCB3BE5AD26F3F5820B3BE73F56F3F51
:10E50000EF63B2BE6718703F6BA7B1BE373B703F79
:10E51000CBEAB0BEE15D703F102EB0BE6680703FAA
:10E520003A71AFBEC6A2703F49B4AEBE02C5703FDD
:10E530003CF7ADBE17E7703F153AADBE0809713F15
:10E54000D47CACBED42A713F77BFABBE7A4C713F4E
:10E550000102ABBEFB6D713F6F44AABE578F713F86
:10E56000C486A9BE8EB0713FFEC8A8BE9FD1713FC0
:10E570001F0BA8BE8CF2713F254DA7BE5213723FF0
:10E58000128FA6BEF433723FE5D0A5BE7054723F21
:10E590009F12A5BEC774723F3F54A4BEF894723F49
:10E5A000C595A3BE04B5723F33D7A2BEEBD4723F6C
:10E5B0008718A2BEACF4723FC259A1BE4714733F84
:10E5C000E59AA0BEBE33733FEEDB9FBE0E53733F92
:10E5D000DF1C9FBE3972733FB85D9EBE3F91733F93
:10E5E000789E9DBE1FB0733F20DF9CBED9CE733F87
:10E5F000AF1F9CBE6EED733F27609BBEDD0B743F6B
:10E6000086A09ABE272A743FCEE099BE4B48743F3D
:10E61000FE2099BE4966743F166198BE2284743FFD
:10E6200017A197BED5A1743F00E196BE62BF743FAB
:10E63000D22096BEC9DC743F8D6095BE0BFA743F44
:10E6400031A094BE2717753FBFDF93BE1D34753FC1
:10E65000351F93BEED50753F945E92BE976D753F2A
:10E66000DD9D91BE1C8A753F10DD90BE7BA6753F77
:10E670002C1C90BEB3C2753F325B8FBEC6DE753FA9
:10E68000229A8EBEB3FA753FFCD88DBE7A16763FBD
:10E69000C0178DBE1B32763F6E568CBE974D763FAF
:10E6A00007958BBEEC68763F8AD38ABE1B84763F83
:10E6B000F8118ABE249F763F505089BE07BA763F34
:10E6C000938E88BEC4D4763FC1CC87BE5BEF763FC5
:10E6D000DA0A87BECC09773FDF4886BE1724773F2A
:10E6E000CE8685BE3C3E773FAAC484BE3A58773F6B
:10E6F000700284BE1372773F224083BEC58B773F82
:10E70000C07D82BE51A5773F4ABB81BEB7BE773F71
:10E71000C0F880BEF7D7773F223680BE10F1773F32
:10E72000E1E67EBE040A783F56617DBED122783F85
:10E73000A4DB7BBE773B783FCB557ABEF853783F5E
:10E74000CCCF78BE526C783FA64977BE8684783F9E
:10E750005AC375BE939C783FE83C74BE7BB4783F47
:10E7600051B672BE3BCC783F942F71BED6E3783F52
:10E77000B2A86FBE4AFB783FAB216EBE9812793FBC
:10E780007F9A6CBEBF29793F2F136BBEC040793F83
:10E79000BA8B69BE9A57793F220468BE4E6E793FA4
:10E7A000667C66BEDC84793F86F464BE439B793F19
:10E7B000836C63BE83B1793F5CE461BE9DC7793FE2
:10E7C000135C60BE91DD793FA8D35EBE5EF3793FF6
:10E7D0001A4B5DBE04097A3F6AC25BBE841E7A3F53
:10E7E00097395ABEDD337A3FA4B058BE10497A3FFC
:10E7F0008F2757BE1C5E7A3F589E55BE02737A3FE4
:10E80000011554BEC1877A3F898B52BE599C7A3F0D
:10E81000F10151BECBB07A3F38784FBE16C57A3F72
:10E8200060EE4DBE3AD97A3F67644CBE37ED7A3F11
:10E830004FDA4ABE0E017B3F185049BEBE147B3FE3
:10E84000C2C547BE48287B3F4D3B46BEAB3B7B3FE6
:10E85000B9B044BEE74E7B3F072643BEFC617B3F19
:10E86000379B41BEEA747B3F491040BEB2877B3F75
:10E870003E853EBE539A7B3F15FA3CBECDAC7B3FF6
:10E88000CF6E3BBE20BF7B3F6CE339BE4DD17B3F9B
:10E89000EC5738BE53E37B3F50CC36BE31F57B3F5F
:10E8A000984035BEE9067C3FC4B433BE7A187C3F3D
:10E8B000D42832BEE5297C3FC99C30BE283B7C3F32
:10E8C000A2102FBE444C7C3F61842DBE3A5D7C3F3C
:10E8D00004F82BBE086E7C3F8D6B2ABEB07E7C3F59
:10E8E000FCDE28BE318F7C3F515227BE8A9F7C3F81
:10E8F0008CC525BEBDAF7C3FAD3824BEC9BF7C3FB3
:10E90000B6AB22BEAECF7C3FA51E21BE6CDF7C3FE6
:10E910007B911FBE03EF7C3F38041EBE73FE7C3F1D
:10E92000DE761CBEBC0D7D3F6BE91ABEDD1C7D3F53
:10E93000E05B19BED82B7D3F3DCE17BEAC3A7D3F84
:10E94000834016BE59497D3FB2B214BEDE577D3FAB
:10E95000CA2413BE3D667D3FCC9611BE74747D3FC4
:10E96000B70810BE85827D3F8B7A0EBE6E907D3FCC
:10E970004AEC0CBE309E7D3FF35D0BBECCAB7D3FC1
:10E9800086CF09BE40B97D3F054108BE8CC67D3F9C
:10E990006EB206BEB2D37D3FC22305BEB1E07D3F5D
:10E9A000029503BE88ED7D3F2E0602BE38FA7D3FFC
:10E9B000457700BEC2067E3F92D0FDBD24137E3F48
:10E9C00073B2FABD5E1F7E3F2C94F7BD722B7E3F63
:10E9D000C075F4BD5E377E3F2E57F1BD23437E3FA9
:10E9E0007638EEBDC14E7E3F9A19EBBD385A7E3F58
:10E9F0009AFAE7BD88657E3F76DBE4BDB0707E3F66
:10EA00002EBCE1BDB17B7E3FC49CDEBD8B867E3FCC
:10EA1000377DDBBD3D917E3F895DD8BDC99B7E3F83
:10EA2000B93DD5BD2DA67E3FC81DD2BD69B07E3F84
:10EA3000B7FDCEBD7FBA7E3F86DDCBBD6DC47E3FC8
:10EA400036BDC8BD34CE7E3FC69CC5BDD4D77E3F43
:10EA5000397CC2BD4CE17E3F8D5BBFBD9DEA7E3FF0
:10EA6000C33ABCBDC7F37E3FDD19B9BDC9FC7E3FCB
:10EA7000DAF8B5BDA4057F3FBBD7B2BD580E7F3FC6
:10EA800080B6AFBDE4167F3F2B95ACBD491F7F3FDD
:10EA9000BA73A9BD87277F3F3052A6BD9D2F7F3F08
:10EAA0008C30A3BD8D377F3FCF0EA0BD543F7F3F3D
:10EAB000F9EC9CBDF4467F3F0ACB99BD6D4E7F3F7C
:10EAC00005A996BDBF557F3FE78693BDE95C7F3FB3
:10EAD000B46490BDEC637F3F6A428DBDC76A7F3FDF
:10EAE0000A208ABD7B717F3F94FD86BD08787F3FF9
:10EAF0000ADB83BD6D7E7F3F6CB880BDAB847F3FFA
:10EB0000742B7BBDC28A7F3FE9E574BDB1907F3F26
:10EB100038A06EBD78967F3F625A68BD189C7F3FD3
:10EB2000681462BD91A17F3F4CCE5BBDE3A67F3FE1
:10EB30000E8855BD0DAC7F3FAF414FBD0FB17F3F3C
:10EB40002FFB48BDEAB57F3F91B442BD9EBA7F3FDF
:10EB5000D56D3CBD2ABF7F3FFC2636BD8FC37F3FAE
:10EB600007E02FBDCCC77F3FF69829BDE2CB7F3FA2
:10EB7000CC5123BDD1CF7F3F880A1DBD98D37F3FA5
:10EB80002CC316BD37D77F3FB87B10BDAFDA7F3FB0
:10EB90002F340ABD00DE7F3F90EC03BD29E17F3FAB
:10EBA000B949FBBC2BE47F3F2DBAEEBC05E77F3FA4
:10EBB0007B2AE2BCB8E97F3FA69AD5BC43EC7F3FF5
:10EBC000B00AC9BCA7EE7F3F9B7ABCBCE3F07F3F95
:10EBD00069EAAFBCF8F27F3F1C5AA3BCE6F47F3F62
:10EBE000B6C996BCACF67F3F38398ABC4AF87F3F3D
:10EBF0004B517BBCC1F97F3F003062BC11FB7F3FB2
:10EC0000900E49BC39FC7F3F02ED2FBC39FD7F3FA0
:10EC100059CB16BC13FE7F3F3053FBBBC4FE7F3F76
:10EC2000890FC9BB4EFF7F3FC1CB96BBB1FF7F3F72
:10EC3000C70F49BBECFF7F3FD40FC9BA0000803F2C
:10EC40000000000011FB7F3F900E493C43EC7F3FEA
:10EC5000B00AC93C98D37F3F2CC3163D0FB17F3F0C
:10EC60002FFB483DAB847F3F742B7B3D6D4E7F3F38
:10EC700005A9963D580E7F3F80B6AF3D6DC47E3FDF
:10EC800036BDC83DB0707E3F2EBCE13D24137E3FB3
:10EC900073B2FA3DCCAB7D3F86CF093EAC3A7D3FA7
:10ECA0008340163EC9BF7C3FB6AB223E283B7C3F2B
:10ECB000A2102F3ECDAC7B3FCF6E3B3EBE147B3FC0
:10ECC000C2C5473E02737A3F0115543E9DC7793F46
:10ECD000135C603E9812793F7F9A6C3EF853783F00
:10ECE000CCCF783EC58B773FC07D823E07BA763F5A
:10ECF000938E883EC6DE753F229A8E3E0BFA743F95
:10ED000031A0943EDD0B743F86A09A3E4714733FBA
:10ED1000E59AA03E5213723F128FA63E0809713F3A
:10ED2000D47CAC3E73F56F3FEF63B23E9ED86E3F2E
:10ED30002A44B83E93B26D3F4A1DBE3E5E836C3F8F
:10ED400015EFC33E0C4B6B3F53B9C93EA7096A3F51
:10ED5000CA7BCF3E3CBF683F4136D53ED86B673F4C
:10ED600080E8DA3E880F663F4F92E03E59AA643F42
:10ED70007533E63E5A3C633FBBCBEB3E98C5613FE3
:10ED8000EA5AF13E2146603FCBE0F63E05BE5E3FCB
:10ED9000275DFC3E532D5D3FE4E7003F1A945B3F47
:10EDA0003D9C033F6AF2593F824B063F5348583F10
:10EDB0009BF5083FE595563F6B9A0B3F31DB543F7F
:10EDC000DA390E3F4918533FCDD3103F3D4D513FE7
:10EDD0002A68133F1F7A4F3FD9F6153F029F4D3FD8
:10EDE000C07F183FF8BB4B3FC6021B3F12D1493FC3
:10EDF000D17F1D3F65DE473FCBF61F3F03E4453F14
:10EE00009967223F00E2433F25D2243F70D8413F1B
:10EE10005636273F67C73F3F1594293FF9AE3D3F20
:10EE20004AEB2B3F3B8F3B3FDE3B2E3F4268393F57
:10EE3000BB85303F233A373FC9C8323FF304353FE3
:10EE4000F304353FC9C8323F233A373FBB85303FD3
:10EE50004268393FDE3B2E3F3B8F3B3F4AEB2B3F27
:10EE6000F9AE3D3F1594293F67C73F3F5636273FD0
:10EE700070D8413F25D2243F00E2433F9967223FAB
:10EE800003E4453FCBF61F3F65DE473FD17F1D3F83
:10EE900012D1493FC6021B3FF8BB4B3FC07F183F12
:10EEA000029F4D3FD9F6153F1F7A4F3F2A68133F07
:10EEB0003D4D513FCDD3103F4918533FDA390E3FF6
:10EEC00031DB543F6B9A0B3FE595563F9BF5083F6E
:10EED0005348583F824B063F6AF2593F3D9C033FDF
:10EEE0001A945B3FE4E7003F532D5D3F275DFC3EF6
:10EEF00005BE5E3FCBE0F63E2146603FEA5AF13E5A
:10EF000098C5613FBBCBEB3E5A3C633F7533E63E51
:10EF100059AA643F4F92E03E880F663F80E8DA3E90
:10EF2000D86B673F4136D53E3CBF683FCA7BCF3E7A
:10EF3000A7096A3F53B9C93E0C4B6B3F15EFC33E5F
:10EF40005E836C3F4A1DBE3E93B26D3F2A44B83E7D
:10EF50009ED86E3FEF63B23E73F56F3FD47CAC3EFC
:10EF60000809713F128FA63E5213723FE59AA03EE8
:10EF70004714733F86A09A3EDD0B743F31A0943E48
:10EF80000BFA743F229A8E3EC6DE753F938E883E02
:10EF900007BA763FC07D823EC58B773FCCCF783EA7
:10EFA000F853783F7F9A6C3E9812793F135C603E2D
:10EFB0009DC7793F0115543E02737A3FC2C5473E53
:10EFC000BE147B3FCF6E3B3ECDAC7B3FA2102F3EAD
:10EFD000283B7C3FB6AB223EC9BF7C3F8340163EF8
:10EFE000AC3A7D3F86CF093ECCAB7D3F73B2FA3D54
:10EFF00024137E3F2EBCE13DB0707E3F36BDC83D40
:10F000006DC47E3F80B6AF3D580E7F3F05A9963D4B
:10F010006D4E7F3F742B7B3DAB847F3F2FFB483D84
:10F020000FB17F3F2CC3163D98D37F3FB00AC93C38
:10F0300043EC7F3F900E493C11FB7F3F00000000F6
:10F040000000803F900E49BC11FB7F3FB00AC9BC55
:10F0500043EC7F3F2CC316BD98D37F3F2FFB48BDA9
:10F060000FB17F3F742B7BBDAB847F3F05A996BD5D
:10F070006D4E7F3F80B6AFBD580E7F3F36BDC8BDD9
:10F080006DC47E3F2EBCE1BDB0707E3F73B2FABD51
:10F0900024137E3F86CF09BECCAB7D3F834016BE96
:10F0A000AC3A7D3FB6AB22BEC9BF7C3FA2102FBE9B
:10F0B000283B7C3FCF6E3BBECDAC7B3FC2C547BE3D
:10F0C000BE147B3F011554BE02737A3F135C60BED1
:10F0D0009DC7793F7F9A6CBE9812793FCCCF78BE9E
:10F0E000F853783FC07D82BEC58B773F938E88BE34
:10F0F00007BA763F229A8EBEC6DE753F31A094BE17
:10F100000BFA743F86A09ABEDD0B743FE59AA0BE51
:10F110004714733F128FA6BE5213723FD47CACBE0D
:10F120000809713FEF63B2BE73F56F3F2A44B8BE62
:10F130009ED86E3F4A1DBEBE93B26D3F15EFC3BE53
:10F140005E836C3F53B9C9BE0C4B6B3FCA7BCFBECD
:10F15000A7096A3F4136D5BE3CBF683F80E8DABEAA
:10F16000D86B673F4F92E0BE880F663F7533E6BEAF
:10F1700059AA643FBBCBEBBE5A3C633FEA5AF1BE8F
:10F1800098C5613FCBE0F6BE2146603F275DFCBEDF
:10F1900005BE5E3FE4E700BF532D5D3F3D9C03BFCE
:10F1A0001A945B3F824B06BF6AF2593F9BF508BF3A
:10F1B0005348583F6B9A0BBFE595563FDA390EBF5F
:10F1C00031DB543FCDD310BF4918533F2A6813BFDA
:10F1D0003D4D513FD9F615BF1F7A4F3FC07F18BF35
:10F1E000029F4D3FC6021BBFF8BB4B3FD17F1DBFE7
:10F1F00012D1493FCBF61FBF65DE473F996722BF5B
:10F2000003E4453F25D224BF00E2433F563627BFE3
:10F2100070D8413F159429BF67C73F3F4AEB2BBFCA
:10F22000F9AE3D3FDE3B2EBF3B8F3B3FBB8530BF42
:10F230004268393FC9C832BF233A373FF30435BF6C
:10F24000F304353F233A37BFC9C8323F426839BF5C
:10F25000BB85303F3B8F3BBFDE3B2E3FF9AE3DBF12
:10F260004AEB2B3F67C73FBF1594293F70D841BF7A
:10F270005636273F00E243BF25D2243F03E445BF73
:10F280009967223F65DE47BFCBF61F3F12D149BFCA
:10F29000D17F1D3FF8BB4BBFC6021B3F029F4DBF36
:10F2A000C07F183F1F7A4FBFD9F6153F3D4D51BF64
:10F2B0002A68133F491853BFCDD3103F31DB54BFE9
:10F2C000DA390E3FE59556BF6B9A0B3F534858BF4E
:10F2D0009BF5083F6AF259BF824B063F1A945BBF09
:10F2E0003D9C033F532D5DBFE4E7003F05BE5EBF7D
:10F2F000275DFC3E214660BFCBE0F63E98C561BF6E
:10F30000EA5AF13E5A3C63BFBBCBEB3E59AA64BFFD
:10F310007533E63E880F66BF4F92E03ED86B67BFFD
:10F3200080E8DA3E3CBF68BF4136D53EA7096ABFD8
:10F33000CA7BCF3E0C4B6BBF53B9C93E5E836CBFDB
:10F3400015EFC33E93B26DBF4A1DBE3E9ED86EBF41
:10F350002A44B83E73F56FBFEF63B23E080971BF30
:10F36000D47CAC3E521372BF128FA63E471473BFBB
:10F37000E59AA03EDD0B74BF86A09A3E0BFA74BFDF
:10F3800031A0943EC6DE75BF229A8E3E07BA76BF84
:10F39000938E883EC58B77BFC07D823EF85378BF81
:10F3A000CCCF783E981279BF7F9A6C3E9DC779BFCB
:10F3B000135C603E02737ABF0115543EBE147BBFDE
:10F3C000C2C5473ECDAC7BBFCF6E3B3E283B7CBF2A
:10F3D000A2102F3EC9BF7CBFB6AB223EAC3A7DBF68
:10F3E0008340163ECCAB7DBF86CF093E24137EBF43
:10F3F00073B2FA3DB0707EBF2EBCE13D6DC47EBFDE
:10F4000036BDC83D580E7FBF80B6AF3D6D4E7FBF45
:10F4100005A9963DAB847FBF742B7B3D0FB17FBFA9
:10F420002FFB483D98D37FBF2CC3163D43EC7FBFD5
:10F43000B00AC93C11FB7FBF900E493C000080BF61
:10F440000000000011FB7FBF900E49BC43EC7FBF62
:10F45000B00AC9BC98D37FBF2CC316BD0FB17FBF04
:10F460002FFB48BDAB847FBF742B7BBD6D4E7FBF30
:10F4700005A996BD580E7FBF80B6AFBD6DC47EBFD7
:10F4800036BDC8BDB0707EBF2EBCE1BD24137EBFAB
:10F4900073B2FABDCCAB7DBF86CF09BEAC3A7DBF9F
:10F4A000834016BEC9BF7CBFB6AB22BE283B7CBF23
:10F4B000A2102FBECDAC7BBFCF6E3BBEBE147BBFB8
:10F4C000C2C547BE02737ABF011554BE9DC779BF3E
:10F4D000135C60BE981279BF7F9A6CBEF85378BFF8
:10F4E000CCCF78BEC58B77BFC07D82BE07BA76BF52
:10F4F000938E88BEC6DE75BF229A8EBE0BFA74BF8D
:10F5000031A094BEDD0B74BF86A09ABE471473BFB2
:10F51000E59AA0BE521372BF128FA6BE080971BF32
:10F52000D47CACBE73F56FBFEF63B2BE9ED86EBF26
:10F530002A44B8BE93B26DBF4A1DBEBE5E836CBF87
:10F5400015EFC3BE0C4B6BBF53B9C9BEA7096ABF49
:10F55000CA7BCFBE3CBF68BF4136D5BED86B67BF44
:10F5600080E8DABE880F66BF4F92E0BE59AA64BF3A
:10F570007533E6BE5A3C63BFBBCBEBBE98C561BFDB
:10F58000EA5AF1BE214660BFCBE0F6BE05BE5EBFC3
:10F59000275DFCBE532D5DBFE4E700BF1A945BBF3F
:10F5A0003D9C03BF6AF259BF824B06BF534858BF08
:10F5B0009BF508BFE59556BF6B9A0BBF31DB54BF77
:10F5C000DA390EBF491853BFCDD310BF3D4D51BFDF
:10F5D0002A6813BF1F7A4FBFD9F615BF029F4DBFD0
:10F5E000C07F18BFF8BB4BBFC6021BBF12D149BFBB
:10F5F000D17F1DBF65DE47BFCBF61FBF03E445BF0C
:10F60000996722BF00E243BF25D224BF70D841BF13
:10F61000563627BF67C73FBF159429BFF9AE3DBF18
:10F620004AEB2BBF3B8F3BBFDE3B2EBF426839BF4F
:10F63000BB8530BF233A37BFC9C832BFF30435BFDB
:10F64000F30435BFC9C832BF233A37BFBB8530BFCB
:10F65000426839BFDE3B2EBF3B8F3BBF4AEB2BBF1F
:10F66000F9AE3DBF159429BF67C73FBF563627BFC8
:10F6700070D841BF25D224BF00E243BF996722BFA3
:10F6800003E445BFCBF61FBF65DE47BFD17F1DBF7B
:10F6900012D149BFC6021BBFF8BB4BBFC07F18BF0A
:10F6A000029F4DBFD9F615BF1F7A4FBF2A6813BFFF
:10F6B0003D4D51BFCDD310BF491853BFDA390EBFEE
:10F6C00031DB54BF6B9A0BBFE59556BF9BF508BF66
:10F6D000534858BF824B06BF6AF259BF3D9C03BFD7
:10F6E0001A945BBFE4E700BF532D5DBF275DFCBEEE
:10F6F00005BE5EBFCBE0F6BE214660BFEA5AF1BE52
:10F7000098C561BFBBCBEBBE5A3C63BF7533E6BE49
:10F7100059AA64BF4F92E0BE880F66BF80E8DABE88
:10F72000D86B67BF4136D5BE3CBF68BFCA7BCFBE72
:10F73000A7096ABF53B9C9BE0C4B6BBF15EFC3BE57
:10F740005E836CBF4A1DBEBE93B26DBF2A44B8BE75
:10F750009ED86EBFEF63B2BE73F56FBFD47CACBEF4
:10F76000080971BF128FA6BE521372BFE59AA0BEE0
:10F77000471473BF86A09ABEDD0B74BF31A094BE40
:10F780000BFA74BF229A8EBEC6DE75BF938E88BEFA
:10F7900007BA76BFC07D82BEC58B77BFCCCF78BE9F
:10F7A000F85378BF7F9A6CBE981279BF135C60BE25
:10F7B0009DC779BF011554BE02737ABFC2C547BE4B
:10F7C000BE147BBFCF6E3BBECDAC7BBFA2102FBEA5
:10F7D000283B7CBFB6AB22BEC9BF7CBF834016BEF0
:10F7E000AC3A7DBF86CF09BECCAB7DBF73B2FABD4C
:10F7F00024137EBF2EBCE1BDB0707EBF36BDC8BD38
:10F800006DC47EBF80B6AFBD580E7FBF05A996BD43
:10F810006D4E7FBF742B7BBDAB847FBF2FFB48BD7C
:10F820000FB17FBF2CC316BD98D37FBFB00AC9BC30
:10F8300043EC7FBF900E49BC11FB7FBF00000080EE
:10F84000000080BF900E493C11FB7FBFB00AC93C4D
:10F8500043EC7FBF2CC3163D98D37FBF2FFB483DA1
:10F860000FB17FBF742B7B3DAB847FBF05A9963D55
:10F870006D4E7FBF80B6AF3D580E7FBF36BDC83DD1
:10F880006DC47EBF2EBCE13DB0707EBF73B2FA3D49
:10F8900024137EBF86CF093ECCAB7DBF8340163E8E
:10F8A000AC3A7DBFB6AB223EC9BF7CBFA2102F3E93
:10F8B000283B7CBFCF6E3B3ECDAC7BBFC2C5473E35
:10F8C000BE147BBF0115543E02737ABF135C603EC9
:10F8D0009DC779BF7F9A6C3E981279BFCCCF783E96
:10F8E000F85378BFC07D823EC58B77BF938E883E2C
:10F8F00007BA76BF229A8E3EC6DE75BF31A0943E0F
:10F900000BFA74BF86A09A3EDD0B74BFE59AA03E49
:10F91000471473BF128FA63E521372BFD47CAC3E05
:10F92000080971BFEF63B23E73F56FBF2A44B83E5A
:10F930009ED86EBF4A1DBE3E93B26DBF15EFC33E4B
:10F940005E836CBF53B9C93E0C4B6BBFCA7BCF3EC5
:10F95000A7096ABF4136D53E3CBF68BF80E8DA3EA2
:10F96000D86B67BF4F92E03E880F66BF7533E63EA7
:10F9700059AA64BFBBCBEB3E5A3C63BFEA5AF13E87
:10F9800098C561BFCBE0F63E214660BF275DFC3ED7
:10F9900005BE5EBFE4E7003F532D5DBF3D9C033FC6
:10F9A0001A945BBF824B063F6AF259BF9BF5083F32
:10F9B000534858BF6B9A0B3FE59556BFDA390E3F57
:10F9C00031DB54BFCDD3103F491853BF2A68133FD2
:10F9D0003D4D51BFD9F6153F1F7A4FBFC07F183F2D
:10F9E000029F4DBFC6021B3FF8BB4BBFD17F1D3FDF
:10F9F00012D149BFCBF61F3F65DE47BF9967223F53
:10FA000003E445BF25D2243F00E243BF5636273FDB
:10FA100070D841BF1594293F67C73FBF4AEB2B3FC2
:10FA2000F9AE3DBFDE3B2E3F3B8F3BBFBB85303F3A
:10FA3000426839BFC9C8323F233A37BFF304353F64
:10FA4000F30435BF233A373FC9C832BF4268393F54
:10FA5000BB8530BF3B8F3B3FDE3B2EBFF9AE3D3F0A
:10FA60004AEB2BBF67C73F3F159429BF70D8413F72
:10FA7000563627BF00E2433F25D224BF03E4453F6B
:10FA8000996722BF65DE473FCBF61FBF12D1493FC2
:10FA9000D17F1DBFF8BB4B3FC6021BBF029F4D3F2E
:10FAA000C07F18BF1F7A4F3FD9F615BF3D4D513F5C
:10FAB0002A6813BF4918533FCDD310BF31DB543FE1
:10FAC000DA390EBFE595563F6B9A0BBF5348583F46
:10FAD0009BF508BF6AF2593F824B06BF1A945B3F01
:10FAE0003D9C03BF532D5D3FE4E700BF05BE5E3F75
:10FAF000275DFCBE2146603FCBE0F6BE98C5613F66
:10FB0000EA5AF1BE5A3C633FBBCBEBBE59AA643FF5
:10FB10007533E6BE880F663F4F92E0BED86B673FF5
:10FB200080E8DABE3CBF683F4136D5BEA7096A3FD0
:10FB3000CA7BCFBE0C4B6B3F53B9C9BE5E836C3FD3
:10FB400015EFC3BE93B26D3F4A1DBEBE9ED86E3F39
:10FB50002A44B8BE73F56F3FEF63B2BE0809713F28
:10FB6000D47CACBE5213723F128FA6BE4714733FB3
:10FB7000E59AA0BEDD0B743F86A09ABE0BFA743FD7
:10FB800031A094BEC6DE753F229A8EBE07BA763F7C
:10FB9000938E88BEC58B773FC07D82BEF853783F79
:10FBA000CCCF78BE9812793F7F9A6CBE9DC7793FC3
:10FBB000135C60BE02737A3F011554BEBE147B3FD6
:10FBC000C2C547BECDAC7B3FCF6E3BBE283B7C3F22
:10FBD000A2102FBEC9BF7C3FB6AB22BEAC3A7D3F60
:10FBE000834016BECCAB7D3F86CF09BE24137E3F3B
:10FBF00073B2FABDB0707E3F2EBCE1BD6DC47E3FD6
:10FC000036BDC8BD580E7F3F80B6AFBD6D4E7F3F3D
:10FC100005A996BDAB847F3F742B7BBD0FB17F3FA1
:10FC20002FFB48BD98D37F3F2CC316BD43EC7F3FCD
:10FC3000B00AC9BC11FB7F3F900E49BC0000803F59
:10FC4000000000006DC47E3F36BDC83DBE147B3F42
:10FC5000C2C5473E0BFA743F31A0943E5E836C3FB1
:10FC600015EFC33E98C5613FEA5AF13E31DB543F80
:10FC7000DA390E3F03E4453F9967223FF304353FED
:10FC8000F304353F9967223F03E4453FDA390E3FDD
:10FC900031DB543FEA5AF13E98C5613F15EFC33E50
:10FCA0005E836C3F31A0943E0BFA743FC2C5473E61
:10FCB000BE147B3F36BDC83D6DC47E3F00000000D2
:10FCC0000000803F36BDC8BD6DC47E3FC2C547BE83
:10FCD000BE147B3F31A094BE0BFA743F15EFC3BE38
:10FCE0005E836C3FEA5AF1BE98C5613FDA390EBFB8
:10FCF00031DB543F996722BF03E4453FF30435BF2E
:10FD0000F304353F03E445BF9967223F31DB54BF1D
:10FD1000DA390E3F98C561BFEA5AF13E5E836CBF87
:10FD200015EFC33E0BFA74BF31A0943EBE147BBFE7
:10FD3000C2C5473E6DC47EBF36BDC83D000080BF12
:10FD4000000000006DC47EBF36BDC8BDBE147BBFC1
:10FD5000C2C547BE0BFA74BF31A094BE5E836CBFB0
:10FD600015EFC3BE98C561BFEA5AF1BE31DB54BF7F
:10FD7000DA390EBF03E445BF996722BFF30435BFEC
:10FD8000F30435BF996722BF03E445BFDA390EBFDC
:10FD900031DB54BFEA5AF1BE98C561BF15EFC3BE4F
:10FDA0005E836CBF31A094BE0BFA74BFC2C547BE60
:10FDB000BE147BBF36BDC8BD6DC47EBF00000080D1
:10FDC000000080BF36BDC83D6DC47EBFC2C5473E82
:10FDD000BE147BBF31A0943E0BFA74BF15EFC33E37
:10FDE0005E836CBFEA5AF13E98C561BFDA390E3FB7
:10FDF00031DB54BF9967223F03E445BFF304353F2D
:10FE0000F30435BF03E4453F996722BF31DB543F1C
:10FE1000DA390EBF98C5613FEA5AF1BE5E836C3F86
:10FE200015EFC3BE0BFA743F31A094BEBE147B3FE6
:10FE3000C2C547BE6DC47E3F36BDC8BD00000000D0
:10FE40000000803F890FC93BC4FE7F3F900E493CB4
:10FE500011FB7F3FB6C9963CE6F47F3FB00AC93C30
:10FE600043EC7F3FB949FB3C29E17F3F2CC3163D62
:10FE700098D37F3F07E02F3D8FC37F3F2FFB483D47
:10FE80000FB17F3F6814623D189C7F3F742B7B3D10
:10FE9000AB847F3F0A208A3DC76A7F3F05A9963D14
:10FEA0006D4E7F3F8C30A33D9D2F7F3F80B6AF3D91
:10FEB000580E7F3FC33ABC3D9DEA7E3F36BDC83DEC
:10FEC0006DC47E3FB93DD53DC99B7E3F2EBCE13D13
:10FED000B0707E3F7638EE3D23437E3F73B2FA3DED
:10FEE00024137E3F0295033EB1E07D3F86CF093E5D
:10FEF000CCAB7D3FB708103E74747D3F8340163E07
:10FF0000AC3A7D3FDE761C3E73FE7C3FB6AB223EB4
:10FF1000C9BF7C3FFCDE283EB07E7C3FA2102F3E56
:10FF2000283B7C3F9840353E31F57B3FCF6E3B3ED2
:10FF3000CDAC7B3F379B413EFC617B3FC2C5473E1A
:10FF4000BE147B3F60EE4D3E16C57A3F0115543E10
:10FF500002737A3F97395A3E841E7A3F135C603EA3
:10FF60009DC7793F667C663E4E6E793F7F9A6C3EB8
:10FF70009812793F51B6723E7BB4783FCCCF783E31
:10FF8000F853783FE1E67E3E10F1773FC07D823E38
:10FF9000C58B773FCE86853E1724773F938E883E6C
:10FFA00007BA763F07958B3E974D763F229A8E3E55
:10FFB000C6DE753FDD9D913E976D753F31A0943E45
:10FFC0000BFA743F17A1973E2284743F86A09A3E95
:10FFD000DD0B743F789E9D3E3F91733FE59AA03EB6
:10FFE0004714733FC595A33EF894723F128FA63E07
:10FFF0005213723FC486A93E578F713FD47CAC3EEA
:020000040802F0
:100000000809713F3A71AF3E6680703FEF63B23EC0
:1000100073F56F3FEC54B53E30686F3F2A44B83EED
:100020009ED86E3FA031BB3EBE466E3F4A1DBE3ECF
:1000300093B26D3F1E07C13E1D1C6D3F15EFC33EC1
:100040005E836C3F29D5C63E58E86B3F53B9C93E25
:100050000C4B6B3F8B9BCC3E7BAB6A3FCA7BCF3E4E
:10006000A7096A3F095AD23E9165693F4136D53E9C
:100070003CBF683F6B10D83EA816683F80E8DA3E68
:10008000D86B673F79BEDD3ECCBE663F4F92E03E07
:10009000880F663FFA63E33E0B5E653F7533E63ECD
:1000A00059AA643FB700E93E73F4633FBBCBEB3E14
:1000B0005A3C633F7994EE3E1082623FEA5AF13E29
:1000C00098C5613F071FF43EF206613FCBE0F63E64
:1000D0002146603F2DA0F93E27835F3F275DFC3E10
:1000E00005BE5E3FB217FF3EBEF65D3FE4E7003F50
:1000F000532D5D3FB142023FC7615C3F3D9C033FD2
:100100001A945B3F84F4043F50C45A3F824B063F2D
:100110006AF2593F36A1073F6A1E593F9BF5083FD7
:100120005348583FAD480A3F2670573F6B9A0B3FE4
:10013000E595563FD0EA0C3F93B9553FDA390E3F6B
:1001400031DB543F84870F3FC3FA533FCDD3103F79
:100150004918533FB01E123FC633523F2A68133F1F
:100160003D4D513F39B0143FAF64503FD9F6153F74
:100170001F7A4F3F073C173F908D4E3FC07F183F7F
:10018000029F4D3F00C2193F79AE4C3FC6021B3F54
:10019000F8BB4B3F0C421C3F7FC74A3FD17F1D3FFE
:1001A00012D1493F12BC1E3FB3D8483FCBF61F3F88
:1001B00065DE473FF92F213F2AE2463F9967223FFC
:1001C00003E4453FA99D233FF5E3443F25D2243F67
:1001D00000E2433F0A05263F29DE423F5636273FCD
:1001E00070D8413F0566283FDAD0403F1594293F3B
:1001F00067C73F3F82C02A3F1BBC3E3F4AEB2B3FB5
:10020000F9AE3D3F69142D3F03A03C3FDE3B2E3F3E
:100210003B8F3B3FA5612F3FA47C3A3FBB85303FDE
:100220004268393F1DA8313F1652383FC9C8323F96
:10023000233A373FBCE7333F6C20363FF304353F6A
:10024000F304353F6C20363FBCE7333F233A373F5A
:10025000C9C8323F1652383F1DA8313F4268393F66
:10026000BB85303FA47C3A3FA5612F3F3B8F3B3F8E
:10027000DE3B2E3F03A03C3F69142D3FF9AE3D3FCE
:100280004AEB2B3F1BBC3E3F82C02A3F67C73F3F24
:100290001594293FDAD0403F0566283F70D8413F8A
:1002A0005636273F29DE423F0A05263F00E2433FFC
:1002B00025D2243FF5E3443FA99D233F03E4453F76
:1002C0009967223F2AE2463FF92F213F65DE473FEB
:1002D000CBF61F3FB3D8483F12BC1E3F12D1493F57
:1002E000D17F1D3F7FC74A3F0C421C3FF8BB4B3FAD
:1002F000C6021B3F79AE4C3F00C2193F029F4D3FE3
:10030000C07F183F908D4E3F073C173F1F7A4F3FED
:10031000D9F6153FAF64503F39B0143F3D4D513FC2
:100320002A68133FC633523FB01E123F4918533F4D
:10033000CDD3103FC3FA533F84870F3F31DB543F87
:10034000DA390E3F93B9553FD0EA0C3FE595563F59
:100350006B9A0B3F2670573FAD480A3F5348583FB2
:100360009BF5083F6A1E593F36A1073F6AF2593F85
:10037000824B063F50C45A3F84F4043F1A945B3FBB
:100380003D9C033FC7615C3FB142023F532D5D3F3F
:10039000E4E7003FBEF65D3FB217FF3E05BE5E3F9D
:1003A000275DFC3E27835F3F2DA0F93E2146603F3D
:1003B000CBE0F63EF206613F071FF43E98C5613F71
:1003C000EA5AF13E1082623F7994EE3E5A3C633F16
:1003D000BBCBEB3E73F4633FB700E93E59AA643FE1
:1003E0007533E63E0B5E653FFA63E33E880F663F7A
:1003F0004F92E03ECCBE663F79BEDD3ED86B673F94
:1004000080E8DA3EA816683F6B10D83E3CBF683FD4
:100410004136D53E9165693F095AD23EA7096A3FE8
:10042000CA7BCF3E7BAB6A3F8B9BCC3E0C4B6B3F7A
:1004300053B9C93E58E86B3F29D5C63E5E836C3F31
:1004400015EFC33E1D1C6D3F1E07C13E93B26D3FAD
:100450004A1DBE3EBE466E3FA031BB3E9ED86E3F9B
:100460002A44B83E30686F3FEC54B53E73F56F3F99
:10047000EF63B23E6680703F3A71AF3E0809713F4C
:10048000D47CAC3E578F713FC486A93E5213723F55
:10049000128FA63EF894723FC595A33E4714733F52
:1004A000E59AA03E3F91733F789E9D3EDD0B743FE1
:1004B00086A09A3E2284743F17A1973E0BFA743FA0
:1004C00031A0943E976D753FDD9D913EC6DE753F30
:1004D000229A8E3E974D763F07958B3E07BA763F20
:1004E000938E883E1724773FCE86853EC58B773F17
:1004F000C07D823E10F1773FE1E67E3EF853783FC3
:10050000CCCF783E7BB4783F51B6723E9812793F9B
:100510007F9A6C3E4E6E793F667C663E9DC7793F02
:10052000135C603E841E7A3F97395A3E02737A3FCD
:100530000115543E16C57A3F60EE4D3EBE147B3F1A
:10054000C2C5473EFC617B3F379B413ECDAC7B3F04
:10055000CF6E3B3E31F57B3F9840353E283B7C3F9C
:10056000A2102F3EB07E7C3FFCDE283EC9BF7C3F00
:10057000B6AB223E73FE7C3FDE761C3EAC3A7D3F3E
:100580008340163E74747D3FB708103ECCAB7D3F70
:1005900086CF093EB1E07D3F0295033E24137E3FA6
:1005A00073B2FA3D23437E3F7638EE3DB0707E3F16
:1005B0002EBCE13DC99B7E3FB93DD53D6DC47E3F1C
:1005C00036BDC83D9DEA7E3FC33ABC3D580E7F3FD5
:1005D00080B6AF3D9D2F7F3F8C30A33D6D4E7F3F5A
:1005E00005A9963DC76A7F3F0A208A3DAB847F3FBD
:1005F000742B7B3D189C7F3F6814623D0FB17F3F99
:100600002FFB483D8FC37F3F07E02F3D98D37F3FAF
:100610002CC3163D29E17F3FB949FB3C43EC7F3FAA
:10062000B00AC93CE6F47F3FB6C9963C11FB7F3F58
:10063000900E493CC4FE7F3F890FC93B0000803FBC
:1006400000000000C4FE7F3F890FC9BB11FB7F3F44
:10065000900E49BCE6F47F3FB6C996BC43EC7F3FA1
:10066000B00AC9BC29E17F3FB949FBBC98D37F3FA1
:100670002CC316BD8FC37F3F07E02FBD0FB17F3F57
:100680002FFB48BD189C7F3F681462BDAB847F3F41
:10069000742B7BBDC76A7F3F0A208ABD6D4E7F3FAA
:1006A00005A996BD9D2F7F3F8C30A3BD580E7F3F7F
:1006B00080B6AFBD9DEA7E3FC33ABCBD6DC47E3FF0
:1006C00036BDC8BDC99B7E3FB93DD5BDB0707E3F2C
:1006D0002EBCE1BD23437E3F7638EEBD24137E3F22
:1006E00073B2FABDB1E07D3F029503BECCAB7D3F56
:1006F00086CF09BE74747D3FB70810BEAC3A7D3F0B
:10070000834016BE73FE7C3FDE761CBEC9BF7C3FB5
:10071000B6AB22BEB07E7C3FFCDE28BE283B7C3FD1
:10072000A2102FBE31F57B3F984035BECDAC7B3F4C
:10073000CF6E3BBEFC617B3F379B41BEBE147B3F0F
:10074000C2C547BE16C57A3F60EE4DBE02737A3F02
:10075000011554BE841E7A3F97395ABE9DC7793F12
:10076000135C60BE4E6E793F667C66BE9812793F20
:100770007F9A6CBE7BB4783F51B672BEF853783F17
:10078000CCCF78BE10F1773FE1E67EBEC58B773FD8
:10079000C07D82BE1724773FCE8685BE07BA763FDE
:1007A000938E88BE974D763F07958BBEC6DE753F0C
:1007B000229A8EBE976D753FDD9D91BE0BFA743FF8
:1007C00031A094BE2284743F17A197BEDD0B743F05
:1007D00086A09ABE3F91733F789E9DBE4714733F9B
:1007E000E59AA0BEF894723FC595A3BE5213723F1E
:1007F000128FA6BE578F713FC486A9BE0809713FEC
:10080000D47CACBE6680703F3A71AFBE73F56F3F6B
:10081000EF63B2BE30686F3FEC54B5BE9ED86E3FFA
:100820002A44B8BEBE466E3FA031BBBE93B26D3FF8
:100830004A1DBEBE1D1C6D3F1E07C1BE5E836C3FC0
:1008400015EFC3BE58E86B3F29D5C6BE0C4B6B3FB6
:1008500053B9C9BE7BAB6A3F8B9BCCBEA7096A3F2D
:10086000CA7BCFBE9165693F095AD2BE3CBF683F83
:100870004136D5BEA816683F6B10D8BED86B673F0F
:1008800080E8DABECCBE663F79BEDDBE880F663F2B
:100890004F92E0BE0B5E653FFA63E3BE59AA643F28
:1008A0007533E6BE73F4633FB700E9BE5A3C633F5D
:1008B000BBCBEBBE1082623F7994EEBE98C5613F20
:1008C000EA5AF1BEF206613F071FF4BE2146603FBF
:1008D000CBE0F6BE27835F3F2DA0F9BE05BE5E3F8D
:1008E000275DFCBEBEF65D3FB217FFBE532D5D3FD8
:1008F000E4E700BFC7615C3FB14202BF1A945B3FAF
:100900003D9C03BF50C45A3F84F404BF6AF2593F70
:10091000824B06BF6A1E593F36A107BF5348583F56
:100920009BF508BF2670573FAD480ABFE595563F77
:100930006B9A0BBF93B9553FD0EA0CBF31DB543FE4
:10094000DA390EBFC3FA533F84870FBF4918533FAC
:10095000CDD310BFC633523FB01E12BF3D4D513FE5
:100960002A6813BFAF64503F39B014BF1F7A4F3F9E
:10097000D9F615BF908D4E3F073C17BF029F4D3FE4
:10098000C07F18BF79AE4C3F00C219BFF8BB4B3FC8
:10099000C6021BBF7FC74A3F0C421CBF12D1493F52
:1009A000D17F1DBFB3D8483F12BC1EBF65DE473F95
:1009B000CBF61FBF2AE2463FF92F21BF03E4453F94
:1009C000996722BFF5E3443FA99D23BF00E2433F5F
:1009D00025D224BF29DE423F0A0526BF70D8413FF9
:1009E000563627BFDAD0403F056628BF67C73F3F6E
:1009F000159429BF1BBC3E3F82C02ABFF9AE3D3FC4
:100A00004AEB2BBF03A03C3F69142DBF3B8F3B3FFC
:100A1000DE3B2EBFA47C3A3FA5612FBF4268393F21
:100A2000BB8530BF1652383F1DA831BF233A373F30
:100A3000C9C832BF6C20363FBCE733BFF304353F33
:100A4000F30435BFBCE7333F6C2036BFC9C8323F23
:100A5000233A37BF1DA8313F165238BFBB85303F00
:100A6000426839BFA5612F3FA47C3ABFDE3B2E3FD1
:100A70003B8F3BBF69142D3F03A03CBF4AEB2B3F8C
:100A8000F9AE3DBF82C02A3F1BBC3EBF1594293F33
:100A900067C73FBF0566283FDAD040BF5636273FBD
:100AA00070D841BF0A05263F29DE42BF25D2243F28
:100AB00000E243BFA99D233FF5E344BF9967223F6E
:100AC00003E445BFF92F213F2AE246BFCBF61F3F83
:100AD00065DE47BF12BC1E3FB3D848BFD17F1D3F64
:100AE00012D149BF0C421C3F7FC74ABFC6021B3F01
:100AF000F8BB4BBF00C2193F79AE4CBFC07F183F57
:100B0000029F4DBF073C173F908D4EBFD9F6153F52
:100B10001F7A4FBF39B0143FAF6450BF2A68133FEC
:100B20003D4D51BFB01E123FC63352BFCDD3103F13
:100B3000491853BF84870F3FC3FA53BFDA390E3FBA
:100B400031DB54BFD0EA0C3F93B955BF6B9A0B3FD2
:100B5000E59556BFAD480A3F267057BF9BF5083F45
:100B6000534858BF36A1073F6A1E59BF824B063F04
:100B70006AF259BF84F4043F50C45ABF3D9C033FFE
:100B80001A945BBFB142023FC7615CBFE4E7003F1C
:100B9000532D5DBFB217FF3EBEF65DBF275DFC3E25
:100BA00005BE5EBF2DA0F93E27835FBFCBE0F63EBA
:100BB000214660BF071FF43EF20661BFEA5AF13ECC
:100BC00098C561BF7994EE3E108262BFBBCBEB3E0D
:100BD0005A3C63BFB700E93E73F463BF7533E63E2A
:100BE00059AA64BFFA63E33E0B5E65BF4F92E03ED5
:100BF000880F66BF79BEDD3ECCBE66BF80E8DA3EB8
:100C0000D86B67BF6B10D83EA81668BF4136D53E7B
:100C10003CBF68BF095AD23E916569BFCA7BCF3ECF
:100C2000A7096ABF8B9BCC3E7BAB6ABF53B9C93E59
:100C30000C4B6BBF29D5C63E58E86BBF15EFC33EC2
:100C40005E836CBF1E07C13E1D1C6DBF4A1DBE3EAC
:100C500093B26DBFA031BB3EBE466EBF2A44B83EC4
:100C60009ED86EBFEC54B53E30686FBFEF63B23EA6
:100C700073F56FBF3A71AF3E668070BFD47CAC3EF7
:100C8000080971BFC486A93E578F71BF128FA63E57
:100C9000521372BFC595A33EF89472BFE59AA03E69
:100CA000471473BF789E9D3E3F9173BF86A09A3EC6
:100CB000DD0B74BF17A1973E228474BF31A0943E10
:100CC0000BFA74BFDD9D913E976D75BF229A8E3EE3
:100CD000C6DE75BF07958B3E974D76BF938E883ED7
:100CE00007BA76BFCE86853E172477BFC07D823E89
:100CF000C58B77BFE1E67E3E10F177BFCCCF783E63
:100D0000F85378BF51B6723E7BB478BF7F9A6C3E81
:100D1000981279BF667C663E4E6E79BF135C603E6A
:100D20009DC779BF97395A3E841E7ABF0115543E3C
:100D300002737ABF60EE4D3E16C57ABFC2C5473E0C
:100D4000BE147BBF379B413EFC617BBFCF6E3B3EF9
:100D5000CDAC7BBF9840353E31F57BBFA2102F3E16
:100D6000283B7CBFFCDE283EB07E7CBFB6AB223E7B
:100D7000C9BF7CBFDE761C3E73FE7CBF8340163E3F
:100D8000AC3A7DBFB708103E74747DBF86CF093E74
:100D9000CCAB7DBF0295033EB1E07DBF73B2FA3D9F
:100DA00024137EBF7638EE3D23437EBF2EBCE13D4B
:100DB000B0707EBFB93DD53DC99B7EBF36BDC83D35
:100DC0006DC47EBFC33ABC3D9DEA7EBF80B6AF3DD9
:100DD000580E7FBF8C30A33D9D2F7FBF05A9963D48
:100DE0006D4E7FBF0A208A3DC76A7FBF742B7B3D53
:100DF000AB847FBF6814623D189C7FBF2FFB483DCA
:100E00000FB17FBF07E02F3D8FC37FBF2CC3163DBF
:100E100098D37FBFB949FB3C29E17FBFB00AC93CE9
:100E200043EC7FBFB6C9963CE6F47FBF900E493CC9
:100E300011FB7FBF890FC93BC4FE7FBF00000000CC
:100E40000000803F2FFB483D0FB17F3F36BDC83DBE
:100E50006DC47E3F8340163EAC3A7D3FC2C5473EDF
:100E6000BE147B3FCCCF783EF853783F31A0943E00
:100E70000BFA743FD47CAC3E0809713F15EFC33EBA
:100E80005E836C3F80E8DA3ED86B673FEA5AF13EFA
:100E900098C5613F3D9C033F1A945B3FDA390E3F92
:100EA00031DB543FC07F183F029F4D3F9967223F7F
:100EB00003E4453F4AEB2B3FF9AE3D3FF304353F9A
:100EC000F304353FF9AE3D3F4AEB2B3F03E4453F8A
:100ED0009967223F029F4D3FC07F183F31DB543F4F
:100EE000DA390E3F1A945B3F3D9C033F98C5613F42
:100EF000EA5AF13ED86B673F80E8DA3E5E836C3F8A
:100F000015EFC33E0809713FD47CAC3E0BFA743F29
:100F100031A0943EF853783FCCCF783EBE147B3F4F
:100F2000C2C5473EAC3A7D3F8340163E6DC47E3F0E
:100F300036BDC83D0FB17F3F2FFB483D0000803FCD
:100F4000000000000FB17F3F2FFB48BD6DC47E3F06
:100F500036BDC8BDAC3A7D3F834016BEBE147B3F54
:100F6000C2C547BEF853783FCCCF78BE0BFA743F6A
:100F700031A094BE0809713FD47CACBE5E836C3F47
:100F800015EFC3BED86B673F80E8DABE98C5613FF6
:100F9000EA5AF1BE1A945B3F3D9C03BF31DB543FDC
:100FA000DA390EBF029F4D3FC07F18BF03E4453FB3
:100FB000996722BFF9AE3D3F4AEB2BBFF304353FA3
:100FC000F30435BF4AEB2B3FF9AE3DBF9967223F93
:100FD00003E445BFC07F183F029F4DBFDA390E3F83
:100FE00031DB54BF3D9C033F1A945BBFEA5AF13E8C
:100FF00098C561BF80E8DA3ED86B67BF15EFC33E86
:101000005E836CBFD47CAC3E080971BF31A0943EB6
:101010000BFA74BFCCCF783EF85378BFC2C5473EB9
:10102000BE147BBF8340163EAC3A7DBF36BDC83D83
:101030006DC47EBF2FFB483D0FB17FBF0000000095
:101040000000803FC70F493BB1FF7F3F890FC93B7D
:10105000C4FE7F3F59CB163C39FD7F3F900E493C83
:1010600011FB7F3F4B517B3C4AF87F3FB6C9963C12
:10107000E6F47F3F69EAAF3CE3F07F3FB00AC93C4A
:1010800043EC7F3F7B2AE23C05E77F3FB949FB3CCD
:1010900029E17F3F2F340A3DAFDA7F3F2CC3163D55
:1010A00098D37F3FCC51233DE2CB7F3F07E02F3DDC
:1010B0008FC37F3FD56D3C3D9EBA7F3F2FFB483DA0
:1010C0000FB17F3F0E88553DE3A67F3F6814623D18
:1010D000189C7F3F38A06E3DB1907F3F742B7B3DC5
:1010E000AB847F3F0ADB833D08787F3F0A208A3D3F
:1010F000C76A7F3FB464903DE95C7F3F05A9963D98
:101100006D4E7F3FF9EC9C3D543F7F3F8C30A33DBB
:101110009D2F7F3FBA73A93D491F7F3F80B6AF3DEA
:10112000580E7F3FDAF8B53DC9FC7E3FC33ABC3D5F
:101130009DEA7E3F397CC23DD4D77E3F36BDC83D57
:101140006DC47E3FB7FDCE3D69B07E3FB93DD53D14
:10115000C99B7E3F377DDB3D8B867E3F2EBCE13DCC
:10116000B0707E3F9AFAE73D385A7E3F7638EE3DC2
:1011700023437E3FC075F43D722B7E3F73B2FA3D30
:1011800024137E3F4577003E38FA7D3F0295033EAB
:10119000B1E07D3F6EB2063E8CC67D3F86CF093EF4
:1011A000CCAB7D3F4AEC0C3E6E907D3FB708103EC5
:1011B00074747D3FCA24133EDE577D3F8340163E44
:1011C000AC3A7D3FE05B193EDD1C7D3FDE761C3E88
:1011D00073FE7C3F7B911F3E6CDF7C3FB6AB223EB3
:1011E000C9BF7C3F8CC5253E8A9F7C3FFCDE283EE4
:1011F000B07E7C3F04F82B3E3A5D7C3FA2102F3E30
:10120000283B7C3FD428323E7A187C3F9840353EBC
:1012100031F57B3FEC57383E4DD17B3FCF6E3B3EA7
:10122000CDAC7B3F3E853E3EB2877B3F379B413E08
:10123000FC617B3FB9B0443EAB3B7B3FC2C5473E00
:10124000BE147B3F4FDA4A3E37ED7A3F60EE4D3EAB
:1012500016C57A3FF101513E599C7A3F0115543E23
:1012600002737A3F8F27573E10497A3F97395A3E8B
:10127000841E7A3F1A4B5D3E5EF3793F135C603EFD
:101280009DC7793F836C633E439B793F667C663E96
:101290004E6E793FBA8B693EC040793F7F9A6C3E73
:1012A0009812793FB2A86F3ED6E3783F51B6723EAE
:1012B0007BB4783F5AC3753E8684783FCCCF783E66
:1012C000F853783FA4DB7B3ED122783FE1E67E3EB7
:1012D00010F1773FC0F8803EB7BE773FC07D823EB9
:1012E000C58B773F7002843E3A58773FCE86853E65
:1012F0001724773FDA0A873E5BEF763F938E883E6E
:1013000007BA763FF8118A3E1B84763F07958B3EDD
:10131000974D763FC0178D3E7A16763F229A8E3EC5
:10132000C6DE753F2C1C903E7BA6753FDD9D913E31
:10133000976D753F351F933E1D34753F31A0943E28
:101340000BFA743FD220963E62BF743F17A1973EBE
:101350002284743FFE20993E4B48743F86A09A3EFB
:10136000DD0B743FAF1F9C3ED9CE733F789E9D3EF0
:101370003F91733FDF1C9F3E0E53733FE59AA03EA3
:101380004714733F8718A23EEBD4723FC595A33E26
:10139000F894723F9F12A53E7054723F128FA63E82
:1013A0005213723F1F0BA83E9FD1713FC486A93EC6
:1013B000578F713F0102AB3E7A4C713FD47CAC3EFB
:1013C0000809713F3CF7AD3E02C5703F3A71AF3E30
:1013D0006680703FCBEAB03E373B703FEF63B23E72
:1013E00073F56F3FA5DCB33E1BAF6F3FEC54B53ECA
:1013F00030686F3FC3CCB63EB0206F3F2A44B83E42
:101400009ED86E3F1EBBB93EF88F6E3FA031BB3EEB
:10141000BE466E3FAFA7BC3EF2FC6D3F4A1DBE3ECE
:1014200093B26D3F6F92BF3EA1676D3F1E07C13EF5
:101430001D1C6D3F557BC23E07D06C3F15EFC33E70
:101440005E836C3F5C62C53E24366C3F29D5C63E48
:1014500058E86B3F7C47C83EFB996B3F53B9C93E88
:101460000C4B6B3FAE2ACB3E8CFB6A3F8B9BCC3E3A
:101470007BAB6A3FEA0BCE3ED95A6A3FCA7BCF3E6E
:10148000A7096A3F2AEBD03EE4B7693F095AD23E2A
:101490009165693F67C8D33EAE12693F4136D53E7C
:1014A0003CBF683F99A3D63E396B683F6B10D83E6E
:1014B000A816683FB97CD93E87C1673F80E8DA3E0D
:1014C000D86B673FC153DC3E9915673F79BEDD3E5F
:1014D000CCBE663FA928DF3E7167663F4F92E03E73
:1014E000880F663F6AFBE13E10B7653FFA63E33E53
:1014F0000B5E653FFECBE43E7904653F7533E63E07
:1015000059AA643F5D9AE73EAC4F643FB700E93E9D
:1015100073F4633F8166EA3EAC98633FBBCBEB3E1E
:101520005A3C633F6330ED3E7BDF623F7994EE3E91
:101530001082623FFBF7EF3E1A24623FEA5AF13E07
:1015400098C5613F43BDF23E8A66613F071FF43E86
:10155000F206613F3580F53ECFA6603FCBE0F63E18
:101560002146603FC840F83EE9E45F3F2DA0F93EC8
:1015700027835F3FF7FEFA3EDB205F3F275DFC3E9F
:1015800005BE5E3FBBBAFD3EA65A5E3FB217FF3EA8
:10159000BEF65D3F063A003F4D925D3FE4E7003FF7
:1015A000532D5D3F7395013FD1C75C3FB142023F70
:1015B000C7615C3F9FEF023F34FB5B3F3D9C033FB5
:1015C0001A945B3F8948043F792C5B3F84F4043FC5
:1015D00050C45A3F2CA0053FA05B5A3F824B063FA8
:1015E0006AF2593F86F6063FAD88593F36A1073F5C
:1015F0006A1E593F924B083FA1B3583F9BF5083FE5
:101600005348583F4E9F093F7FDC573FAD480A3F44
:101610002670573FB7F10A3F4803573F6B9A0B3F7D
:10162000E595563FC9420C3FFE27563FD0EA0C3F96
:1016300093B9553F81920D3FA44A553FDA390E3F89
:1016400031DB543FDBE00E3F3B6B543F84870F3F61
:10165000C3FA533FD52D103FC789533FCDD3103F19
:101660004918533F6B79113F49A6523FB01E123FB4
:10167000C633523F9AC3123FC2C0513F2A68133F3C
:101680003D4D513F5F0C143F37D9503F39B0143FA7
:10169000AF64503FB753153FA8EF4F3FD9F6153F02
:1016A0001F7A4F3F9F99163F17044F3F073C173F44
:1016B000908D4E3F12DE173F89164E3FC07F183F78
:1016C000029F4D3F0F21193FFD264D3F00C2193F9C
:1016D00079AE4C3F93621A3F78354C3FC6021B3FB0
:1016E000F8BB4B3F99A21B3FFA414B3F0C421C3FBA
:1016F0007FC74A3F1FE11C3F874C4A3FD17F1D3FB8
:1017000012D1493F221E1E3F2155493F12BC1E3FA8
:10171000B3D8483F9F591F3FCA5B483FCBF61F3F96
:1017200065DE473F9393203F8560473FF92F213F78
:101730002AE2463FFBCB213F5463463F9967223F55
:1017400003E4453FD302233F3964453FA99D233F2E
:10175000F5E3443F1A38243F3763443F25D2243F02
:1017600000E2433FCB6B253F5160433F0A05263FD4
:1017700029DE423FE39D263F895B423F5636273FA5
:1017800070D8413F61CE273FE154413F0566283F75
:10179000DAD0403F41FD283F5C4C403F1594293F43
:1017A00067C73F3F802A2A3FFC413F3F82C02A3F14
:1017B0001BBC3E3F1B562B3FC5353E3F4AEB2B3FE4
:1017C000F9AE3D3F0F802C3FB8273D3F69142D3FB8
:1017D00003A03C3F59A82D3FD9173C3FDE3B2E3F8D
:1017E0003B8F3B3FF7CE2E3F29063B3FA5612F3F66
:1017F000A47C3A3FE6F32F3FACF2393FBB85303F44
:101800004268393F2217313F65DD383F1DA8313F1F
:101810001652383FAA38323F55C6373FC9C8323F03
:10182000233A373F7A58333F7FAD363FBCE7333FEB
:101830006C20363F8F76343FE792353FF304353FD7
:10184000F304353FE792353F8F76343F6C20363FC7
:10185000BCE7333F7FAD363F7A58333F233A373FBB
:10186000C9C8323F55C6373FAA38323F1652383FB3
:101870001DA8313F65DD383F2217313F4268393FAF
:10188000BB85303FACF2393FE6F32F3FA47C3A3FB3
:10189000A5612F3F29063B3FF7CE2E3F3B8F3B3FB5
:1018A000DE3B2E3FD9173C3F59A82D3F03A03C3FBC
:1018B00069142D3FB8273D3F0F802C3FF9AE3D3FC7
:1018C0004AEB2B3FC5353E3F1B562B3F1BBC3E3FD3
:1018D00082C02A3FFC413F3F802A2A3F67C73F3FE3
:1018E0001594293F5C4C403F41FD283FDAD0403FF2
:1018F0000566283FE154413F61CE273F70D8413F04
:101900005636273F895B423FE39D263F29DE423F13
:101910000A05263F5160433FCB6B253F00E2433F22
:1019200025D2243F3763443F1A38243FF5E3443F30
:10193000A99D233F3964453FD302233F03E4453F3C
:101940009967223F5463463FFBCB213F2AE2463F43
:10195000F92F213F8560473F9393203F65DE473F46
:10196000CBF61F3FCA5B483F9F591F3FB3D8483F44
:1019700012BC1E3F2155493F221E1E3F12D1493F36
:10198000D17F1D3F874C4A3F1FE11C3F7FC74A3F25
:101990000C421C3FFA414B3F99A21B3FF8BB4B3F07
:1019A000C6021B3F78354C3F93621A3F79AE4C3FDD
:1019B00000C2193FFD264D3F0F21193F029F4D3FA9
:1019C000C07F183F89164E3F12DE173F908D4E3F65
:1019D000073C173F17044F3F9F99163F1F7A4F3F11
:1019E000D9F6153FA8EF4F3FB753153FAF64503FAF
:1019F00039B0143F37D9503F5F0C143F3D4D513F34
:101A00002A68133FC2C0513F9AC3123FC633523FA8
:101A1000B01E123F49A6523F6B79113F4918533F00
:101A2000CDD3103FC789533FD52D103FC3FA533F45
:101A300084870F3F3B6B543FDBE00E3F31DB543F6D
:101A4000DA390E3FA44A553F81920D3F93B9553F75
:101A5000D0EA0C3FFE27563FC9420C3FE595563F62
:101A60006B9A0B3F4803573FB7F10A3F2670573F29
:101A7000AD480A3F7FDC573F4E9F093F5348583FD0
:101A80009BF5083FA1B3583F924B083F6A1E593F50
:101A900036A1073FAD88593F86F6063F6AF2593FA7
:101AA000824B063FA05B5A3F2CA0053F50C45A3FD3
:101AB00084F4043F792C5B3F8948043F1A945B3FD0
:101AC0003D9C033F34FB5B3F9FEF023FC7615C3FA0
:101AD000B142023FD1C75C3F7395013F532D5D3F3B
:101AE000E4E7003F4D925D3F063A003FBEF65D3FA2
:101AF000B217FF3EA65A5E3FBBBAFD3E05BE5E3F33
:101B0000275DFC3EDB205F3FF7FEFA3E27835F3F09
:101B10002DA0F93EE9E45F3FC840F83E2146603F12
:101B2000CBE0F63ECFA6603F3580F53EF206613F42
:101B3000071FF43E8A66613F43BDF23E98C5613F90
:101B4000EA5AF13E1A24623FFBF7EF3E1082623FF1
:101B50007994EE3E7BDF623F6330ED3E5A3C633F5B
:101B6000BBCBEB3EAC98633F8166EA3E73F4633FC8
:101B7000B700E93EAC4F643F5D9AE73E59AA643F27
:101B80007533E63E7904653FFECBE43E0B5E653F70
:101B9000FA63E33E10B7653F6AFBE13E880F663F9C
:101BA0004F92E03E7167663FA928DF3ECCBE663F9C
:101BB00079BEDD3E9915673FC153DC3ED86B673F68
:101BC00080E8DA3E87C1673FB97CD93EA816683FF6
:101BD0006B10D83E396B683F99A3D63E3CBF683F37
:101BE0004136D53EAE12693F67C8D33E9165693F25
:101BF000095AD23EE4B7693F2AEBD03EA7096A3FB3
:101C0000CA7BCF3ED95A6A3FEA0BCE3E7BAB6A3FD6
:101C10008B9BCC3E8CFB6A3FAE2ACB3E0C4B6B3F82
:101C200053B9C93EFB996B3F7C47C83E58E86B3FB0
:101C300029D5C63E24366C3F5C62C53E5E836C3F50
:101C400015EFC33E07D06C3F557BC23E1D1C6D3F58
:101C50001E07C13EA1676D3F6F92BF3E93B26D3FBD
:101C60004A1DBE3EF2FC6D3FAFA7BC3EBE466E3F76
:101C7000A031BB3EF88F6E3F1EBBB93E9ED86E3F73
:101C80002A44B83EB0206F3FC3CCB63E30686F3FA9
:101C9000EC54B53E1BAF6F3FA5DCB33E73F56F3F11
:101CA000EF63B23E373B703FCBEAB03E6680703F99
:101CB0003A71AF3E02C5703F3CF7AD3E0809713F37
:101CC000D47CAC3E7A4C713F0102AB3E578F713FE2
:101CD000C486A93E9FD1713F1F0BA83E5213723F8D
:101CE000128FA63E7054723F9F12A53EF894723F29
:101CF000C595A33EEBD4723F8718A23E4714733FAD
:101D0000E59AA03E0E53733FDF1C9F3E3F91733F09
:101D1000789E9D3ED9CE733FAF1F9C3EDD0B743F36
:101D200086A09A3E4B48743FFE20993E2284743F21
:101D300017A1973E62BF743FD220963E0BFA743FC4
:101D400031A0943E1D34753F351F933E976D753F0E
:101D5000DD9D913E7BA6753F2C1C903EC6DE753FF7
:101D6000229A8E3E7A16763FC0178D3E974D763F6B
:101D700007958B3E1B84763FF8118A3E07BA763F63
:101D8000938E883E5BEF763FDA0A873E1724773FD3
:101D9000CE86853E3A58773F7002843EC58B773FAA
:101DA000C07D823EB7BE773FC0F8803E10F1773FDE
:101DB000E1E67E3ED122783FA4DB7B3EF853783FBC
:101DC000CCCF783E8684783F5AC3753E7BB4783F4B
:101DD00051B6723ED6E3783FB2A86F3E9812793F73
:101DE0007F9A6C3EC040793FBA8B693E4E6E793F18
:101DF000667C663E439B793F836C633E9DC7793F1B
:101E0000135C603E5EF3793F1A4B5D3E841E7A3F61
:101E100097395A3E10497A3F8F27573E02737A3FCF
:101E20000115543E599C7A3FF101513E16C57A3F47
:101E300060EE4D3E37ED7A3F4FDA4A3EBE147B3FAF
:101E4000C2C5473EAB3B7B3FB9B0443EFC617B3FE4
:101E5000379B413EB2877B3F3E853E3ECDAC7B3FCC
:101E6000CF6E3B3E4DD17B3FEC57383E31F57B3F4B
:101E70009840353E7A187C3FD428323E283B7C3F40
:101E8000A2102F3E3A5D7C3F04F82B3EB07E7C3F93
:101E9000FCDE283E8A9F7C3F8CC5253EC9BF7C3F27
:101EA000B6AB223E6CDF7C3F7B911F3E73FE7C3FD6
:101EB000DE761C3EDD1C7D3FE05B193EAC3A7D3F8B
:101EC0008340163EDE577D3FCA24133E74747D3F27
:101ED000B708103E6E907D3F4AEC0C3ECCAB7D3F88
:101EE00086CF093E8CC67D3F6EB2063EB1E07D3F97
:101EF0000295033E38FA7D3F4577003E24137E3F2E
:101F000073B2FA3D722B7E3FC075F43D23437E3F92
:101F10007638EE3D385A7E3F9AFAE73DB0707E3F04
:101F20002EBCE13D8B867E3F377DDB3DC99B7E3FEE
:101F3000B93DD53D69B07E3FB7FDCE3D6DC47E3F16
:101F400036BDC83DD4D77E3F397CC23D9DEA7E3F39
:101F5000C33ABC3DC9FC7E3FDAF8B53D580E7F3F21
:101F600080B6AF3D491F7F3FBA73A93D9D2F7F3F8C
:101F70008C30A33D543F7F3FF9EC9C3D6D4E7F3F3D
:101F800005A9963DE95C7F3FB464903DC76A7F3FF9
:101F90000A208A3D08787F3F0ADB833DAB847F3F80
:101FA000742B7B3DB1907F3F38A06E3D189C7F3FE6
:101FB0006814623DE3A67F3F0E88553D0FB17F3F19
:101FC0002FFB483D9EBA7F3FD56D3C3D8FC37F3F81
:101FD00007E02F3DE2CB7F3FCC51233D98D37F3F9D
:101FE0002CC3163DAFDA7F3F2F340A3D29E17F3FF6
:101FF000B949FB3C05E77F3F7B2AE23C43EC7F3F4E
:10200000B00AC93CE3F07F3F69EAAF3CE6F47F3FAA
:10201000B6C9963C4AF87F3F4B517B3C11FB7F3F52
:10202000900E493C39FD7F3F59CB163CC4FE7F3FA3
:10203000890FC93BB1FF7F3FC70F493B0000803F7D
:1020400000000000B1FF7F3FC70F49BBC4FE7F3FC8
:10205000890FC9BB39FD7F3F59CB16BC11FB7F3FB0
:10206000900E49BC4AF87F3F4B517BBCE6F47F3F62
:10207000B6C996BCE3F07F3F69EAAFBC43EC7F3F53
:10208000B00AC9BC05E77F3F7B2AE2BC29E17F3F5C
:10209000B949FBBCAFDA7F3F2F340ABD98D37F3FED
:1020A0002CC316BDE2CB7F3FCC5123BD8FC37F3FF6
:1020B00007E02FBD9EBA7F3FD56D3CBD0FB17F3F7E
:1020C0002FFB48BDE3A67F3F0E8855BD189C7F3F80
:1020D000681462BDB1907F3F38A06EBDAB847F3F76
:1020E000742B7BBD08787F3F0ADB83BDC76A7F3FC7
:1020F0000A208ABDE95C7F3FB46490BD6D4E7F3F8E
:1021000005A996BD543F7F3FF9EC9CBD9D2F7F3FB5
:102110008C30A3BD491F7F3FBA73A9BD580E7F3FC6
:1021200080B6AFBDC9FC7E3FDAF8B5BD9DEA7E3F03
:10213000C33ABCBDD4D77E3F397CC2BD6DC47E3F9F
:1021400036BDC8BD69B07E3FB7FDCEBDC99B7E3FE1
:10215000B93DD5BD8B867E3F377DDBBDB0707E3F00
:102160002EBCE1BD385A7E3F9AFAE7BD23437E3F3D
:102170007638EEBD722B7E3FC075F4BD24137E3FD2
:1021800073B2FABD38FA7D3F457700BEB1E07D3FBE
:10219000029503BE8CC67D3F6EB206BECCAB7D3FC2
:1021A00086CF09BE6E907D3F4AEC0CBE74747D3FB5
:1021B000B70810BEDE577D3FCA2413BEAC3A7D3F40
:1021C000834016BEDD1C7D3FE05B19BE73FE7C3F85
:1021D000DE761CBE6CDF7C3F7B911FBEC9BF7C3F9F
:1021E000B6AB22BE8A9F7C3F8CC525BEB07E7C3FAD
:1021F000FCDE28BE3A5D7C3F04F82BBE283B7C3FCA
:10220000A2102FBE7A187C3FD42832BE31F57B3F16
:10221000984035BE4DD17B3FEC5738BECDAC7B3FAF
:10222000CF6E3BBEB2877B3F3E853EBEFC617B3FAF
:10223000379B41BEAB3B7B3FB9B044BEBE147B3F36
:10224000C2C547BE37ED7A3F4FDA4ABE16C57A3F60
:1022500060EE4DBE599C7A3FF10151BE02737A3F48
:10226000011554BE10497A3F8F2757BE841E7A3F0E
:1022700097395ABE5EF3793F1A4B5DBE9DC7793FD1
:10228000135C60BE439B793F836C63BE4E6E793FA7
:10229000667C66BEC040793FBA8B69BE9812793FB2
:1022A0007F9A6CBED6E3783FB2A86FBE7BB4783F0E
:1022B00051B672BE8684783F5AC375BEF853783FD4
:1022C000CCCF78BED122783FA4DB7BBE10F1773F24
:1022D000E1E67EBEB7BE773FC0F880BEC58B773FD4
:1022E000C07D82BE3A58773F700284BE1724773F84
:1022F000CE8685BE5BEF763FDA0A87BE07BA763FA9
:10230000938E88BE1B84763FF8118ABE974D763F28
:1023100007958BBE7A16763FC0178DBEC6DE753F19
:10232000229A8EBE7BA6753F2C1C90BE976D753F82
:10233000DD9D91BE1D34753F351F93BE0BFA743F72
:1023400031A094BE62BF743FD22096BE2284743FF7
:1023500017A197BE4B48743FFE2099BEDD0B743F1A
:1023600086A09ABED9CE733FAF1F9CBE3F91733FEC
:10237000789E9DBE0E53733FDF1C9FBE4714733F74
:10238000E59AA0BEEBD4723F8718A2BEF894723FC4
:10239000C595A3BE7054723F9F12A5BE5213723FE3
:1023A000128FA6BE9FD1713F1F0BA8BE578F713FE2
:1023B000C486A9BE7A4C713F0102ABBE0809713FC9
:1023C000D47CACBE02C5703F3CF7ADBE6680703FAA
:1023D0003A71AFBE373B703FCBEAB0BE73F56F3F8B
:1023E000EF63B2BE1BAF6F3FA5DCB3BE30686F3F7B
:1023F000EC54B5BEB0206F3FC3CCB6BE9ED86E3F86
:102400002A44B8BEF88F6E3F1EBBB9BEBE466E3FB3
:10241000A031BBBEF2FC6D3FAFA7BCBE93B26D3F17
:102420004A1DBEBEA1676D3F6F92BFBE1D1C6D3FB2
:102430001E07C1BE07D06C3F557BC2BE5E836C3F9A
:1024400015EFC3BE24366C3F5C62C5BE58E86B3FD7
:1024500029D5C6BEFB996B3F7C47C8BE0C4B6B3F72
:1024600053B9C9BE8CFB6A3FAE2ACBBE7BAB6A3F79
:102470008B9BCCBED95A6A3FEA0BCEBEA7096A3FF6
:10248000CA7BCFBEE4B7693F2AEBD0BE9165693FF6
:10249000095AD2BEAE12693F67C8D3BE3CBF683F7F
:1024A0004136D5BE396B683F99A3D6BEA816683FA2
:1024B0006B10D8BE87C1673FB97CD9BED86B673F68
:1024C00080E8DABE9915673FC153DCBECCBE663FDB
:1024D00079BEDDBE7167663FA928DFBE880F663F03
:1024E0004F92E0BE10B7653F6AFBE1BE0B5E653FF1
:1024F000FA63E3BE7904653FFECBE4BE59AA643FAC
:102500007533E6BEAC4F643F5D9AE7BE73F4633F3C
:10251000B700E9BEAC98633F8166EABE5A3C633FB0
:10252000BBCBEBBE7BDF623F6330EDBE1082623F10
:102530007994EEBE1A24623FFBF7EFBE98C5613F67
:10254000EA5AF1BE8A66613F43BDF2BEF206613FC0
:10255000071FF4BECFA6603F3580F5BE2146603F21
:10256000CBE0F6BEE9E45F3FC840F8BE27835F3F9B
:102570002DA0F9BEDB205F3FF7FEFABE05BE5E3F31
:10258000275DFCBEA65A5E3FBBBAFDBEBEF65D3FF0
:10259000B217FFBE4D925D3F063A00BF532D5D3F1F
:1025A000E4E700BFD1C75C3F739501BFC7615C3FE3
:1025B000B14202BF34FB5B3F9FEF02BF1A945B3F07
:1025C0003D9C03BF792C5B3F894804BF50C45A3FF0
:1025D00084F404BFA05B5A3F2CA005BF6AF2593FA8
:1025E000824B06BFAD88593F86F606BF6A1E593F2B
:1025F00036A107BFA1B3583F924B08BF5348583F7D
:102600009BF508BF7FDC573F4E9F09BF2670573FA1
:10261000AD480ABF4803573FB7F10ABFE595563F9B
:102620006B9A0BBFFE27563FC9420CBF93B9553F6B
:10263000D0EA0CBFA44A553F81920DBF31DB543F15
:10264000DA390EBF3B6B543FDBE00EBFC3FA533F9A
:1026500084870FBFC789533FD52D10BF4918533FFB
:10266000CDD310BF49A6523F6B7911BFC633523F3D
:10267000B01E12BFC2C0513F9AC312BF3D4D513F61
:102680002A6813BF37D9503F5F0C14BFAF64503F67
:1026900039B014BFA8EF4F3FB75315BF1F7A4F3F54
:1026A000D9F615BF17044F3F9F9916BF908D4E3F27
:1026B000073C17BF89164E3F12DE17BF029F4D3FE2
:1026C000C07F18BFFD264D3F0F2119BF79AE4C3F8B
:1026D00000C219BF78354C3F93621ABFF8BB4B3F1D
:1026E000C6021BBFFA414B3F99A21BBF7FC74A3F9F
:1026F0000C421CBF874C4A3F1FE11CBF12D1493F0F
:10270000D17F1DBF2155493F221E1EBFB3D8483F70
:1027100012BC1EBFCA5B483F9F591FBF65DE473FC3
:10272000CBF61FBF8560473F939320BF2AE2463F09
:10273000F92F21BF5463463FFBCB21BF03E4453F44
:10274000996722BF3964453FD30223BFF5E3443F75
:10275000A99D23BF3763443F1A3824BF00E2433F9B
:1027600025D224BF5160433FCB6B25BF29DE423FBA
:102770000A0526BF895B423FE39D26BF70D8413FD3
:10278000563627BFE154413F61CE27BFDAD0403FE4
:10279000056628BF5C4C403F41FD28BF67C73F3FEF
:1027A000159429BFFC413F3F802A2ABF1BBC3E3FF6
:1027B00082C02ABFC5353E3F1B562BBFF9AE3D3FF9
:1027C0004AEB2BBFB8273D3F0F802CBF03A03C3FF7
:1027D00069142DBFD9173C3F59A82DBF3B8F3B3FF4
:1027E000DE3B2EBF29063B3FF7CE2EBFA47C3A3FEF
:1027F000A5612FBFACF2393FE6F32FBF4268393FE6
:10280000BB8530BF65DD383F221731BF1652383FD8
:102810001DA831BF55C6373FAA3832BF233A373FCC
:10282000C9C832BF7FAD363F7A5833BF6C20363FC0
:10283000BCE733BFE792353F8F7634BFF304353FB3
:10284000F30435BF8F76343FE79235BFBCE7333FA3
:102850006C2036BF7A58333F7FAD36BFC9C8323F90
:10286000233A37BFAA38323F55C637BF1DA8313F7C
:10287000165238BF2217313F65DD38BFBB85303F68
:10288000426839BFE6F32F3FACF239BFA5612F3F55
:10289000A47C3ABFF7CE2E3F29063BBFDE3B2E3F3E
:1028A0003B8F3BBF59A82D3FD9173CBF69142D3F23
:1028B00003A03CBF0F802C3FB8273DBF4AEB2B3F06
:1028C000F9AE3DBF1B562B3FC5353EBF82C02A3FE8
:1028D0001BBC3EBF802A2A3FFC413FBF1594293FC5
:1028E00067C73FBF41FD283F5C4C40BF0566283F9E
:1028F000DAD040BF61CE273FE15441BF5636273F73
:1029000070D841BFE39D263F895B42BF0A05263F41
:1029100029DE42BFCB6B253F516043BF25D2243F08
:1029200000E243BF1A38243F376344BFA99D233FC9
:10293000F5E344BFD302233F396445BF9967223F83
:1029400003E445BFFBCB213F546346BFF92F213F32
:102950002AE246BF9393203F856047BFCBF61F3FD7
:1029600065DE47BF9F591F3FCA5B48BF12BC1E3F71
:10297000B3D848BF221E1E3F215549BFD17F1D3FFE
:1029800012D149BF1FE11C3F874C4ABF0C421C3F7C
:102990007FC74ABF99A21B3FFA414BBFC6021B3FEC
:1029A000F8BB4BBF93621A3F78354CBF00C2193F4A
:1029B00079AE4CBF0F21193FFD264DBFC07F183F98
:1029C000029F4DBF12DE173F89164EBF073C173FCF
:1029D000908D4EBF9F99163F17044FBFD9F6153FF4
:1029E0001F7A4FBFB753153FA8EF4FBF39B0143F01
:1029F000AF6450BF5F0C143F37D950BF2A68133FF4
:102A00003D4D51BF9AC3123FC2C051BFB01E123FCD
:102A1000C63352BF6B79113F49A652BFCDD3103F89
:102A2000491853BFD52D103FC78953BF84870F3F27
:102A3000C3FA53BFDBE00E3F3B6B54BFDA390E3FA6
:102A400031DB54BF81920D3FA44A55BFD0EA0C3F01
:102A500093B955BFC9420C3FFE2756BF6B9A0B3F37
:102A6000E59556BFB7F10A3F480357BFAD480A3F47
:102A7000267057BF4E9F093F7FDC57BF9BF5083F2D
:102A8000534858BF924B083FA1B358BF36A1073FE8
:102A90006A1E59BF86F6063FAD8859BF824B063F76
:102AA0006AF259BF2CA0053FA05B5ABF84F4043FD3
:102AB00050C45ABF8948043F792C5BBF3D9C033FFB
:102AC0001A945BBF9FEF023F34FB5BBFB142023FF2
:102AD000C7615CBF7395013FD1C75CBFE4E7003FAE
:102AE000532D5DBF063A003F4D925DBFB217FF3ECA
:102AF000BEF65DBFBBBAFD3EA65A5EBF275DFC3E7B
:102B000005BE5EBFF7FEFA3EDB205FBF2DA0F93E9B
:102B100027835FBFC840F83EE9E45FBFCBE0F63EE5
:102B2000214660BF3580F53ECFA660BF071FF43E4B
:102B3000F20661BF43BDF23E8A6661BFEA5AF13ECA
:102B400098C561BFFBF7EF3E1A2462BF7994EE3E51
:102B5000108262BF6330ED3E7BDF62BFBBCBEB3EDA
:102B60005A3C63BF8166EA3EAC9863BFB700E93E5A
:102B700073F463BF5D9AE73EAC4F64BF7533E63EC6
:102B800059AA64BFFECBE43E790465BFFA63E33E15
:102B90000B5E65BF6AFBE13E10B765BF4F92E03E3A
:102BA000880F66BFA928DF3E716766BF79BEDD3E2C
:102BB000CCBE66BFC153DC3E991567BF80E8DA3EE4
:102BC000D86B67BFB97CD93E87C167BF6B10D83E51
:102BD000A81668BF99A3D63E396B68BF4136D53E6B
:102BE0003CBF68BF67C8D33EAE1269BF095AD23E28
:102BF000916569BF2AEBD03EE4B769BFCA7BCF3E7F
:102C0000A7096ABFEA0BCE3ED95A6ABF8B9BCC3E5E
:102C10007BAB6ABFAE2ACB3E8CFB6ABF53B9C93EC1
:102C20000C4B6BBF7C47C83EFB996BBF29D5C63E9A
:102C300058E86BBF5C62C53E24366CBF15EFC33EDF
:102C40005E836CBF557BC23E07D06CBF1E07C13E82
:102C50001D1C6DBF6F92BF3EA1676DBF4A1DBE3E7A
:102C600093B26DBFAFA7BC3EF2FC6DBFA031BB3EBF
:102C7000BE466EBF1EBBB93EF88F6EBF2A44B83E3B
:102C80009ED86EBFC3CCB63EB0206FBFEC54B53EED
:102C900030686FBFA5DCB33E1BAF6FBFEF63B23EC2
:102CA00073F56FBFCBEAB03E373B70BF3A71AF3EB2
:102CB000668070BF3CF7AD3E02C570BFD47CAC3EB1
:102CC000080971BF0102AB3E7A4C71BFC486A93EB0
:102CD000578F71BF1F0BA83E9FD171BF128FA63EA9
:102CE000521372BF9F12A53E705472BFC595A33E8A
:102CF000F89472BF8718A23EEBD472BFE59AA03E4B
:102D0000471473BFDF1C9F3E0E5373BF789E9D3EDA
:102D10003F9173BFAF1F9C3ED9CE73BF86A09A3E32
:102D2000DD0B74BFFE20993E4B4874BF17A1973E40
:102D3000228474BFD220963E62BF74BF31A0943EFD
:102D40000BFA74BF351F933E1D3475BFDD9D913E58
:102D5000976D75BF2C1C903E7BA675BF229A8E3E48
:102D6000C6DE75BFC0178D3E7A1676BF07958B3EBF
:102D7000974D76BFF8118A3E1B8476BF938E883EAE
:102D800007BA76BFDA0A873E5BEF76BFCE86853E0E
:102D9000172477BF7002843E3A5877BFC07D823EC9
:102DA000C58B77BFC0F8803EB7BE77BFE1E67E3EF9
:102DB00010F177BFA4DB7B3ED12278BFCCCF783E29
:102DC000F85378BF5AC3753E868478BF51B6723EB9
:102DD0007BB478BFB2A86F3ED6E378BF7F9A6C3ED3
:102DE000981279BFBA8B693EC04079BF667C663E57
:102DF0004E6E79BF836C633E439B79BF135C603E2C
:102E00009DC779BF1A4B5D3E5EF379BF97395A3E35
:102E1000841E7ABF8F27573E10497ABF0115543E52
:102E200002737ABFF101513E599C7ABF60EE4D3E6C
:102E300016C57ABF4FDA4A3E37ED7ABFC2C5473E64
:102E4000BE147BBFB9B0443EAB3B7BBF379B413E1A
:102E5000FC617BBF3E853E3EB2877BBFCF6E3B3E73
:102E6000CDAC7BBFEC57383E4DD17BBF9840353E53
:102E700031F57BBFD428323E7A187CBFA2102F3E9A
:102E8000283B7CBF04F82B3E3A5D7CBFFCDE283E2D
:102E9000B07E7CBF8CC5253E8A9F7CBFB6AB223EF0
:102EA000C9BF7CBF7B911F3E6CDF7CBFDE761C3EC2
:102EB00073FE7CBFE05B193EDD1C7DBF8340163E88
:102EC000AC3A7DBFCA24133EDE577DBFB708103E23
:102ED00074747DBF4AEC0C3E6E907DBF86CF093E78
:102EE000CCAB7DBF6EB2063E8CC67DBF0295033E65
:102EF000B1E07DBF4577003E38FA7DBF73B2FA3D41
:102F000024137EBFC075F43D722B7EBF7638EE3D34
:102F100023437EBF9AFAE73D385A7EBF2EBCE13D7F
:102F2000B0707EBF377DDB3D8B867EBFB93DD53D22
:102F3000C99B7EBFB7FDCE3D69B07EBF36BDC83DE3
:102F40006DC47EBF397CC23DD4D77EBFC33ABC3D81
:102F50009DEA7EBFDAF8B53DC9FC7EBF80B6AF3DC5
:102F6000580E7FBFBA73A93D491F7FBF8C30A33D68
:102F70009D2F7FBFF9EC9C3D543F7FBF05A9963D37
:102F80006D4E7FBFB464903DE95C7FBF0A208A3DEF
:102F9000C76A7FBF0ADB833D08787FBF742B7B3D08
:102FA000AB847FBF38A06E3DB1907FBF6814623D97
:102FB000189C7FBF0E88553DE3A67FBF2FFB483D81
:102FC0000FB17FBFD56D3C3D9EBA7FBF07E02F3D5F
:102FD0008FC37FBFCC51233DE2CB7FBF2CC3163DB7
:102FE00098D37FBF2F340A3DAFDA7FBFB949FB3C8E
:102FF00029E17FBF7B2AE23C05E77FBFB00AC93CDD
:1030000043EC7FBF69EAAF3CE3F07FBFB6C9963CB3
:10301000E6F47FBF4B517B3C4AF87FBF900E493CA2
:1030200011FB7FBF59CB163C39FD7FBF890FC93BD0
:10303000C4FE7FBFC70F493BB1FF7FBF0000000048
:103040000000803FB00AC93C43EC7F3F2FFB483D66
:103050000FB17F3F05A9963D6D4E7F3F36BDC83D00
:103060006DC47E3F73B2FA3D24137E3F8340163E0B
:10307000AC3A7D3FA2102F3E283B7C3FC2C5473E65
:10308000BE147B3F135C603E9DC7793FCCCF783E3A
:10309000F853783F938E883E07BA763F31A0943E2E
:1030A0000BFA743FE59AA03E4714733FD47CAC3EC4
:1030B0000809713F2A44B83E9ED86E3F15EFC33EC3
:1030C0005E836C3FCA7BCF3EA7096A3F80E8DA3E49
:1030D000D86B673F7533E63E59AA643FEA5AF13E22
:1030E00098C5613F275DFC3E05BE5E3F3D9C033FAA
:1030F0001A945B3F9BF5083F5348583FDA390E3F1F
:1031000031DB543F2A68133F3D4D513FC07F183F8C
:10311000029F4D3FD17F1D3F12D1493F9967223F0A
:1031200003E4453F5636273F70D8413F4AEB2B3FDB
:10313000F9AE3D3FBB85303F4268393FF304353F30
:10314000F304353F4268393FBB85303FF9AE3D3F20
:103150004AEB2B3F70D8413F5636273F03E4453FAB
:103160009967223F12D1493FD17F1D3F029F4D3FBA
:10317000C07F183F3D4D513F2A68133F31DB543F1C
:10318000DA390E3F5348583F9BF5083F1A945B3F8E
:103190003D9C033F05BE5E3F275DFC3E98C5613FF9
:1031A000EA5AF13E59AA643F7533E63ED86B673F51
:1031B00080E8DA3EA7096A3FCA7BCF3E5E836C3F58
:1031C00015EFC33E9ED86E3F2A44B83E0809713FB2
:1031D000D47CAC3E4714733FE59AA03E0BFA743F93
:1031E00031A0943E07BA763F938E883EF853783FDD
:1031F000CCCF783E9DC7793F135C603EBE147B3FC9
:10320000C2C5473E283B7C3FA2102F3EAC3A7D3FD3
:103210008340163E24137E3F73B2FA3D6DC47E3F59
:1032200036BDC83D6D4E7F3F05A9963D0FB17F3F2E
:103230002FFB483D43EC7F3FB00AC93C0000803F74
:103240000000000043EC7F3FB00AC9BC0FB17F3FD4
:103250002FFB48BD6D4E7F3F05A996BD6DC47E3FD7
:1032600036BDC8BD24137E3F73B2FABDAC3A7D3F74
:10327000834016BE283B7C3FA2102FBEBE147B3F6E
:10328000C2C547BE9DC7793F135C60BEF853783F07
:10329000CCCF78BE07BA763F938E88BE0BFA743FC8
:1032A00031A094BE4714733FE59AA0BE0809713F50
:1032B000D47CACBE9ED86E3F2A44B8BE5E836C3FC1
:1032C00015EFC3BEA7096A3FCA7BCFBED86B673F65
:1032D00080E8DABE59AA643F7533E6BE98C5613FFF
:1032E000EA5AF1BE05BE5E3F275DFCBE1A945B3F05
:1032F0003D9C03BF5348583F9BF508BF31DB543F0B
:10330000DA390EBF3D4D513F2A6813BF029F4D3F32
:10331000C07F18BF12D1493FD17F1DBF03E4453F95
:10332000996722BF70D8413F563627BFF9AE3D3F5F
:103330004AEB2BBF4268393FBB8530BFF304353FB2
:10334000F30435BFBB85303F426839BF4AEB2B3FA2
:10335000F9AE3DBF5636273F70D841BF9967223F2F
:1033600003E445BFD17F1D3F12D149BFC07F183F45
:10337000029F4DBF2A68133F3D4D51BFDA390E3FC2
:1033800031DB54BF9BF5083F534858BF3D9C033F7A
:103390001A945BBF275DFC3E05BE5EBFEA5AF13E54
:1033A00098C561BF7533E63E59AA64BF80E8DA3E2E
:1033B000D86B67BFCA7BCF3EA7096ABF15EFC33E74
:1033C0005E836CBF2A44B83E9ED86EBFD47CAC3EB0
:1033D000080971BFE59AA03E471473BF31A0943E1F
:1033E0000BFA74BF938E883E07BA76BFCCCF783E77
:1033F000F85378BF135C603E9DC779BFC2C5473E96
:10340000BE147BBFA2102F3E283B7CBF8340163EDC
:10341000AC3A7DBF73B2FA3D24137EBF36BDC83DC2
:103420006DC47EBF05A9963D6D4E7FBF2FFB483D05
:103430000FB17FBFB00AC93C43EC7FBF0000000062
:103440000000803FC2C5473EBE147B3F15EFC33E20
:103450005E836C3FDA390E3F31DB543FF304353F76
:10346000F304353F31DB543FDA390E3F5E836C3F66
:1034700015EFC33EBE147B3FC2C5473E0000803FF0
:1034800000000000BE147B3FC2C547BE5E836C3F98
:1034900015EFC3BE31DB543FDA390EBFF304353FBD
:1034A000F30435BFDA390E3F31DB54BF15EFC33EAD
:1034B0005E836CBFC2C5473EBE147BBF00000000E8
:1034C0000000803FD40FC93AECFF7F3FC70F493B54
:1034D000B1FF7F3FC1CB963B4EFF7F3F890FC93B7A
:1034E000C4FE7F3F3053FB3B13FE7F3F59CB163C5E
:1034F00039FD7F3F02ED2F3C39FC7F3F900E493C68
:1035000011FB7F3F0030623CC1F97F3F4B517B3C58
:103510004AF87F3F38398A3CACF67F3FB6C9963CC3
:10352000E6F47F3F1C5AA33CF8F27F3F69EAAF3CC8
:10353000E3F07F3F9B7ABC3CA7EE7F3FB00AC93CDB
:1035400043EC7F3FA69AD53CB8E97F3F7B2AE23C1B
:1035500005E77F3F2DBAEE3C2BE47F3FB949FB3CAA
:1035600029E17F3F90EC033D00DE7F3F2F340A3D91
:10357000AFDA7F3FB87B103D37D77F3F2CC3163D76
:1035800098D37F3F880A1D3DD1CF7F3FCC51233D4B
:10359000E2CB7F3FF698293DCCC77F3F07E02F3D28
:1035A0008FC37F3FFC26363D2ABF7F3FD56D3C3D14
:1035B0009EBA7F3F91B4423DEAB57F3F2FFB483D25
:1035C0000FB17F3FAF414F3D0DAC7F3F0E88553D62
:1035D000E3A67F3F4CCE5B3D91A17F3F6814623DE7
:1035E000189C7F3F625A683D78967F3F38A06E3DB9
:1035F000B1907F3FE9E5743DC28A7F3F742B7B3DEC
:10360000AB847F3F6CB8803D6D7E7F3F0ADB833D9E
:1036100008787F3F94FD863D7B717F3F0A208A3D7D
:10362000C76A7F3F6A428D3DEC637F3FB464903D43
:10363000E95C7F3FE786933DBF557F3F05A9963DF7
:103640006D4E7F3F0ACB993DF4467F3FF9EC9C3DA0
:10365000543F7F3FCF0EA03D8D377F3F8C30A33D41
:103660009D2F7F3F3052A63D87277F3FBA73A93DEC
:10367000491F7F3F2B95AC3DE4167F3F80B6AF3DA1
:10368000580E7F3FBBD7B23DA4057F3FDAF8B53D6A
:10369000C9FC7E3FDD19B93DC7F37E3FC33ABC3D4F
:1036A0009DEA7E3F8D5BBF3D4CE17E3F397CC23D54
:1036B000D4D77E3FC69CC53D34CE7E3F36BDC83D87
:1036C0006DC47E3F86DDCB3D7FBA7E3FB7FDCE3DEC
:1036D00069B07E3FC81DD23D2DA67E3FB93DD53D88
:1036E000C99B7E3F895DD83D3D917E3F377DDB3D67
:1036F0008B867E3FC49CDE3DB17B7E3F2EBCE13D90
:10370000B0707E3F76DBE43D88657E3F9AFAE73D08
:10371000385A7E3F9A19EB3DC14E7E3F7638EE3DDA
:1037200023437E3F2E57F13D5E377E3FC075F43D0B
:10373000722B7E3F2C94F73D5E1F7E3F73B2FA3DA5
:1037400024137E3F92D0FD3DC2067E3F4577003E6A
:1037500038FA7D3F2E06023E88ED7D3F0295033EFE
:10376000B1E07D3FC223053EB2D37D3F6EB2063E3F
:103770008CC67D3F0541083E40B97D3F86CF093E5E
:10378000CCAB7D3FF35D0B3E309E7D3F4AEC0C3E63
:103790006E907D3F8B7A0E3E85827D3FB708103E4E
:1037A00074747D3FCC96113E3D667D3FCA24133E26
:1037B000DE577D3FB2B2143E59497D3F8340163EED
:1037C000AC3A7D3F3DCE173ED82B7D3FE05B193EA6
:1037D000DD1C7D3F6BE91A3EBC0D7D3FDE761C3E55
:1037E00073FE7C3F38041E3E03EF7C3F7B911F3EFF
:1037F0006CDF7C3FA51E213EAECF7C3FB6AB223EA8
:10380000C9BF7C3FAD38243EBDAF7C3F8CC5253E53
:103810008A9F7C3F5152273E318F7C3FFCDE283E01
:10382000B07E7C3F8D6B2A3E086E7C3F04F82B3EB9
:103830003A5D7C3F61842D3E444C7C3FA2102F3E7C
:10384000283B7C3FC99C303EE5297C3FD428323E52
:103850007A187C3FC4B4333EE9067C3F9840353E3D
:1038600031F57B3F50CC363E53E37B3FEC57383E3F
:103870004DD17B3F6CE3393E20BF7B3FCF6E3B3E5B
:10388000CDAC7B3F15FA3C3E539A7B3F3E853E3E96
:10389000B2877B3F4910403EEA747B3F379B413EF5
:1038A000FC617B3F0726433EE74E7B3FB9B0443E79
:1038B000AB3B7B3F4D3B463E48287B3FC2C5473E26
:1038C000BE147B3F1850493E0E017B3F4FDA4A3E03
:1038D00037ED7A3F67644C3E3AD97A3F60EE4D3E11
:1038E00016C57A3F38784F3ECBB07A3FF101513E52
:1038F000599C7A3F898B523EC1877A3F0115543ECD
:1039000002737A3F589E553E1C5E7A3F8F27573E82
:1039100010497A3FA4B0583EDD337A3F97395A3E7A
:10392000841E7A3F6AC25B3E04097A3F1A4B5D3EB1
:103930005EF3793FA8D35E3E91DD793F135C603E34
:103940009DC7793F5CE4613E83B1793F836C633E00
:10395000439B793F86F4643EDC84793F667C663E17
:103960004E6E793F2204683E9A57793FBA8B693E82
:10397000C040793F2F136B3EBF29793F7F9A6C3E41
:103980009812793FAB216E3E4AFB783FB2A86F3E5A
:10399000D6E3783F942F713E3BCC783F51B6723ED0
:1039A0007BB4783FE83C743E939C783F5AC3753EA5
:1039B0008684783FA649773E526C783FCCCF783EDC
:1039C000F853783FCB557A3E773B783FA4DB7B3E7C
:1039D000D122783F56617D3E040A783FE1E67E3E83
:1039E00010F1773F2236803EF7D7773FC0F8803E10
:1039F000B7BE773F4ABB813E51A5773FC07D823E2F
:103A0000C58B773F2240833E1372773F7002843E1E
:103A10003A58773FAAC4843E3C3E773FCE86853EE7
:103A20001724773FDF48863ECC09773FDA0A873E86
:103A30005BEF763FC1CC873EC4D4763F938E883E01
:103A400007BA763F5050893E249F763FF8118A3E50
:103A50001B84763F8AD38A3EEC68763F07958B3E7F
:103A6000974D763F6E568C3E1B32763FC0178D3E8B
:103A70007A16763FFCD88D3EB3FA753F229A8E3E79
:103A8000C6DE753F325B8F3EB3C2753F2C1C903E45
:103A90007BA6753F10DD903E1C8A753FDD9D913EF3
:103AA000976D753F945E923EED50753F351F933E86
:103AB0001D34753FBFDF933E2717753F31A0943EFD
:103AC0000BFA743F8D60953EC9DC743FD220963E60
:103AD00062BF743F00E1963ED5A1743F17A1973EA7
:103AE0002284743F1661983E4966743FFE20993ED9
:103AF0004B48743FCEE0993E272A743F86A09A3EF9
:103B0000DD0B743F27609B3E6EED733FAF1F9C3E05
:103B1000D9CE733F20DF9C3E1FB0733F789E9D3E01
:103B20003F91733FB85D9E3E3972733FDF1C9F3EED
:103B30000E53733FEEDB9F3EBE33733FE59AA03ECC
:103B40004714733FC259A13EACF4723F8718A23E9E
:103B5000EBD4723F33D7A23E04B5723FC595A33E66
:103B6000F894723F3F54A43EC774723F9F12A53E23
:103B70007054723FE5D0A53EF433723F128FA63EDB
:103B80005213723F254DA73E8CF2713F1F0BA83E8A
:103B90009FD1713FFEC8A83E8EB0713FC486A93E3A
:103BA000578F713F6F44AA3EFB6D713F0102AB3EE0
:103BB0007A4C713F77BFAB3ED42A713FD47CAC3E88
:103BC0000809713F153AAD3E17E7703F3CF7AD3E2F
:103BD00002C5703F49B4AE3EC6A2703F3A71AF3ED7
:103BE0006680703F102EB03EE15D703FCBEAB03E84
:103BF000373B703F6BA7B13E6718703FEF63B23E33
:103C000073F56F3F5820B33E5AD26F3FA5DCB33EE9
:103C10001BAF6F3FD698B43EB88B6F3FEC54B53EA8
:103C200030686F3FE610B63E83446F3FC3CCB63E6C
:103C3000B0206F3F8488B73EBAFC6E3F2A44B83E3E
:103C40009ED86E3FB2FFB83E5DB46E3F1EBBB93E1C
:103C5000F88F6E3F6E76BA3E6D6B6E3FA031BB3E05
:103C6000BE466E3FB6ECBB3EEB216E3FAFA7BC3EFF
:103C7000F2FC6D3F8B62BD3ED5D76D3F4A1DBE3E07
:103C800093B26D3FEBD7BE3E2D8D6D3F6F92BF3E21
:103C9000A1676D3FD54CC03EF2416D3F1E07C13E4E
:103CA0001D1C6D3F48C1C13E24F66C3F557BC23E92
:103CB00007D06C3F4435C33EC5A96C3F15EFC33EEA
:103CC0005E836C3FC8A8C43ED45C6C3F5C62C53E5A
:103CD00024366C3FD21BC63E500F6C3F29D5C63EE2
:103CE00058E86B3F628EC73E3BC16B3F7C47C83E86
:103CF000FB996B3F7700C93E95726B3F53B9C93E44
:103D00000C4B6B3F1072CA3E5E236B3FAE2ACB3E1C
:103D10008CFB6A3F2CE3CB3E95D36A3F8B9BCC3E1A
:103D20007BAB6A3FCA53CD3E3C836A3FEA0BCE3E33
:103D3000D95A6A3FEAC3CE3E52326A3FCA7BCF3E6F
:103D4000A7096A3F8A33D03ED7E0693F2AEBD03ECD
:103D5000E4B7693FAAA2D13ECC8E693F095AD23E50
:103D60009165693F4811D33E323C693F67C8D33EF5
:103D7000AE12693F647FD43E07E9683F4136D53EC5
:103D80003CBF683FFDECD53E4C95683F99A3D63EBD
:103D9000396B683F135AD73E0341683F6B10D83EDA
:103DA000A816683FA3C6D83E2AEC673FB97CD93E27
:103DB00087C1673FAD32DA3EC196673F80E8DA3EA1
:103DC000D86B673F319EDB3ECA40673FC153DC3E44
:103DD0009915673F2E09DD3E45EA663F79BEDD3E17
:103DE000CCBE663FA273DE3E3093663FA928DF3E1D
:103DF0007167663F8DDDDF3E8E3B663F4F92E03E52
:103E0000880F663FEE46E13E5EE3653F6AFBE13EBA
:103E100010B7653FC4AFE23EA08A653FFA63E33E58
:103E20000B5E653F0E18E43E5431653FFECBE43E29
:103E30007904653FCB7FE53E7BD7643F7533E63E33
:103E400059AA643FFBE6E63E147D643F5D9AE73E77
:103E5000AC4F643F9C4DE83E2122643FB700E93EF1
:103E600073F4633FAEB3E93EA1C6633F8166EA3EA9
:103E7000AC98633F3019EB3E956A633FBBCBEB3E9A
:103E80005A3C633F217EEC3EFC0D633F6330ED3EC8
:103E90007BDF623F80E2ED3ED7B0623F7994EE3E39
:103EA0001082623F4C46EF3E2653623FFBF7EF3EE7
:103EB0001A24623F85A9F03EEAF4613FEA5AF13ED6
:103EC00098C5613F290CF23E2296613F43BDF23E08
:103ED0008A66613F386EF33ED036613F071FF43E7D
:103EE000F206613FB1CFF43EF2D6603F3580F53E39
:103EF000CFA6603F9330F63E8976603FCBE0F63E3A
:103F00002146603FDC90F73E9615603FC840F83E82
:103F1000E9E45F3F8EF0F83E19B45F3F2DA0F93E13
:103F200027835F3FA54FFA3E12525F3FF7FEFA3EEE
:103F3000DB205F3F22AEFB3E81EF5E3F275DFC3E14
:103F400005BE5E3F040CFD3E678C5E3FBBBAFD3E86
:103F5000A65A5E3F4A69FE3EC3285E3FB217FF3E47
:103F6000BEF65D3FF3C5FF3E97C45D3F063A003F96
:103F70004D925D3FFF90003FE15F5D3FE4E7003F12
:103F8000532D5D3FB53E013FA3FA5C3F7395013F62
:103F9000D1C75C3F1CEC013FDD945C3FB142023F66
:103FA000C7615C3F3299023F8E2E5C3F9FEF023F1C
:103FB00034FB5B3FF845033FB8C75B3F3D9C033F85
:103FC0001A945B3F6DF2033F5A605B3F8948043FA0
:103FD000792C5B3F919E043F75F85A3F84F4043F6F
:103FE00050C45A3F624A053F09905A3F2CA0053FF2
:103FF000A05B5A3FE2F5053F16275A3F824B063F2A
:104000006AF2593F0EA1063F9CBD593F86F6063F16
:10401000AD88593FE84B073F9C53593F36A1073FB6
:104020006A1E593F6FF6073F17E9583F924B083F0A
:10403000A1B3583FA1A0083F0B7E583F9BF5083F16
:104040005348583F7F4A093F7912583F4E9F093FD6
:104050007FDC573F09F4093F63A6573FAD480A3F4D
:104060002670573F3D9D0A3FC739573FB7F10A3F7A
:104070004803573F1C460B3FA7CC563F6B9A0B3F5C
:10408000E595563FA5EE0B3F025F563FC9420C3FF8
:10409000FE27563FD7960C3FD9F0553FD0EA0C3F4C
:1040A00093B9553FB33E0D3F2C82553F81920D3F52
:1040B000A44A553F38E60D3FFB12553FDA390E3F13
:1040C00031DB543F658D0E3F47A3543FDBE00E3F8D
:1040D0003B6B543F3B340F3F0F33543F84870F3FBC
:1040E000C3FA533FB8DA0F3F55C2533FD52D103FA7
:1040F000C789533FDC80103F1851533FCDD3103F49
:104100004918533FA726113F59DF523F6B79113FA2
:1041100049A6523F19CC113F186D523FB01E123FB5
:10412000C633523F3071123F54FA513F9AC3123F87
:10413000C2C0513FEE15133F1087513F2A68133F0D
:104140003D4D513F50BA133F4A13513F5F0C143F4E
:1041500037D9503F585E143F039F503F39B0143F4A
:10416000AF64503F0402153F3B2A503FB753153F01
:10417000A8EF4F3F54A5153FF4B44F3FD9F6153F74
:104180001F7A4F3F4748163F2B3F4F3F9F99163F9F
:1041900017044F3FDFEA163FE4C84E3F073C173F86
:1041A000908D4E3F188D173F1C524E3F12DE173F29
:1041B00089164E3FF52E183FD5DA4D3FC07F183F88
:1041C000029F4D3F73D0183F10634D3F0F21193FA1
:1041D000FD264D3F9471193FCBEA4C3F00C2193F79
:1041E00079AE4C3F55121A3F08724C3F93621A3F0A
:1041F00078354C3FB8B21A3FC7F84B3FC6021B3F59
:10420000F8BB4B3FBB521B3F097F4B3F99A21B3F63
:10421000FA414B3F5FF21B3FCC044B3F0C421C3F2B
:104220007FC74A3FA2911C3F138A4A3F1FE11C3FB0
:10423000874C4A3F84301D3FDC0E4A3FD17F1D3FF3
:1042400012D1493F06CF1D3F2993493F221E1E3FF1
:104250002155493F266D1E3FFA16493F12BC1E3FAD
:10426000B3D8483FE50A1F3F4E9A483F9F591F3F2A
:10427000CA5B483F41A81F3F271D483FCBF61F3F61
:1042800065DE473F3B45203F849F473F9393203F58
:104290008560473FD2E1203F6721473FF92F213F0B
:1042A0002AE2463F067E213FCEA2463FFBCB213F7E
:1042B0005463463FD719223FBB23463F9967223FAD
:1042C00003E4453F43B5223F2DA4453FD302233F9E
:1042D0003964453F4B50233F2624453FA99D233F4A
:1042E000F5E3443FEEEA233FA5A3443F1A38243FB9
:1042F0003763443F2C85243FAB22443F25D2243FE3
:1043000000E2433F041F253F38A1433FCB6B253FCD
:104310005160433F77B8253F4C1F433F0A05263F76
:1043200029DE423F8451263FE89C423FE39D263FE1
:10433000895B423F2AEA263F0B1A423F5636273F07
:1043400070D8413F6882273FB796413F61CE273FF3
:10435000E154413F401A283FEC12413F0566283F97
:10436000DAD0403FB0B1283FA98E403F41FD283F01
:104370005C4C403FB848293FF009403F1594293F25
:1043800067C73F3F57DF293FC0843F3F802A2A3F0E
:10439000FC413F3F8E752A3F1BFF3E3F82C02A3FB4
:1043A0001BBC3E3F5B0B2B3FFF783E3F1B562B3F1A
:1043B000C5353E3FBFA02B3F6EF23D3F4AEB2B3F42
:1043C000F9AE3D3FB9352C3F676B3D3F0F802C3F29
:1043D000B8273D3F49CA2C3FECE33C3F69142D3FD1
:1043E00003A03C3F6F5E2D3FFC5B3C3F59A82D3F37
:1043F000D9173C3F29F22D3F98D33B3FDE3B2E3F60
:104400003B8F3B3F78852E3FC14A3B3FF7CE2E3F47
:1044100029063B3F5B182F3F75C13A3FA5612F3FEF
:10442000A47C3A3FD3AA2F3FB7373A3FE6F32F3F5A
:10443000ACF2393FDE3C303F85AD393FBB85303F84
:104440004268393F7CCE303FE122393F2217313F6D
:1044500065DD383FAD5F313FCB97383F1DA8313F19
:104460001652383F71F0313F430C383FAA38323F83
:1044700055C6373FC780323F4A80373FC9C8323FB1
:10448000233A373FAF10333FDFF3363F7A58333F9D
:104490007FAD363F29A0333F0467363FBCE7333F4B
:1044A0006C20363F342F343FB8D9353F8F76343FB8
:1044B000E792353FCFBD343FFB4B353FF304353FEB
:1044C000F304353FFB4B353FCFBD343FE792353FDB
:1044D0008F76343FB8D9353F342F343F6C20363F88
:1044E000BCE7333F0467363F29A0333F7FAD363FFB
:1044F0007A58333FDFF3363FAF10333F233A373F2D
:10450000C9C8323F4A80373FC780323F55C6373F20
:10451000AA38323F430C383F71F0313F1652383FD2
:104520001DA8313FCB97383FAD5F313F65DD383F48
:104530002217313FE122393F7CCE303F4268393F7C
:10454000BB85303F85AD393FDE3C303FACF2393F73
:10455000E6F32F3FB7373A3FD3AA2F3FA47C3A3F29
:10456000A5612F3F75C13A3F5B182F3F29063B3F9E
:10457000F7CE2E3FC14A3B3F78852E3F3B8F3B3FD6
:10458000DE3B2E3F98D33B3F29F22D3FD9173C3FCE
:1045900059A82D3FFC5B3C3F6F5E2D3F03A03C3F85
:1045A00069142D3FECE33C3F49CA2C3FB8273D3FFF
:1045B0000F802C3F676B3D3FB9352C3FF9AE3D3F37
:1045C0004AEB2B3F6EF23D3FBFA02B3FC5353E3F30
:1045D0001B562B3FFF783E3F5B0B2B3F1BBC3E3FE8
:1045E00082C02A3F1BFF3E3F8E752A3FFC413F3F62
:1045F000802A2A3FC0843F3F57DF293F67C73F3F9C
:104600001594293FF009403FB848293F5C4C403F92
:1046100041FD283FA98E403FB0B1283FDAD0403F4E
:104620000566283FEC12413F401A283FE154413FC4
:1046300061CE273FB796413F6882273F70D8413F00
:104640005636273F0B1A423F2AEA263F895B423FF4
:10465000E39D263FE89C423F8451263F29DE423FAE
:104660000A05263F4C1F433F77B8253F5160433F23
:10467000CB6B253F38A1433F041F253F00E2433F5A
:1046800025D2243FAB22443F2C85243F3763443F4F
:104690001A38243FA5A3443FEEEA233FF5E3443F05
:1046A000A99D233F2624453F4B50233F3964453F76
:1046B000D302233F2DA4453F43B5223F03E4453FAA
:1046C0009967223FBB23463FD719223F5463463F99
:1046D000FBCB213FCEA2463F067E213F2AE2463F4A
:1046E000F92F213F6721473FD2E1203F8560473FB7
:1046F0009393203F849F473F3B45203F65DE473FE4
:10470000CBF61F3F271D483F41A81F3FCA5B483FCC
:104710009F591F3F4E9A483FE50A1F3FB3D8483F75
:1047200012BC1E3FFA16493F266D1E3F2155493FD8
:10473000221E1E3F2993493F06CF1D3F12D1493FFC
:10474000D17F1D3FDC0E4A3F84301D3F874C4A3FDE
:104750001FE11C3F138A4A3FA2911C3F7FC74A3F7B
:104760000C421C3FCC044B3F5FF21B3FFA414B3FD6
:1047700099A21B3F097F4B3FBB521B3FF8BB4B3FEE
:10478000C6021B3FC7F84B3FB8B21A3F78354C3FC3
:1047900093621A3F08724C3F55121A3F79AE4C3F54
:1047A00000C2193FCBEA4C3F9471193FFD264D3FA3
:1047B0000F21193F10634D3F73D0183F029F4D3FAB
:1047C000C07F183FD5DA4D3FF52E183F89164E3F72
:1047D00012DE173F1C524E3F188D173F908D4E3FF3
:1047E000073C173FE4C84E3FDFEA163F17044F3F30
:1047F0009F99163F2B3F4F3F4748163F1F7A4F3F29
:10480000D9F6153FF4B44F3F54A5153FA8EF4F3FDD
:10481000B753153F3B2A503F0402153FAF64503F4A
:1048200039B0143F039F503F585E143F37D9503F73
:104830005F0C143F4A13513F50BA133F3D4D513F57
:104840002A68133F1087513FEE15133FC2C0513FF6
:104850009AC3123F54FA513F3071123FC633523F50
:10486000B01E123F186D523F19CC113F49A6523F5E
:104870006B79113F59DF523FA726113F4918533F2B
:10488000CDD3103F1851533FDC80103FC789533FB1
:10489000D52D103F55C2533FB8DA0F3FC3FA533FEF
:1048A00084870F3F0F33543F3B340F3F3B6B543FE4
:1048B000DBE00E3F47A3543F658D0E3F31DB543F95
:1048C000DA390E3FFB12553F38E60D3FA44A553FFB
:1048D00081920D3F2C82553FB33E0D3F93B9553F1A
:1048E000D0EA0C3FD9F0553FD7960C3FFE27563FF4
:1048F000C9420C3F025F563FA5EE0B3FE595563F80
:104900006B9A0B3FA7CC563F1C460B3F4803573FC3
:10491000B7F10A3FC739573F3D9D0A3F2670573FC1
:10492000AD480A3F63A6573F09F4093F7FDC573F74
:104930004E9F093F7912583F7F4A093F5348583FDD
:104940009BF5083F0B7E583FA1A0083FA1B3583FFD
:10495000924B083F17E9583F6FF6073F6A1E593FD1
:1049600036A1073F9C53593FE84B073FAD88593F5D
:1049700086F6063F9CBD593F0EA1063F6AF2593F9D
:10498000824B063F16275A3FE2F5053FA05B5A3F90
:104990002CA0053F09905A3F624A053F50C45A3F38
:1049A00084F4043F75F85A3F919E043F792C5B3F95
:1049B0008948043F5A605B3F6DF2033F1A945B3FA6
:1049C0003D9C033FB8C75B3FF845033F34FB5B3F6B
:1049D0009FEF023F8E2E5C3F3299023FC7615C3FE2
:1049E000B142023FDD945C3F1CEC013FD1C75C3F0C
:1049F0007395013FA3FA5C3FB53E013F532D5D3FE8
:104A0000E4E7003FE15F5D3FFF90003F4D925D3F77
:104A1000063A003F97C45D3FF3C5FF3EBEF65D3FDB
:104A2000B217FF3EC3285E3F4A69FE3EA65A5E3F6C
:104A3000BBBAFD3E678C5E3F040CFD3E05BE5E3F8B
:104A4000275DFC3E81EF5E3F22AEFB3EDB205F3FF9
:104A5000F7FEFA3E12525F3FA54FFA3E27835F3FB3
:104A60002DA0F93E19B45F3F8EF0F83EE9E45F3FB8
:104A7000C840F83E9615603FDC90F73E2146603F07
:104A8000CBE0F63E8976603F9330F63ECFA6603F9E
:104A90003580F53EF2D6603FB1CFF43EF206613F7D
:104AA000071FF43ED036613F386EF33E8A66613FA1
:104AB00043BDF23E2296613F290CF23E98C5613F0C
:104AC000EA5AF13EEAF4613F85A9F03E1A24623FBA
:104AD000FBF7EF3E2653623F4C46EF3E1082623FAB
:104AE0007994EE3ED7B0623F80E2ED3E7BDF623FDD
:104AF0006330ED3EFC0D633F217EEC3E5A3C633F4C
:104B0000BBCBEB3E956A633F3019EB3EAC98633FFD
:104B10008166EA3EA1C6633FAEB3E93E73F4633FEC
:104B2000B700E93E2122643F9C4DE83EAC4F643F14
:104B30005D9AE73E147D643FFBE6E63E59AA643F7A
:104B40007533E63E7BD7643FCB7FE53E7904653F16
:104B5000FECBE43E5431653F0E18E43E0B5E653FEC
:104B6000FA63E33EA08A653FC4AFE23E10B7653FFB
:104B70006AFBE13E5EE3653FEE46E13E880F663F3D
:104B80004F92E03E8E3B663F8DDDDF3E7167663FB4
:104B9000A928DF3E3093663FA273DE3ECCBE663F5F
:104BA00079BEDD3E45EA663F2E09DD3E9915673F39
:104BB000C153DC3ECA40673F319EDB3ED86B673F46
:104BC00080E8DA3EC196673FAD32DA3E87C1673F83
:104BD000B97CD93E2AEC673FA3C6D83EA816683FE9
:104BE0006B10D83E0341683F135AD73E396B683F7C
:104BF00099A3D63E4C95683FFDECD53E3CBF683F3F
:104C00004136D53E07E9683F647FD43EAE12693F26
:104C100067C8D33E323C693F4811D33E9165693F36
:104C2000095AD23ECC8E693FAAA2D13EE4B7693F71
:104C30002AEBD03ED7E0693F8A33D03EA7096A3FCE
:104C4000CA7BCF3E52326A3FEAC3CE3ED95A6A3F50
:104C5000EA0BCE3E3C836A3FCA53CD3E7BAB6A3FF4
:104C60008B9BCC3E95D36A3F2CE3CB3E8CFB6A3FBB
:104C7000AE2ACB3E5E236B3F1072CA3E0C4B6B3F9D
:104C800053B9C93E95726B3F7700C93EFB996B3FA4
:104C90007C47C83E3BC16B3F628EC73E58E86B3FC6
:104CA00029D5C63E500F6C3FD21BC63E24366C3F02
:104CB0005C62C53ED45C6C3FC8A8C43E5E836C3F5A
:104CC00015EFC33EC5A96C3F4435C33E07D06C3FCA
:104CD000557BC23E24F66C3F48C1C13E1D1C6D3F52
:104CE0001E07C13EF2416D3FD54CC03EA1676D3FEE
:104CF0006F92BF3E2D8D6D3FEBD7BE3E93B26D3FA1
:104D00004A1DBE3ED5D76D3F8B62BD3EF2FC6D3F66
:104D1000AFA7BC3EEB216E3FB6ECBB3EBE466E3F3E
:104D2000A031BB3E6D6B6E3F6E76BA3EF88F6E3F24
:104D30001EBBB93E5DB46E3FB2FFB83E9ED86E3F1B
:104D40002A44B83EBAFC6E3F8488B73EB0206F3F1D
:104D5000C3CCB63E83446F3FE610B63E30686F3F2B
:104D6000EC54B53EB88B6F3FD698B43E1BAF6F3F47
:104D7000A5DCB33E5AD26F3F5820B33E73F56F3F68
:104D8000EF63B23E6718703F6BA7B13E373B703F91
:104D9000CBEAB03EE15D703F102EB03E6680703FC2
:104DA0003A71AF3EC6A2703F49B4AE3E02C5703FF5
:104DB0003CF7AD3E17E7703F153AAD3E0809713F2D
:104DC000D47CAC3ED42A713F77BFAB3E7A4C713F66
:104DD0000102AB3EFB6D713F6F44AA3E578F713F9E
:104DE000C486A93E8EB0713FFEC8A83E9FD1713FD8
:104DF0001F0BA83E8CF2713F254DA73E5213723F08
:104E0000128FA63EF433723FE5D0A53E7054723F38
:104E10009F12A53EC774723F3F54A43EF894723F60
:104E2000C595A33E04B5723F33D7A23EEBD4723F83
:104E30008718A23EACF4723FC259A13E4714733F9B
:104E4000E59AA03EBE33733FEEDB9F3E0E53733FA9
:104E5000DF1C9F3E3972733FB85D9E3E3F91733FAA
:104E6000789E9D3E1FB0733F20DF9C3ED9CE733F9E
:104E7000AF1F9C3E6EED733F27609B3EDD0B743F82
:104E800086A09A3E272A743FCEE0993E4B48743F55
:104E9000FE20993E4966743F1661983E2284743F15
:104EA00017A1973ED5A1743F00E1963E62BF743FC3
:104EB000D220963EC9DC743F8D60953E0BFA743F5C
:104EC00031A0943E2717753FBFDF933E1D34753FD9
:104ED000351F933EED50753F945E923E976D753F42
:104EE000DD9D913E1C8A753F10DD903E7BA6753F8F
:104EF0002C1C903EB3C2753F325B8F3EC6DE753FC1
:104F0000229A8E3EB3FA753FFCD88D3E7A16763FD4
:104F1000C0178D3E1B32763F6E568C3E974D763FC6
:104F200007958B3EEC68763F8AD38A3E1B84763F9A
:104F3000F8118A3E249F763F5050893E07BA763F4B
:104F4000938E883EC4D4763FC1CC873E5BEF763FDC
:104F5000DA0A873ECC09773FDF48863E1724773F41
:104F6000CE86853E3C3E773FAAC4843E3A58773F82
:104F70007002843E1372773F2240833EC58B773F99
:104F8000C07D823E51A5773F4ABB813EB7BE773F89
:104F9000C0F8803EF7D7773F2236803E10F1773F4A
:104FA000E1E67E3E040A783F56617D3ED122783F9D
:104FB000A4DB7B3E773B783FCB557A3EF853783F76
:104FC000CCCF783E526C783FA649773E8684783FB6
:104FD0005AC3753E939C783FE83C743E7BB4783F5F
:104FE00051B6723E3BCC783F942F713ED6E3783F6A
:104FF000B2A86F3E4AFB783FAB216E3E9812793FD4
:105000007F9A6C3EBF29793F2F136B3EC040793F9A
:10501000BA8B693E9A57793F2204683E4E6E793FBB
:10502000667C663EDC84793F86F4643E439B793F30
:10503000836C633E83B1793F5CE4613E9DC7793FF9
:10504000135C603E91DD793FA8D35E3E5EF3793F0D
:105050001A4B5D3E04097A3F6AC25B3E841E7A3F6A
:1050600097395A3EDD337A3FA4B0583E10497A3F13
:105070008F27573E1C5E7A3F589E553E02737A3FFB
:105080000115543EC1877A3F898B523E599C7A3F25
:10509000F101513ECBB07A3F38784F3E16C57A3F8A
:1050A00060EE4D3E3AD97A3F67644C3E37ED7A3F29
:1050B0004FDA4A3E0E017B3F1850493EBE147B3FFB
:1050C000C2C5473E48287B3F4D3B463EAB3B7B3FFE
:1050D000B9B0443EE74E7B3F0726433EFC617B3F31
:1050E000379B413EEA747B3F4910403EB2877B3F8D
:1050F0003E853E3E539A7B3F15FA3C3ECDAC7B3F0E
:10510000CF6E3B3E20BF7B3F6CE3393E4DD17B3FB2
:10511000EC57383E53E37B3F50CC363E31F57B3F76
:105120009840353EE9067C3FC4B4333E7A187C3F54
:10513000D428323EE5297C3FC99C303E283B7C3F49
:10514000A2102F3E444C7C3F61842D3E3A5D7C3F53
:1051500004F82B3E086E7C3F8D6B2A3EB07E7C3F70
:10516000FCDE283E318F7C3F5152273E8A9F7C3F98
:105170008CC5253EBDAF7C3FAD38243EC9BF7C3FCA
:10518000B6AB223EAECF7C3FA51E213E6CDF7C3FFE
:105190007B911F3E03EF7C3F38041E3E73FE7C3F35
:1051A000DE761C3EBC0D7D3F6BE91A3EDD1C7D3F6B
:1051B000E05B193ED82B7D3F3DCE173EAC3A7D3F9C
:1051C0008340163E59497D3FB2B2143EDE577D3FC3
:1051D000CA24133E3D667D3FCC96113E74747D3FDC
:1051E000B708103E85827D3F8B7A0E3E6E907D3FE4
:1051F0004AEC0C3E309E7D3FF35D0B3ECCAB7D3FD9
:1052000086CF093E40B97D3F0541083E8CC67D3FB3
:105210006EB2063EB2D37D3FC223053EB1E07D3F74
:105220000295033E88ED7D3F2E06023E38FA7D3F13
:105230004577003EC2067E3F92D0FD3D24137E3F5F
:1052400073B2FA3D5E1F7E3F2C94F73D722B7E3F7A
:10525000C075F43D5E377E3F2E57F13D23437E3FC0
:105260007638EE3DC14E7E3F9A19EB3D385A7E3F6F
:105270009AFAE73D88657E3F76DBE43DB0707E3F7D
:105280002EBCE13DB17B7E3FC49CDE3D8B867E3FE4
:10529000377DDB3D3D917E3F895DD83DC99B7E3F9B
:1052A000B93DD53D2DA67E3FC81DD23D69B07E3F9C
:1052B000B7FDCE3D7FBA7E3F86DDCB3D6DC47E3FE0
:1052C00036BDC83D34CE7E3FC69CC53DD4D77E3F5B
:1052D000397CC23D4CE17E3F8D5BBF3D9DEA7E3F08
:1052E000C33ABC3DC7F37E3FDD19B93DC9FC7E3FE3
:1052F000DAF8B53DA4057F3FBBD7B23D580E7F3FDE
:1053000080B6AF3DE4167F3F2B95AC3D491F7F3FF4
:10531000BA73A93D87277F3F3052A63D9D2F7F3F1F
:105320008C30A33D8D377F3FCF0EA03D543F7F3F54
:10533000F9EC9C3DF4467F3F0ACB993D6D4E7F3F93
:1053400005A9963DBF557F3FE786933DE95C7F3FCA
:10535000B464903DEC637F3F6A428D3DC76A7F3FF6
:105360000A208A3D7B717F3F94FD863D08787F3F10
:105370000ADB833D6D7E7F3F6CB8803DAB847F3F11
:10538000742B7B3DC28A7F3FE9E5743DB1907F3F3E
:1053900038A06E3D78967F3F625A683D189C7F3FEB
:1053A0006814623D91A17F3F4CCE5B3DE3A67F3FF9
:1053B0000E88553D0DAC7F3FAF414F3D0FB17F3F54
:1053C0002FFB483DEAB57F3F91B4423D9EBA7F3FF7
:1053D000D56D3C3D2ABF7F3FFC26363D8FC37F3FC6
:1053E00007E02F3DCCC77F3FF698293DE2CB7F3FBA
:1053F000CC51233DD1CF7F3F880A1D3D98D37F3FBD
:105400002CC3163D37D77F3FB87B103DAFDA7F3FC7
:105410002F340A3D00DE7F3F90EC033D29E17F3FC2
:10542000B949FB3C2BE47F3F2DBAEE3C05E77F3FBB
:105430007B2AE23CB8E97F3FA69AD53C43EC7F3F0C
:10544000B00AC93CA7EE7F3F9B7ABC3CE3F07F3FAC
:1054500069EAAF3CF8F27F3F1C5AA33CE6F47F3F79
:10546000B6C9963CACF67F3F38398A3C4AF87F3F54
:105470004B517B3CC1F97F3F0030623C11FB7F3FC9
:10548000900E493C39FC7F3F02ED2F3C39FD7F3FB8
:1054900059CB163C13FE7F3F3053FB3BC4FE7F3F8E
:1054A000890FC93B4EFF7F3FC1CB963BB1FF7F3F8A
:1054B000C70F493BECFF7F3FD40FC93A0000803F44
:1054C00000000000ECFF7F3FD40FC9BAB1FF7F3F5F
:1054D000C70F49BB4EFF7F3FC1CB96BBC4FE7F3F8A
:1054E000890FC9BB13FE7F3F3053FBBB39FD7F3FA4
:1054F00059CB16BC39FC7F3F02ED2FBC11FB7F3F1F
:10550000900E49BCC1F97F3F003062BC4AF87F3F32
:105510004B517BBCACF67F3F38398ABCE6F47F3F09
:10552000B6C996BCF8F27F3F1C5AA3BCE3F07F3F9C
:1055300069EAAFBCA7EE7F3F9B7ABCBC43EC7F3FE0
:10554000B00AC9BCB8E97F3FA69AD5BC05E77F3F42
:105550007B2AE2BC2BE47F3F2DBAEEBC29E17F3FE2
:10556000B949FBBC00DE7F3F90EC03BDAFDA7F3F63
:105570002F340ABD37D77F3FB87B10BD98D37F3F0C
:105580002CC316BDD1CF7F3F880A1DBDE2CB7F3F24
:10559000CC5123BDCCC77F3FF69829BD8FC37F3F39
:1055A00007E02FBD2ABF7F3FFC2636BD9EBA7F3F56
:1055B000D56D3CBDEAB57F3F91B442BD0FB17F3F91
:1055C0002FFB48BD0DAC7F3FAF414FBDE3A67F3FF2
:1055D0000E8855BD91A17F3F4CCE5BBD189C7F3F8F
:1055E000681462BD78967F3F625A68BDB1907F3F74
:1055F00038A06EBDC28A7F3FE9E574BDAB847F3FB2
:10560000742B7BBD6D7E7F3F6CB880BD08787F3F7B
:105610000ADB83BD7B717F3F94FD86BDC76A7F3FF8
:105620000A208ABDEC637F3F6A428DBDE95C7F3F03
:10563000B46490BDBF557F3FE78693BD6D4E7F3FFD
:1056400005A996BDF4467F3F0ACB99BD543F7F3FE5
:10565000F9EC9CBD8D377F3FCF0EA0BD9D2F7F3FC6
:105660008C30A3BD87277F3F3052A6BD491F7F3FA7
:10567000BA73A9BDE4167F3F2B95ACBD580E7F3F92
:1056800080B6AFBDA4057F3FBBD7B2BDC9FC7E3F8E
:10569000DAF8B5BDC7F37E3FDD19B9BD9DEA7E3F9F
:1056A000C33ABCBD4CE17E3F8D5BBFBDD4D77E3FCE
:1056B000397CC2BD34CE7E3FC69CC5BD6DC47E3F25
:1056C00036BDC8BD7FBA7E3F86DDCBBD69B07E3FAB
:1056D000B7FDCEBD2DA67E3FC81DD2BDC99B7E3F66
:1056E000B93DD5BD3D917E3F895DD8BD8B867E3F5E
:1056F000377DDBBDB17B7E3FC49CDEBDB0707E3F9D
:105700002EBCE1BD88657E3F76DBE4BD385A7E3F26
:105710009AFAE7BDC14E7E3F9A19EBBD23437E3F07
:105720007638EEBD5E377E3F2E57F1BD722B7E3F41
:10573000C075F4BD5E1F7E3F2C94F7BD24137E3FE1
:1057400073B2FABDC2067E3F92D0FDBD38FA7D3FEE
:10575000457700BE88ED7D3F2E0602BEB1E07D3F5D
:10576000029503BEB2D37D3FC22305BE8CC67D3FEA
:105770006EB206BE40B97D3F054108BECCAB7D3F51
:1057800086CF09BE309E7D3FF35D0BBE6E907D3FA0
:105790004AEC0CBE85827D3F8B7A0EBE74747D3FD1
:1057A000B70810BE3D667D3FCC9611BEDE577D3FEB
:1057B000CA2413BE59497D3FB2B214BEAC3A7D3FF4
:1057C000834016BED82B7D3F3DCE17BEDD1C7D3FEE
:1057D000E05B19BEBC0D7D3F6BE91ABE73FE7C3FDA
:1057E000DE761CBE03EF7C3F38041EBE6CDF7C3FC0
:1057F0007B911FBEAECF7C3FA51E21BEC9BF7C3FA3
:10580000B6AB22BEBDAF7C3FAD3824BE8A9F7C3F85
:105810008CC525BE318F7C3F515227BEB07E7C3F68
:10582000FCDE28BE086E7C3F8D6B2ABE3A5D7C3F55
:1058300004F82BBE444C7C3F61842DBE283B7C3F4A
:10584000A2102FBEE5297C3FC99C30BE7A187C3F50
:10585000D42832BEE9067C3FC4B433BE31F57B3F69
:10586000984035BE53E37B3F50CC36BE4DD17B3F95
:10587000EC5738BE20BF7B3F6CE339BECDAC7B3FDD
:10588000CF6E3BBE539A7B3F15FA3CBEB2877B3F3F
:105890003E853EBEEA747B3F491040BEFC617B3FC3
:1058A000379B41BEE74E7B3F072643BEAB3B7B3F6A
:1058B000B9B044BE48287B3F4D3B46BEBE147B3F3B
:1058C000C2C547BE0E017B3F185049BE37ED7A3F37
:1058D0004FDA4ABE3AD97A3F67644CBE16C57A3F62
:1058E00060EE4DBECBB07A3F38784FBE599C7A3FC0
:1058F000F10151BEC1877A3F898B52BE02737A3F54
:10590000011554BE1C5E7A3F589E55BE10497A3F21
:105910008F2757BEDD337A3FA4B058BE841E7A3F2E
:1059200097395ABE04097A3F6AC25BBE5EF3793F7B
:105930001A4B5DBE91DD793FA8D35EBE9DC7793F0E
:10594000135C60BE83B1793F5CE461BE439B793FE9
:10595000836C63BEDC84793F86F464BE4E6E793F0F
:10596000667C66BE9A57793F220468BEC040793F84
:10597000BA8B69BEBF29793F2F136BBE9812793F4E
:105980007F9A6CBE4AFB783FAB216EBED6E3783F70
:10599000B2A86FBE3BCC783F942F71BE7BB4783FEA
:1059A00051B672BE939C783FE83C74BE8684783FC3
:1059B0005AC375BE526C783FA64977BEF853783FFC
:1059C000CCCF78BE773B783FCB557ABED122783F9B
:1059D000A4DB7BBE040A783F56617DBE10F1773FA1
:1059E000E1E67EBEF7D7773F223680BEB7BE773F6F
:1059F000C0F880BE51A5773F4ABB81BEC58B773FBB
:105A0000C07D82BE1372773F224083BE3A58773FF3
:105A1000700284BE3C3E773FAAC484BE1724773F01
:105A2000CE8685BECC09773FDF4886BE5BEF763FEA
:105A3000DA0A87BEC4D4763FC1CC87BE07BA763FA8
:105A4000938E88BE249F763F505089BE1B84763F3C
:105A5000F8118ABEEC68763F8AD38ABE974D763FAE
:105A600007958BBE1B32763F6E568CBE7A16763FFC
:105A7000C0178DBEB3FA753FFCD88DBEC6DE753F2C
:105A8000229A8EBEB3C2753F325B8FBE7BA6753F36
:105A90002C1C90BE1C8A753F10DD90BE976D753F23
:105AA000DD9D91BEED50753F945E92BE1D34753FF5
:105AB000351F93BE2717753FBFDF93BE0BFA743FA8
:105AC00031A094BEC9DC743F8D6095BE62BF743F47
:105AD000D22096BED5A1743F00E196BE2284743FC9
:105AE00017A197BE4966743F166198BE4B48743F34
:105AF000FE2099BE272A743FCEE099BEDD0B743F8D
:105B000086A09ABE6EED733F27609BBED9CE733FD1
:105B1000AF1F9CBE1FB0733F20DF9CBE3F91733F01
:105B2000789E9DBE3972733FB85D9EBE0E53733F23
:105B3000DF1C9FBEBE33733FEEDB9FBE4714733F37
:105B4000E59AA0BEACF4723FC259A1BEEBD4723F3D
:105B50008718A2BE04B5723F33D7A2BEF894723F35
:105B6000C595A3BEC774723F3F54A4BE7054723F24
:105B70009F12A5BEF433723FE5D0A5BE5213723F0B
:105B8000128FA6BE8CF2713F254DA7BE9FD1713FEB
:105B90001F0BA8BE8EB0713FFEC8A8BE578F713FC5
:105BA000C486A9BEFB6D713F6F44AABE7A4C713F9B
:105BB0000102ABBED42A713F77BFABBE0809713F6B
:105BC000D47CACBE17E7703F153AADBE02C5703F3E
:105BD0003CF7ADBEC6A2703F49B4AEBE6680703F12
:105BE0003A71AFBEE15D703F102EB0BE373B703FE3
:105BF000CBEAB0BE6718703F6BA7B1BE73F56F3FBD
:105C0000EF63B2BE5AD26F3F5820B3BE1BAF6F3F97
:105C1000A5DCB3BEB88B6F3FD698B4BE30686F3F7B
:105C2000EC54B5BE83446F3FE610B6BEB0206F3F64
:105C3000C3CCB6BEBAFC6E3F8488B7BE9ED86E3F5A
:105C40002A44B8BE5DB46E3FB2FFB8BEF88F6E3F57
:105C50001EBBB9BE6D6B6E3F6E76BABEBE466E3F62
:105C6000A031BBBEEB216E3FB6ECBBBEF2FC6D3F7C
:105C7000AFA7BCBED5D76D3F8B62BDBE93B26D3FA3
:105C80004A1DBEBE2D8D6D3FEBD7BEBEA1676D3FD9
:105C90006F92BFBEF2416D3FD54CC0BE1D1C6D3F23
:105CA0001E07C1BE24F66C3F48C1C1BE07D06C3F81
:105CB000557BC2BEC5A96C3F4435C3BE5E836C3FF5
:105CC00015EFC3BED45C6C3FC8A8C4BE24366C3F7D
:105CD0005C62C5BE500F6C3FD21BC6BE58E86B3F1E
:105CE00029D5C6BE3BC16B3F628EC7BEFB996B3FD9
:105CF0007C47C8BE95726B3F7700C9BE0C4B6B3FAB
:105D000053B9C9BE5E236B3F1072CABE8CFB6A3F9B
:105D1000AE2ACBBE95D36A3F2CE3CBBE7BAB6A3FAA
:105D20008B9BCCBE3C836A3FCA53CDBED95A6A3FD7
:105D3000EA0BCEBE52326A3FEAC3CEBEA7096A3F23
:105D4000CA7BCFBED7E0693F8A33D0BEE4B7693F94
:105D50002AEBD0BECC8E693FAAA2D1BE9165693F25
:105D6000095AD2BE323C693F4811D3BEAE12693FD8
:105D700067C8D3BE07E9683F647FD4BE3CBF683FB5
:105D80004136D5BE4C95683FFDECD5BE396B683FBA
:105D900099A3D6BE0341683F135AD7BEA816683FE1
:105DA0006B10D8BE2AEC673FA3C6D8BE87C1673F39
:105DB000B97CD9BEC196673FAD32DABED86B673FBA
:105DC00080E8DABECA40673F319EDBBE9915673F67
:105DD000C153DCBE45EA663F2E09DDBECCBE663F40
:105DE00079BEDDBE3093663FA273DEBE7167663F4B
:105DF000A928DFBE8E3B663F8DDDDFBE880F663F84
:105E00004F92E0BE5EE3653FEE46E1BE10B7653FF0
:105E10006AFBE1BEA08A653FC4AFE2BE0B5E653F90
:105E2000FA63E3BE5431653F0E18E4BE7904653F62
:105E3000FECBE4BE7BD7643FCB7FE5BE59AA643F6F
:105E40007533E6BE147D643FFBE6E6BEAC4F643FAF
:105E50005D9AE7BE2122643F9C4DE8BE73F4633F28
:105E6000B700E9BEA1C6633FAEB3E9BEAC98633FDD
:105E70008166EABE956A633F3019EBBE5A3C633FC8
:105E8000BBCBEBBEFC0D633F217EECBE7BDF623FF4
:105E90006330EDBED7B0623F80E2EDBE1082623F5C
:105EA0007994EEBE2653623F4C46EFBE1A24623F01
:105EB000FBF7EFBEEAF4613F85A9F0BE98C5613FEC
:105EC000EA5AF1BE2296613F290CF2BE8A66613F12
:105ED00043BDF2BED036613F386EF3BEF206613F7D
:105EE000071FF4BEF2D6603FB1CFF4BECFA6603F2D
:105EF0003580F5BE8976603F9330F6BE2146603F1F
:105F0000CBE0F6BE9615603FDC90F7BEE9E45F3F5C
:105F1000C840F8BE19B45F3F8EF0F8BE27835F3FDC
:105F20002DA0F9BE12525F3FA54FFABEDB205F3FA6
:105F3000F7FEFABE81EF5E3F22AEFBBE05BE5E3FBE
:105F4000275DFCBE678C5E3F040CFDBEA65A5E3F1B
:105F5000BBBAFDBEC3285E3F4A69FEBEBEF65D3FCA
:105F6000B217FFBE97C45D3FF3C5FFBE4D925D3FC4
:105F7000063A00BFE15F5D3FFF9000BF532D5D3FDC
:105F8000E4E700BFA3FA5C3FB53E01BFD1C75C3F69
:105F9000739501BFDD945C3F1CEC01BFC7615C3FA2
:105FA000B14202BF8E2E5C3F329902BF34FB5B3F91
:105FB0009FEF02BFB8C75B3FF84503BF1A945B3F32
:105FC0003D9C03BF5A605B3F6DF203BF792C5B3F82
:105FD000894804BF75F85A3F919E04BF50C45A3F88
:105FE00084F404BF09905A3F624A05BFA05B5A3F40
:105FF0002CA005BF16275A3FE2F505BF6AF2593FAC
:10600000824B06BF9CBD593F0EA106BFAD88593FCC
:1060100086F606BF9C53593FE84B07BF6A1E593F9F
:1060200036A107BF17E9583F6FF607BFA1B3583F26
:10603000924B08BF0B7E583FA1A008BF5348583F62
:106040009BF508BF7912583F7F4A09BF7FDC573F55
:106050004E9F09BF63A6573F09F409BF2670573FFB
:10606000AD480ABFC739573F3D9D0ABF4803573F58
:10607000B7F10ABFA7CC563F1C460BBFE595563F6C
:106080006B9A0BBF025F563FA5EE0BBFFE27563F34
:10609000C9420CBFD9F0553FD7960CBF93B9553FB5
:1060A000D0EA0CBF2C82553FB33E0DBFA44A553FEA
:1060B00081920DBFFB12553F38E60DBF31DB543FD7
:1060C000DA390EBF47A3543F658D0EBF3B6B543F7B
:1060D000DBE00EBF0F33543F3B340FBFC3FA533FD7
:1060E00084870FBF55C2533FB8DA0FBFC789533FEC
:1060F000D52D10BF1851533FDC8010BF4918533FB6
:10610000CDD310BF59DF523FA72611BF49A6523F3A
:106110006B7911BF186D523F19CC11BFC633523F76
:10612000B01E12BF54FA513F307112BFC2C0513F6E
:106130009AC312BF1087513FEE1513BF3D4D513F1B
:106140002A6813BF4A13513F50BA13BF37D9503F83
:106150005F0C14BF039F503F585E14BFAF64503FA5
:1061600039B014BF3B2A503F040215BFA8EF4F3F80
:10617000B75315BFF4B44F3F54A515BF1F7A4F3F17
:10618000D9F615BF2B3F4F3F474816BF17044F3F67
:106190009F9916BFE4C84E3FDFEA16BF908D4E3F71
:1061A000073C17BF1C524E3F188D17BF89164E3F34
:1061B00012DE17BFD5DA4D3FF52E18BF029F4D3FB7
:1061C000C07F18BF10634D3F73D018BFFD264D3FF1
:1061D0000F2119BFCBEA4C3F947119BF79AE4C3FE8
:1061E00000C219BF08724C3F55121ABF78354C3F98
:1061F00093621ABFC7F84B3FB8B21ABFF8BB4B3F08
:10620000C6021BBF097F4B3FBB521BBFFA414B3F2E
:1062100099A21BBFCC044B3F5FF21BBF7FC74A3F15
:106220000C421CBF138A4A3FA2911CBF874C4A3FB5
:106230001FE11CBFDC0E4A3F84301DBF12D1493F15
:10624000D17F1DBF2993493F06CF1DBF2155493F2F
:10625000221E1EBFFA16493F266D1EBFB3D8483F07
:1062600012BC1EBF4E9A483FE50A1FBFCA5B483F9B
:106270009F591FBF271D483F41A81FBF65DE473FED
:10628000CBF61FBF849F473F3B4520BF8560473FFC
:10629000939320BF6721473FD2E120BF2AE2463FC8
:1062A000F92F21BFCEA2463F067E21BF5463463F51
:1062B000FBCB21BFBB23463FD71922BF03E4453F99
:1062C000996722BF2DA4453F43B522BF3964453F9E
:1062D000D30223BF2624453F4B5023BFF5E3443F61
:1062E000A99D23BFA5A3443FEEEA23BF3763443FE4
:1062F0001A3824BFAB22443F2C8524BF00E2433F21
:1063000025D224BF38A1433F041F25BF5160433F1E
:10631000CB6B25BF4C1F433F77B825BF29DE423FDB
:106320000A0526BFE89C423F845126BF895B423F55
:10633000E39D26BF0B1A423F2AEA26BF70D8413F91
:10634000563627BFB796413F688227BFE154413F89
:1063500061CE27BFEC12413F401A28BFDAD0403F40
:10636000056628BFA98E403FB0B128BF5C4C403FB6
:1063700041FD28BFF009403FB84829BF67C73F3FEC
:10638000159429BFC0843F3F57DF29BFFC413F3FE1
:10639000802A2ABF1BFF3E3F8E752ABF1BBC3E3F93
:1063A00082C02ABFFF783E3F5B0B2BBFC5353E3F07
:1063B0001B562BBF6EF23D3FBFA02BBFF9AE3D3F3A
:1063C0004AEB2BBF676B3D3FB9352CBFB8273D3F2C
:1063D0000F802CBFECE33C3F49CA2CBF03A03C3FDD
:1063E00069142DBFFC5B3C3F6F5E2DBFD9173C3F4E
:1063F00059A82DBF98D33B3F29F22DBF3B8F3B3F80
:10640000DE3B2EBFC14A3B3F78852EBF29063B3F6E
:10641000F7CE2EBF75C13A3F5B182FBFA47C3A3F21
:10642000A5612FBFB7373A3FD3AA2FBFACF2393F90
:10643000E6F32FBF85AD393FDE3C30BF4268393FC0
:10644000BB8530BFE122393F7CCE30BF65DD383FB0
:10645000221731BFCB97383FAD5F31BF1652383F5F
:106460001DA831BF430C383F71F031BF55C6373FCF
:10647000AA3832BF4A80373FC78032BF233A373FFE
:10648000C9C832BFDFF3363FAF1033BF7FAD363FF1
:106490007A5833BF0467363F29A033BF6C20363F9C
:1064A000BCE733BFB8D9353F342F34BFE792353F0F
:1064B0008F7634BFFB4B353FCFBD34BFF304353F40
:1064C000F30435BFCFBD343FFB4B35BF8F76343F30
:1064D000E79235BF342F343FB8D935BFBCE7333FDF
:1064E0006C2036BF29A0333F046736BF7A58333F4C
:1064F0007FAD36BFAF10333FDFF336BFC9C8323F81
:10650000233A37BFC780323F4A8037BFAA38323F6D
:1065100055C637BF71F0313F430C38BF1DA8313F1E
:10652000165238BFAD5F313FCB9738BF2217313F8E
:1065300065DD38BF7CCE303FE12239BFBB85303FBF
:10654000426839BFDE3C303F85AD39BFE6F32F3FAF
:10655000ACF239BFD3AA2F3FB7373ABFA5612F3F5F
:10656000A47C3ABF5B182F3F75C13ABFF7CE2E3FD0
:1065700029063BBF78852E3FC14A3BBFDE3B2E3FFD
:106580003B8F3BBF29F22D3F98D33BBF59A82D3FEE
:10659000D9173CBF6F5E2D3FFC5B3CBF69142D3F9C
:1065A00003A03CBF49CA2C3FECE33CBF0F802C3F0B
:1065B000B8273DBFB9352C3F676B3DBF4AEB2B3F3A
:1065C000F9AE3DBFBFA02B3F6EF23DBF1B562B3F28
:1065D000C5353EBF5B0B2B3FFF783EBF82C02A3FD5
:1065E0001BBC3EBF8E752A3F1BFF3EBF802A2A3F41
:1065F000FC413FBF57DF293FC0843FBF1594293F6F
:1066000067C73FBFB848293FF00940BF41FD283F59
:106610005C4C40BFB0B1283FA98E40BF0566283F03
:10662000DAD040BF401A283FEC1241BF61CE273F6D
:10663000E15441BF6882273FB79641BF5636273F96
:1066400070D841BF2AEA263F0B1A42BFE39D263F7E
:10665000895B42BF8451263FE89C42BF0A05263F22
:1066600029DE42BF77B8253F4C1F43BFCB6B253F88
:10667000516043BF041F253F38A143BF25D2243FAB
:1066800000E243BF2C85243FAB2244BF1A38243F8D
:10669000376344BFEEEA233FA5A344BFA99D233F30
:1066A000F5E344BF4B50233F262445BFD302233F8D
:1066B000396445BF43B5223F2DA445BF9967223FAA
:1066C00003E445BFD719223FBB2346BFFBCB213F85
:1066D000546346BF067E213FCEA246BFF92F213F1D
:1066E0002AE246BFD2E1203F672147BF9393203F74
:1066F000856047BF3B45203F849F47BFCBF61F3F88
:1067000065DE47BF41A81F3F271D48BF9F591F3F58
:10671000CA5B48BFE50A1F3F4E9A48BF12BC1E3FE6
:10672000B3D848BF266D1E3FFA1649BF221E1E3F32
:10673000215549BF06CF1D3F299349BFD17F1D3F3A
:1067400012D149BF84301D3FDC0E4ABF1FE11C3F00
:10675000874C4ABFA2911C3F138A4ABF0C421C3F80
:106760007FC74ABF5FF21B3FCC044BBF99A21B3FC0
:10677000FA414BBFBB521B3F097F4BBFC6021B3FB9
:10678000F8BB4BBFB8B21A3FC7F84BBF93621A3F72
:1067900078354CBF55121A3F08724CBF00C2193FE2
:1067A00079AE4CBF9471193FCBEA4CBF0F21193F12
:1067B000FD264DBF73D0183F10634DBFC07F183FFB
:1067C000029F4DBFF52E183FD5DA4DBF12DE173FA1
:1067D00089164EBF188D173F1C524EBF073C173FFE
:1067E000908D4EBFDFEA163FE4C84EBF9F99163F1B
:1067F00017044FBF4748163F2B3F4FBFD9F6153FF1
:106800001F7A4FBF54A5153FF4B44FBFB753153F80
:10681000A8EF4FBF0402153F3B2A50BF39B0143FC9
:10682000AF6450BF585E143F039F50BF5F0C143FCE
:1068300037D950BF50BA133F4A1351BF2A68133F8C
:106840003D4D51BFEE15133F108751BF9AC3123F04
:10685000C2C051BF3071123F54FA51BFB01E123F37
:10686000C63352BF19CC113F186D52BF6B79113F1F
:1068700049A652BFA726113F59DF52BFCDD3103FC3
:10688000491853BFDC80103F185153BFD52D103F1E
:10689000C78953BFB8DA0F3F55C253BF84870F3F34
:1068A000C3FA53BF3B340F3F0F3354BFDBE00E3FFF
:1068B0003B6B54BF658D0E3F47A354BFDA390E3F83
:1068C00031DB54BF38E60D3FFB1255BF81920D3FBF
:1068D000A44A55BFB33E0D3F2C8255BFD0EA0C3FB2
:1068E00093B955BFD7960C3FD9F055BFC9420C3F5D
:1068F000FE2756BFA5EE0B3F025F56BF6B9A0B3FBC
:10690000E59556BF1C460B3FA7CC56BFB7F10A3FD3
:10691000480357BF3D9D0A3FC73957BFAD480A3F9F
:10692000267057BF09F4093F63A657BF4E9F093F22
:106930007FDC57BF7F4A093F791258BF9BF5083F5C
:10694000534858BFA1A0083F0B7E58BF924B083F49
:10695000A1B358BF6FF6073F17E958BF36A1073FED
:106960006A1E59BFE84B073F9C5359BF86F6063F46
:10697000AD8859BF0EA1063F9CBD59BF824B063F53
:106980006AF259BFE2F5053F16275ABF2CA0053F12
:10699000A05B5ABF624A053F09905ABF84F4043F86
:1069A00050C45ABF919E043F75F85ABF8948043FAE
:1069B000792C5BBF6DF2033F5A605BBF3D9C033F88
:1069C0001A945BBFF845033FB8C75BBF9FEF023F18
:1069D00034FB5BBF3299023F8E2E5CBFB142023F57
:1069E000C7615CBF1CEC013FDD945CBF7395013F48
:1069F000D1C75CBFB53E013FA3FA5CBFE4E7003FEF
:106A0000532D5DBFFF90003FE15F5DBF063A003F41
:106A10004D925DBFF3C5FF3E97C45DBFB217FF3E09
:106A2000BEF65DBF4A69FE3EC3285EBFBBBAFD3EEF
:106A3000A65A5EBF040CFD3E678C5EBF275DFC3E20
:106A400005BE5EBF22AEFB3E81EF5EBFF7FEFA3EA3
:106A5000DB205FBFA54FFA3E12525FBF2DA0F93E6B
:106A600027835FBF8EF0F83E19B45FBFC840F83E81
:106A7000E9E45FBFDC90F73E961560BFCBE0F63EE1
:106A8000214660BF9330F63E897660BF3580F53E83
:106A9000CFA660BFB1CFF43EF2D660BF071FF43E71
:106AA000F20661BF386EF33ED03661BF43BDF23EA1
:106AB0008A6661BF290CF23E229661BFEA5AF13E16
:106AC00098C561BF85A9F03EEAF461BFFBF7EF3ED0
:106AD0001A2462BF4C46EF3E265362BF7994EE3EC5
:106AE000108262BF80E2ED3ED7B062BF6330ED3E00
:106AF0007BDF62BF217EEC3EFC0D63BFBBCBEB3E78
:106B00005A3C63BF3019EB3E956A63BF8166EA3E2B
:106B1000AC9863BFAEB3E93EA1C663BFB700E93E20
:106B200073F463BF9C4DE83E212264BF5D9AE73E4B
:106B3000AC4F64BFFBE6E63E147D64BF7533E63EB2
:106B400059AA64BFCB7FE53E7BD764BFFECBE43E52
:106B5000790465BF0E18E43E543165BFFA63E33E25
:106B60000B5E65BFC4AFE23EA08A65BF6AFBE13E33
:106B700010B765BFEE46E13E5EE365BF4F92E03E73
:106B8000880F66BF8DDDDF3E8E3B66BFA928DF3EE6
:106B9000716766BFA273DE3E309366BF79BEDD3E8D
:106BA000CCBE66BF2E09DD3E45EA66BFC153DC3E62
:106BB000991567BF319EDB3ECA4067BF80E8DA3E69
:106BC000D86B67BFAD32DA3EC19667BFB97CD93E9C
:106BD00087C167BFA3C6D83E2AEC67BF6B10D83EFB
:106BE000A81668BF135AD73E034168BF99A3D63E83
:106BF000396B68BFFDECD53E4C9568BF4136D53E3C
:106C00003CBF68BF647FD43E07E968BF67C8D33E16
:106C1000AE1269BF4811D33E323C69BF095AD23E19
:106C2000916569BFAAA2D13ECC8E69BF2AEBD03E46
:106C3000E4B769BF8A33D03ED7E069BFCA7BCF3E95
:106C4000A7096ABFEAC3CE3E52326ABFEA0BCE3E04
:106C5000D95A6ABFCA53CD3E3C836ABF8B9BCC3E98
:106C60007BAB6ABF2CE3CB3E95D36ABFAE2ACB3E4B
:106C70008CFB6ABF1072CA3E5E236BBF53B9C93E1C
:106C80000C4B6BBF7700C93E95726BBF7C47C83E0B
:106C9000FB996BBF628EC73E3BC16BBF29D5C63E19
:106CA00058E86BBFD21BC63E500F6CBF5C62C53E3E
:106CB00024366CBFC8A8C43ED45C6CBF15EFC33E7D
:106CC0005E836CBF4435C33EC5A96CBF557BC23ED5
:106CD00007D06CBF48C1C13E24F66CBF1E07C13E41
:106CE0001D1C6DBFD54CC03EF2416DBF6F92BF3EC3
:106CF000A1676DBFEBD7BE3E2D8D6DBF4A1DBE3E59
:106D000093B26DBF8B62BD3ED5D76DBFAFA7BC3E02
:106D1000F2FC6DBFB6ECBB3EEB216EBFA031BB3EBB
:106D2000BE466EBF6E76BA3E6D6B6EBF1EBBB93E81
:106D3000F88F6EBFB2FFB83E5DB46EBF2A44B83E56
:106D40009ED86EBF8488B73EBAFC6EBFC3CCB63E39
:106D5000B0206FBFE610B63E83446FBFEC54B53E23
:106D600030686FBFD698B43EB88B6FBFA5DCB33E1A
:106D70001BAF6FBF5820B33E5AD26FBFEF63B23E16
:106D800073F56FBF6BA7B13E671870BFCBEAB03E1B
:106D9000373B70BF102EB03EE15D70BF3A71AF3E21
:106DA000668070BF49B4AE3EC6A270BF3CF7AD3E30
:106DB00002C570BF153AAD3E17E770BFD47CAC3E3C
:106DC000080971BF77BFAB3ED42A71BF0102AB3E49
:106DD0007A4C71BF6F44AA3EFB6D71BFC486A93E59
:106DE000578F71BFFEC8A83E8EB071BF1F0BA83E63
:106DF0009FD171BF254DA73E8CF271BF128FA63E69
:106E0000521372BFE5D0A53EF43372BF9F12A53E68
:106E1000705472BF3F54A43EC77472BFC595A33E61
:106E2000F89472BF33D7A23E04B572BF8718A23E52
:106E3000EBD472BFC259A13EACF472BFE59AA03E3A
:106E4000471473BFEEDB9F3EBE3373BFDF1C9F3E14
:106E50000E5373BFB85D9E3E397273BF789E9D3EE0
:106E60003F9173BF20DF9C3E1FB073BFAF1F9C3E9E
:106E7000D9CE73BF27609B3E6EED73BF86A09A3E4E
:106E8000DD0B74BFCEE0993E272A74BFFE20993EE9
:106E90004B4874BF1661983E496674BF17A1973E70
:106EA000228474BF00E1963ED5A174BFD220963EE5
:106EB00062BF74BF8D60953EC9DC74BF31A0943E43
:106EC0000BFA74BFBFDF933E271775BF351F933E84
:106ED0001D3475BF945E923EED5075BFDD9D913EB1
:106EE000976D75BF10DD903E1C8A75BF2C1C903EBF
:106EF0007BA675BF325B8F3EB3C275BF229A8E3EB2
:106F0000C6DE75BFFCD88D3EB3FA75BFC0178D3E87
:106F10007A1676BF6E568C3E1B3276BF07958B3E37
:106F2000974D76BF8AD38A3EEC6876BFF8118A3EC9
:106F30001B8476BF5050893E249F76BF938E883E37
:106F400007BA76BFC1CC873EC4D476BFDA0A873E83
:106F50005BEF76BFDF48863ECC0977BFCE86853EA5
:106F6000172477BFAAC4843E3C3E77BF7002843E9C
:106F70003A5877BF2240833E137277BFC07D823E6E
:106F8000C58B77BF4ABB813E51A577BFC0F8803E15
:106F9000B7BE77BF2236803EF7D777BFE1E67E3EA9
:106FA00010F177BF56617D3E040A78BFA4DB7B3EBB
:106FB000D12278BFCB557A3E773B78BFCCCF783E95
:106FC000F85378BFA649773E526C78BF5AC3753ED6
:106FD000868478BFE83C743E939C78BF51B6723E7D
:106FE0007BB478BF942F713E3BCC78BFB2A86F3E84
:106FF000D6E378BFAB216E3E4AFB78BF7F9A6C3EEA
:10700000981279BF2F136B3EBF2979BFBA8B693EA7
:10701000C04079BF2204683E9A5779BF667C663EBD
:107020004E6E79BF86F4643EDC8479BF836C633E28
:10703000439B79BF5CE4613E83B179BF135C603EE2
:107040009DC779BFA8D35E3E91DD79BF1A4B5D3EE7
:107050005EF379BF6AC25B3E04097ABF97395A3E34
:10706000841E7ABFA4B0583EDD337ABF8F27573EC7
:1070700010497ABF589E553E1C5E7ABF0115543E9A
:1070800002737ABF898B523EC1877ABFF101513EAC
:10709000599C7ABF38784F3ECBB07ABF60EE4D3EF8
:1070A00016C57ABF67644C3E3AD97ABF4FDA4A3E7A
:1070B00037ED7ABF1850493E0E017BBFC2C5473E2F
:1070C000BE147BBF4D3B463E48287BBFB9B0443E13
:1070D000AB3B7BBF0726433EE74E7BBF379B413E22
:1070E000FC617BBF4910403EEA747BBF3E853E3E5B
:1070F000B2877BBF15FA3C3E539A7BBFCF6E3B3EB7
:10710000CDAC7BBF6CE3393E20BF7BBFEC57383E34
:107110004DD17BBF50CC363E53E37BBF9840353ECC
:1071200031F57BBFC4B4333EE9067CBFD428323E80
:107130007A187CBFC99C303EE5297CBFA2102F3E47
:10714000283B7CBF61842D3E444C7CBF04F82B3E21
:107150003A5D7CBF8D6B2A3E086E7CBFFCDE283E0C
:10716000B07E7CBF5152273E318F7CBF8CC5253EFF
:107170008A9F7CBFAD38243EBDAF7CBFB6AB223EFC
:10718000C9BF7CBFA51E213EAECF7CBF7B911F3EF9
:107190006CDF7CBF38041E3E03EF7CBFDE761C3EF6
:1071A00073FE7CBF6BE91A3EBC0D7DBFE05B193EF0
:1071B000DD1C7DBF3DCE173ED82B7DBF8340163EE4
:1071C000AC3A7DBFB2B2143E59497DBFCA24133ECA
:1071D000DE577DBFCC96113E3D667DBFB708103EA1
:1071E00074747DBF8B7A0E3E85827DBF4AEC0C3E67
:1071F0006E907DBFF35D0B3E309E7DBF86CF093E16
:10720000CCAB7DBF0541083E40B97DBF6EB2063EA6
:107210008CC67DBFC223053EB2D37DBF0295033E1F
:10722000B1E07DBF2E06023E88ED7DBF4577003E72
:1072300038FA7DBF92D0FD3DC2067EBF73B2FA3DE3
:1072400024137EBF2C94F73D5E1F7EBFC075F43DB6
:10725000722B7EBF2E57F13D5E377EBF7638EE3DF6
:1072600023437EBF9A19EB3DC14E7EBF9AFAE73D9C
:10727000385A7EBF76DBE43D88657EBF2EBCE13D9B
:10728000B0707EBFC49CDE3DB17B7EBF377DDB3DF1
:107290008B867EBF895DD83D3D917EBFB93DD53D92
:1072A000C99B7EBFC81DD23D2DA67EBFB7FDCE3D7A
:1072B00069B07EBF86DDCB3D7FBA7EBF36BDC83D9F
:1072C0006DC47EBFC69CC53D34CE7EBF397CC23DF9
:1072D000D4D77EBF8D5BBF3D4CE17EBFC33ABC3D82
:1072E0009DEA7EBFDD19B93DC7F37EBFDAF8B53D33
:1072F000C9FC7EBFBBD7B23DA4057FBF80B6AF3D02
:10730000580E7FBF2B95AC3DE4167FBFBA73A93DE5
:10731000491F7FBF3052A63D87277FBF8C30A33DDA
:107320009D2F7FBFCF0EA03D8D377FBFF9EC9C3DD9
:10733000543F7FBF0ACB993DF4467FBF05A9963DD8
:107340006D4E7FBFE786933DBF557FBFB464903DD0
:10735000E95C7FBF6A428D3DEC637FBF0A208A3DB6
:10736000C76A7FBF94FD863D7B717FBF0ADB833D8B
:1073700008787FBF6CB8803D6D7E7FBF742B7B3DEE
:10738000AB847FBFE9E5743DC28A7FBF38A06E3D04
:10739000B1907FBF625A683D78967FBF6814623DA6
:1073A000189C7FBF4CCE5B3D91A17FBF0E88553DA1
:1073B000E3A67FBFAF414F3D0DAC7FBF2FFB483DE4
:1073C0000FB17FBF91B4423DEAB57FBFD56D3C3D63
:1073D0009EBA7FBFFC26363D2ABF7FBF07E02F3D08
:1073E0008FC37FBFF698293DCCC77FBFCC51233DCB
:1073F000E2CB7FBF880A1D3DD1CF7FBF2CC3163D96
:1074000098D37FBFB87B103D37D77FBF2F340A3D5D
:10741000AFDA7FBF90EC033D00DE7FBFB949FB3C94
:1074200029E17FBF2DBAEE3C2BE47FBF7B2AE23CF3
:1074300005E77FBFA69AD53CB8E97FBFB00AC93C33
:1074400043EC7FBF9B7ABC3CA7EE7FBF69EAAF3CB1
:10745000E3F07FBF1C5AA33CF8F27FBFB6C9963C4D
:10746000E6F47FBF38398A3CACF67FBF4B517B3C9A
:107470004AF87FBF0030623CC1F97FBF900E493CA3
:1074800011FB7FBF02ED2F3C39FC7FBF59CB163C6F
:1074900039FD7FBF3053FB3B13FE7FBF890FC93BD4
:1074A000C4FE7FBFC1CB963B4EFF7FBFC70F493B9A
:1074B000B1FF7FBFD40FC93AECFF7FBF00000000CF
:1074C0000000803F900E493C11FB7F3FB00AC93C51
:1074D00043EC7F3F2CC3163D98D37F3F2FFB483DA5
:1074E0000FB17F3F742B7B3DAB847F3F05A9963D59
:1074F0006D4E7F3F80B6AF3D580E7F3F36BDC83DD5
:107500006DC47E3F2EBCE13DB0707E3F73B2FA3D4C
:1075100024137E3F86CF093ECCAB7D3F8340163E91
:10752000AC3A7D3FB6AB223EC9BF7C3FA2102F3E96
:10753000283B7C3FCF6E3B3ECDAC7B3FC2C5473E38
:10754000BE147B3F0115543E02737A3F135C603ECC
:107550009DC7793F7F9A6C3E9812793FCCCF783E99
:10756000F853783FC07D823EC58B773F938E883E2F
:1075700007BA763F229A8E3EC6DE753F31A0943E12
:107580000BFA743F86A09A3EDD0B743FE59AA03E4D
:107590004714733F128FA63E5213723FD47CAC3E09
:1075A0000809713FEF63B23E73F56F3F2A44B83E5E
:1075B0009ED86E3F4A1DBE3E93B26D3F15EFC33E4F
:1075C0005E836C3F53B9C93E0C4B6B3FCA7BCF3EC9
:1075D000A7096A3F4136D53E3CBF683F80E8DA3EA6
:1075E000D86B673F4F92E03E880F663F7533E63EAB
:1075F00059AA643FBBCBEB3E5A3C633FEA5AF13E8B
:1076000098C5613FCBE0F63E2146603F275DFC3EDA
:1076100005BE5E3FE4E7003F532D5D3F3D9C033FC9
:107620001A945B3F824B063F6AF2593F9BF5083F35
:107630005348583F6B9A0B3FE595563FDA390E3F5A
:1076400031DB543FCDD3103F4918533F2A68133FD5
:107650003D4D513FD9F6153F1F7A4F3FC07F183F30
:10766000029F4D3FC6021B3FF8BB4B3FD17F1D3FE2
:1076700012D1493FCBF61F3F65DE473F9967223F56
:1076800003E4453F25D2243F00E2433F5636273FDF
:1076900070D8413F1594293F67C73F3F4AEB2B3FC6
:1076A000F9AE3D3FDE3B2E3F3B8F3B3FBB85303F3E
:1076B0004268393FC9C8323F233A373FF304353F68
:1076C000F304353F233A373FC9C8323F4268393F58
:1076D000BB85303F3B8F3B3FDE3B2E3FF9AE3D3F0E
:1076E0004AEB2B3F67C73F3F1594293F70D8413F76
:1076F0005636273F00E2433F25D2243F03E4453F6F
:107700009967223F65DE473FCBF61F3F12D1493FC5
:10771000D17F1D3FF8BB4B3FC6021B3F029F4D3F31
:10772000C07F183F1F7A4F3FD9F6153F3D4D513F5F
:107730002A68133F4918533FCDD3103F31DB543FE4
:10774000DA390E3FE595563F6B9A0B3F5348583F49
:107750009BF5083F6AF2593F824B063F1A945B3F04
:107760003D9C033F532D5D3FE4E7003F05BE5E3F78
:10777000275DFC3E2146603FCBE0F63E98C5613F69
:10778000EA5AF13E5A3C633FBBCBEB3E59AA643FF9
:107790007533E63E880F663F4F92E03ED86B673FF9
:1077A00080E8DA3E3CBF683F4136D53EA7096A3FD4
:1077B000CA7BCF3E0C4B6B3F53B9C93E5E836C3FD7
:1077C00015EFC33E93B26D3F4A1DBE3E9ED86E3F3D
:1077D0002A44B83E73F56F3FEF63B23E0809713F2C
:1077E000D47CAC3E5213723F128FA63E4714733FB7
:1077F000E59AA03EDD0B743F86A09A3E0BFA743FDB
:1078000031A0943EC6DE753F229A8E3E07BA763F7F
:10781000938E883EC58B773FC07D823EF853783F7C
:10782000CCCF783E9812793F7F9A6C3E9DC7793FC6
:10783000135C603E02737A3F0115543EBE147B3FD9
:10784000C2C5473ECDAC7B3FCF6E3B3E283B7C3F25
:10785000A2102F3EC9BF7C3FB6AB223EAC3A7D3F63
:107860008340163ECCAB7D3F86CF093E24137E3F3E
:1078700073B2FA3DB0707E3F2EBCE13D6DC47E3FD9
:1078800036BDC83D580E7F3F80B6AF3D6D4E7F3F41
:1078900005A9963DAB847F3F742B7B3D0FB17F3FA5
:1078A0002FFB483D98D37F3F2CC3163D43EC7F3FD1
:1078B000B00AC93C11FB7F3F900E493C0000803F5D
:1078C0000000000011FB7F3F900E49BC43EC7F3F5E
:1078D000B00AC9BC98D37F3F2CC316BD0FB17F3F00
:1078E0002FFB48BDAB847F3F742B7BBD6D4E7F3F2C
:1078F00005A996BD580E7F3F80B6AFBD6DC47E3FD3
:1079000036BDC8BDB0707E3F2EBCE1BD24137E3FA6
:1079100073B2FABDCCAB7D3F86CF09BEAC3A7D3F9A
:10792000834016BEC9BF7C3FB6AB22BE283B7C3F1E
:10793000A2102FBECDAC7B3FCF6E3BBEBE147B3FB3
:10794000C2C547BE02737A3F011554BE9DC7793F39
:10795000135C60BE9812793F7F9A6CBEF853783FF3
:10796000CCCF78BEC58B773FC07D82BE07BA763F4D
:10797000938E88BEC6DE753F229A8EBE0BFA743F88
:1079800031A094BEDD0B743F86A09ABE4714733FAE
:10799000E59AA0BE5213723F128FA6BE0809713F2E
:1079A000D47CACBE73F56F3FEF63B2BE9ED86E3F22
:1079B0002A44B8BE93B26D3F4A1DBEBE5E836C3F83
:1079C00015EFC3BE0C4B6B3F53B9C9BEA7096A3F45
:1079D000CA7BCFBE3CBF683F4136D5BED86B673F40
:1079E00080E8DABE880F663F4F92E0BE59AA643F36
:1079F0007533E6BE5A3C633FBBCBEBBE98C5613FD7
:107A0000EA5AF1BE2146603FCBE0F6BE05BE5E3FBE
:107A1000275DFCBE532D5D3FE4E700BF1A945B3F3A
:107A20003D9C03BF6AF2593F824B06BF5348583F03
:107A30009BF508BFE595563F6B9A0BBF31DB543F72
:107A4000DA390EBF4918533FCDD310BF3D4D513FDA
:107A50002A6813BF1F7A4F3FD9F615BF029F4D3FCB
:107A6000C07F18BFF8BB4B3FC6021BBF12D1493FB6
:107A7000D17F1DBF65DE473FCBF61FBF03E4453F07
:107A8000996722BF00E2433F25D224BF70D8413F0F
:107A9000563627BF67C73F3F159429BFF9AE3D3F14
:107AA0004AEB2BBF3B8F3B3FDE3B2EBF4268393F4B
:107AB000BB8530BF233A373FC9C832BFF304353FD7
:107AC000F30435BFC9C8323F233A37BFBB85303FC7
:107AD000426839BFDE3B2E3F3B8F3BBF4AEB2B3F1B
:107AE000F9AE3DBF1594293F67C73FBF5636273FC4
:107AF00070D841BF25D2243F00E243BF9967223F9F
:107B000003E445BFCBF61F3F65DE47BFD17F1D3F76
:107B100012D149BFC6021B3FF8BB4BBFC07F183F05
:107B2000029F4DBFD9F6153F1F7A4FBF2A68133FFA
:107B30003D4D51BFCDD3103F491853BFDA390E3FE9
:107B400031DB54BF6B9A0B3FE59556BF9BF5083F61
:107B5000534858BF824B063F6AF259BF3D9C033FD2
:107B60001A945BBFE4E7003F532D5DBF275DFC3EE9
:107B700005BE5EBFCBE0F63E214660BFEA5AF13E4D
:107B800098C561BFBBCBEB3E5A3C63BF7533E63E45
:107B900059AA64BF4F92E03E880F66BF80E8DA3E84
:107BA000D86B67BF4136D53E3CBF68BFCA7BCF3E6E
:107BB000A7096ABF53B9C93E0C4B6BBF15EFC33E53
:107BC0005E836CBF4A1DBE3E93B26DBF2A44B83E71
:107BD0009ED86EBFEF63B23E73F56FBFD47CAC3EF0
:107BE000080971BF128FA63E521372BFE59AA03EDC
:107BF000471473BF86A09A3EDD0B74BF31A0943E3C
:107C00000BFA74BF229A8E3EC6DE75BF938E883EF5
:107C100007BA76BFC07D823EC58B77BFCCCF783E9A
:107C2000F85378BF7F9A6C3E981279BF135C603E20
:107C30009DC779BF0115543E02737ABFC2C5473E46
:107C4000BE147BBFCF6E3B3ECDAC7BBFA2102F3EA0
:107C5000283B7CBFB6AB223EC9BF7CBF8340163EEB
:107C6000AC3A7DBF86CF093ECCAB7DBF73B2FA3D47
:107C700024137EBF2EBCE13DB0707EBF36BDC83D33
:107C80006DC47EBF80B6AF3D580E7FBF05A9963D3F
:107C90006D4E7FBF742B7B3DAB847FBF2FFB483D78
:107CA0000FB17FBF2CC3163D98D37FBFB00AC93C2C
:107CB00043EC7FBF900E493C11FB7FBF00000000EA
:107CC0000000803F36BDC83D6DC47E3FC2C5473E03
:107CD000BE147B3F31A0943E0BFA743F15EFC33EB8
:107CE0005E836C3FEA5AF13E98C5613FDA390E3F38
:107CF00031DB543F9967223F03E4453FF304353FAE
:107D0000F304353F03E4453F9967223F31DB543F9D
:107D1000DA390E3F98C5613FEA5AF13E5E836C3F07
:107D200015EFC33E0BFA743F31A0943EBE147B3F67
:107D3000C2C5473E6DC47E3F36BDC83D0000803F92
:107D4000000000006DC47E3F36BDC8BDBE147B3F41
:107D5000C2C547BE0BFA743F31A094BE5E836C3F30
:107D600015EFC3BE98C5613FEA5AF1BE31DB543FFF
:107D7000DA390EBF03E4453F996722BFF304353F6C
:107D8000F30435BF9967223F03E445BFDA390E3F5C
:107D900031DB54BFEA5AF13E98C561BF15EFC33ECF
:107DA0005E836CBF31A0943E0BFA74BFC2C5473EE0
:107DB000BE147BBF36BDC83D6DC47EBFE07D0208EA
:107DC0000000002020000000C0990008007E02088A
:107DD00020000020D04E0000D099000800000000D4
:107DE000000000000101010101010000010000008C
:107DF000100000000024F40001000000000000005A
:040000050800018965
:00000001FF
